PRECIP (MM),EVAP (MM),TMAX (°C),TMIN (°C)
0.0,,,
0.0,,,
6.0,,,
30.0,,,
0.0,,,
0.0,,,
0.0,,,
0.0,,,
0.0,,,
7.0,,,
65.5,,,
32.5,,,
3.5,,,
0.0,,,
0.0,,,
0.0,,,
0.0,,,
0.0,,,
0.0,,,
0.0,,,
0.0,,,
0.0,,,
0.0,,,
0.0,,,
0.0,,,
0.0,,,
0.0,,,
0.0,,,
0.0,,,
0.0,,,
0.0,,,
0.0,,,
0.0,,,
0.0,,,
0.0,,,
0.0,,,
0.0,,,
0.0,,,
0.0,,,
0.0,,,
3.5,,,
0.0,,,
0.0,,,
0.0,,,
0.0,,,
0.0,,,
0.0,,,
0.0,,,
0.0,,,
0.0,,,
0.0,,,
0.0,,,
0.0,,,
0.0,,,
0.0,,,
0.0,,,
0.0,,,
0.0,,,
0.0,,,
0.0,,,
0.0,,,
0.0,,,
0.0,,,
0.0,,,
0.0,,,
0.0,,,
0.0,,,
0.0,,,
0.0,,,
0.0,,,
0.0,,,
0.0,,,
0.0,,,
0.0,,,
0.0,,,
0.0,,,
0.0,,,
0.0,,,
0.0,,,
0.0,,,
0.0,,,
0.0,,,
0.0,,,
0.0,,,
0.0,,,
0.0,,,
0.0,,,
0.0,,,
0.0,,,
0.0,,,
0.0,,,
0.0,,,
0.0,,,
0.0,,,
0.0,,,
0.0,,,
0.0,,,
0.0,,,
0.0,,,
0.0,,,
0.0,,,
0.0,,,
0.0,,,
0.0,,,
0.0,,,
0.0,,,
0.0,,,
0.0,,,
0.0,,,
0.0,,,
0.0,,,
0.0,,,
0.0,,,
0.0,,,
0.0,,,
0.0,,,
0.0,,,
0.0,,,
0.0,,,
0.0,,,
0.0,,,
0.0,,,
0.0,,,
0.0,,,
0.0,,,
0.0,,,
0.0,,,
0.0,,,
0.0,,,
0.0,,,
0.0,,,
0.0,,,
0.0,,,
0.0,,,
0.0,,,
0.0,,,
0.0,,,
0.0,,,
0.0,,,
0.0,,,
0.0,,,
0.0,,,
0.0,,,
0.0,,,
0.0,,,
0.0,,,
0.0,,,
0.0,,,
0.0,,,
0.0,,,
0.0,,,
0.0,,,
0.0,,,
0.0,,,
0.0,,,
0.0,,,
0.0,,,
0.0,,,
0.0,,,
0.0,,,
0.0,,,
0.0,,,
0.0,,,
0.0,,,
0.0,,,
0.0,,,
0.0,,,
0.0,,,
0.0,,,
0.0,,,
0.0,,,
0.0,,,
0.0,,,
0.0,,,
0.0,,,
0.0,,,
0.0,,,
0.0,,,
1.0,,,
0.0,,,
0.0,,,
2.0,,,
0.0,,,
0.0,,,
0.0,,,
1.0,,,
0.0,,,
20.0,,,
0.0,,,
0.0,,,
0.0,,,
0.0,,,
0.0,,,
4.5,,,
0.0,,,
7.0,,,
10.5,,,
3.5,,,
20.0,,,
37.0,,,
59.0,,,
0.0,,,
0.0,,,
0.0,,,
28.0,,,
1.5,,,
0.0,,,
1.5,,,
0.0,,,
0.0,,,
31.5,,,
31.5,,,
0.0,,,
1.0,,,
0.0,,,
4.0,,,
0.0,,,
80.0,,,
4.5,,,
0.0,,,
6.5,,,
3.0,,,
13.5,,,
0.0,,,
0.0,,,
0.0,,,
11.0,,,
21.0,,,
0.0,,,
0.0,,,
0.0,,,
0.0,,,
15.0,,,
0.0,,,
0.0,,,
6.5,,,
0.0,,,
22.5,,,
0.0,,,
0.0,,,
0.0,,,
0.0,,,
0.0,,,
56.0,,,
53.0,,,
11.0,,,
46.0,,,
0.0,,,
20.0,,,
0.0,,,
0.0,,,
0.0,,,
0.0,,,
0.0,,,
0.0,,,
0.0,,,
0.0,,,
0.0,,,
0.0,,,
0.0,,,
0.0,,,
0.0,,,
0.0,,,
0.0,,,
0.0,,,
13.5,,,
0.0,,,
0.0,,,
0.0,,,
0.0,,,
0.0,,,
0.0,,,
0.0,,,
0.0,,,
0.0,,,
0.0,,,
0.0,,,
9.0,,,
20.0,,,
0.0,,,
0.0,,,
0.0,,,
0.0,,,
0.0,,,
0.0,,,
0.0,,,
0.0,,,
0.0,,,
0.0,,,
0.0,,,
26.0,,,
40.0,,,
0.0,,,
0.0,,,
0.0,,,
0.0,,,
0.0,,,
1.0,,,
0.0,,,
0.0,,,
0.0,,,
0.0,,,
0.0,,,
0.0,,,
0.0,,,
0.0,,,
0.0,,,
20.0,,,
0.0,,,
0.0,,,
26.0,,,
5.0,,,
0.0,,,
0.0,,,
0.0,,,
0.0,,,
0.0,,,
0.0,,,
0.0,,,
0.0,,,
0.0,,,
0.0,,,
0.0,,,
0.0,,,
0.0,,,
0.0,,,
0.0,,,
12.0,,,
12.5,,,
1.5,,,
0.0,5.452487078540986,34.0,9.0
0.0,3.4010430118256334,29.0,10.0
0.0,3.7983215758140068,31.0,7.0
0.0,3.0546987286577,30.0,12.0
0.0,3.128750000000001,24.0,13.0
0.0,1.561714285714286,24.0,15.0
0.0,3.0253364135864125,29.0,2.0
0.0,3.5775136337896316,32.0,6.0
0.0,2.513876587301588,24.0,4.0
0.0,2.901285064935063,32.0,2.0
0.0,4.986500000000007,35.0,1.0
0.0,4.427607540494422,34.0,5.0
0.0,2.901285064935063,32.0,2.0
0.0,5.2840141413520225,35.0,7.0
0.0,5.055095361344786,34.0,12.0
0.0,6.111302689728535,36.0,10.0
4.0,1.9468571428571426,27.0,14.0
14.0,2.0410000000000004,23.0,15.0
25.0,2.551,24.0,17.0
89.0,3.4850000000000017,23.0,8.0
0.0,3.5014166666666635,28.0,17.0
14.0,2.7159999999999975,28.0,12.0
29.0,2.618999999999998,18.0,12.0
0.0,1.5164999999999993,25.0,12.0
0.0,3.575943312466911,30.0,11.0
0.0,3.579493289352214,31.0,9.0
0.0,3.1055287091887247,30.0,9.0
0.0,3.4766245999123466,29.0,9.0
0.0,3.052502654536608,31.0,10.0
0.0,3.4766245999123466,29.0,9.0
0.0,4.933216811298396,34.0,11.0
0.0,4.039758847310535,32.0,8.0
0.0,3.1224674722250585,32.0,12.0
0.0,3.118338699042645,30.0,10.0
0.0,2.5633952380952376,25.0,10.0
0.0,2.957750288600291,24.0,5.0
0.0,3.2829531934960166,29.0,4.0
0.0,2.4753773809523825,26.0,3.0
0.0,3.5728595485611736,29.0,5.0
0.0,4.1647732738034575,33.0,8.0
0.0,5.228830415417916,36.0,6.0
0.0,4.426987121212122,35.0,5.0
0.0,4.775033547008548,38.0,8.0
0.0,5.228830415417916,36.0,6.0
0.0,4.05159278452484,32.0,9.0
0.0,5.482939304402774,34.0,10.0
0.0,4.060248048205252,33.0,9.0
0.0,3.7983215758140068,31.0,7.0
0.0,4.039758847310535,32.0,8.0
0.0,6.111302689728535,36.0,10.0
0.0,4.05159278452484,32.0,9.0
0.0,3.9442007243349284,32.0,5.0
0.0,3.837033333333332,32.0,4.0
0.0,5.421590404792146,36.0,7.0
0.0,5.435956655280291,35.0,9.0
0.0,7.161075396825397,39.0,9.0
0.0,7.161075396825397,39.0,9.0
0.0,3.9319333333333315,35.0,4.0
0.0,5.300649818563791,36.0,8.0
0.0,6.1758265873015805,38.0,7.0
0.0,6.145232564002319,36.0,9.0
0.0,3.8370434569561285,33.0,7.0
0.0,5.228830415417916,36.0,6.0
0.0,4.160419930601922,35.0,8.0
0.0,4.060248048205252,33.0,9.0
0.0,5.300649818563791,36.0,8.0
0.0,7.607428571428574,39.0,8.0
0.0,7.4077041114986795,38.0,10.0
0.0,7.923768001443006,39.0,10.0
0.0,6.7754789248220595,37.0,14.0
0.0,7.7998361043396445,38.0,11.0
0.0,6.708454185123205,36.0,13.0
0.0,4.160419930601922,35.0,8.0
0.0,9.040851368076373,39.0,11.0
0.0,2.7568088189588194,30.0,13.0
0.0,3.5775136337896316,32.0,6.0
0.0,5.421590404792146,36.0,7.0
0.0,8.451242882057743,39.0,12.0
0.0,4.933216811298396,34.0,11.0
0.0,6.3503926073926085,38.0,9.0
0.0,8.274000877629584,38.0,12.0
0.0,5.298161344781885,34.0,13.0
0.0,3.2003658863299838,30.0,8.0
0.0,4.3739142135642135,32.0,15.0
0.0,3.1224674722250585,32.0,12.0
0.0,5.495071725763821,35.0,11.0
0.0,4.871263793931407,33.0,10.0
0.0,4.9615926561901365,34.0,14.0
0.0,4.797097580614331,35.0,12.0
0.0,3.579493289352214,31.0,9.0
0.0,3.2003658863299838,30.0,8.0
0.0,3.8370434569561285,33.0,7.0
13.0,3.1797847081202777,32.0,9.0
3.0,2.604565079365078,25.0,6.0
0.0,3.4766245999123466,29.0,9.0
0.0,3.118338699042645,30.0,10.0
0.0,5.418306441239183,35.0,15.0
0.0,8.274000877629584,38.0,12.0
0.0,4.314197363715256,33.0,12.0
0.0,6.145232564002319,36.0,9.0
0.0,5.435956655280291,35.0,9.0
0.0,8.274000877629584,38.0,12.0
0.0,3.19850476698604,31.0,12.0
0.0,6.981015059945424,37.0,15.0
0.0,7.304537949574011,37.0,12.0
2.0,7.732596627714389,39.0,17.0
0.0,7.406279126429129,38.0,17.0
0.0,8.620519811270752,38.0,19.0
0.0,9.787675367036234,40.0,15.0
0.0,9.186104632363753,39.0,16.0
0.0,9.223508333333328,41.0,19.0
0.0,9.223508333333328,41.0,19.0
0.0,9.792431564513919,40.0,13.0
0.0,6.179343186329533,36.0,12.0
0.0,9.186104632363753,39.0,16.0
0.0,9.792431564513919,40.0,13.0
0.0,9.223508333333328,41.0,19.0
0.0,8.774291508165035,39.0,14.0
0.0,6.179343186329533,36.0,12.0
0.0,10.611103643578645,41.0,15.0
0.0,9.792431564513919,40.0,13.0
0.0,9.787675367036234,40.0,15.0
0.0,8.641771345182427,39.0,15.0
0.0,8.451242882057743,39.0,12.0
0.0,9.202687186764308,39.0,17.0
0.0,6.7754789248220595,37.0,14.0
0.0,10.611103643578645,41.0,15.0
0.0,9.580666558441557,42.0,17.0
0.0,8.74196533980725,39.0,19.0
0.0,9.979600747601323,40.0,18.0
0.0,9.795374306249306,41.0,20.0
0.0,9.622376651453123,41.0,17.0
0.0,9.998751998001996,40.0,20.0
0.0,10.483039646464652,41.0,18.0
0.0,9.792431564513919,40.0,13.0
0.0,9.787675367036234,40.0,15.0
0.0,8.641771345182427,39.0,15.0
0.0,8.620519811270752,38.0,19.0
0.0,9.867659007659011,41.0,23.0
0.0,9.202687186764308,39.0,17.0
0.0,9.507414285714281,42.0,15.0
0.0,10.359649999999997,43.0,18.0
0.0,9.479555154176266,40.0,25.0
0.0,8.620519811270752,38.0,19.0
0.0,10.322135790516672,40.0,19.0
0.0,10.583299999999992,42.0,18.0
0.0,7.7864374831290375,40.0,21.0
0.0,10.851707539682543,42.0,19.0
0.0,9.433783333333341,42.0,20.0
0.0,8.150174603174603,41.0,21.0
0.0,9.463141297866219,40.0,23.0
0.0,9.626043284493282,41.0,16.0
0.0,9.442647509293563,39.0,18.0
0.0,9.463141297866219,40.0,23.0
0.0,9.797480457042962,41.0,25.0
0.0,9.854400000000014,42.0,21.0
0.0,9.391670368603705,40.0,22.0
0.0,9.854400000000014,42.0,21.0
0.0,9.795374306249306,41.0,20.0
0.0,9.998751998001996,40.0,20.0
0.0,9.348104287765898,39.0,21.0
0.0,9.797480457042962,41.0,25.0
0.0,6.616128484930962,37.0,20.0
0.0,5.13271526765551,36.0,19.0
4.2,8.089706709956715,39.0,25.0
0.2,6.698510645974202,37.0,22.0
0.0,4.875732354397967,35.0,23.0
16.2,7.7909999999999995,40.0,25.0
0.0,8.74196533980725,39.0,19.0
0.0,9.463141297866219,40.0,23.0
0.0,9.797480457042962,41.0,25.0
0.0,9.697846121933617,40.0,26.0
0.0,9.463141297866219,40.0,23.0
0.0,9.463141297866219,40.0,23.0
0.0,9.391670368603705,40.0,22.0
0.0,9.19455886570445,39.0,25.0
27.0,10.189499999999995,41.0,22.0
3.0,7.729765395085206,38.0,21.0
0.0,5.953031992849211,37.0,23.0
5.5,6.9530000000000065,40.0,25.0
14.5,6.985999999999998,40.0,23.0
0.0,7.641604956154957,38.0,22.0
38.5,7.581999999999994,36.0,22.0
0.0,9.320194721582649,39.0,20.0
12.0,7.232385288587128,38.0,21.0
10.0,7.857999999999992,35.0,23.0
4.0,3.9785119047619,34.0,22.0
28.5,5.018999999999995,35.0,20.0
11.0,6.776299052429055,39.0,20.0
0.0,7.852693675988747,38.0,21.0
2.2,4.452816666666662,33.0,22.0
5.5,4.902,36.0,22.0
0.0,5.844850058219545,36.0,24.0
0.0,9.463141297866219,40.0,23.0
0.0,8.648882389602463,39.0,24.0
0.0,9.463141297866219,40.0,23.0
12.2,7.232385288587128,38.0,21.0
0.0,5.694139861948023,36.0,22.0
4.5,5.920265890698904,38.0,23.0
37.5,5.982,33.0,23.0
71.5,5.326999999999995,32.0,21.0
3.5,3.9653002864539557,34.0,20.0
4.0,6.6957,37.0,23.0
0.0,4.875732354397967,35.0,23.0
40.5,8.919999999999991,36.0,22.0
0.0,3.846233484842383,33.0,23.0
0.0,3.846233484842383,33.0,23.0
0.0,6.698510645974202,37.0,22.0
74.5,5.799999999999999,33.0,23.0
0.0,9.510358333333334,41.0,22.0
0.0,9.391670368603705,40.0,22.0
0.0,6.159893565838189,37.0,25.0
60.0,8.691000000000003,35.0,23.0
1.0,3.8343630952380967,34.0,22.0
10.5,4.633166666666671,33.0,24.0
0.0,5.2083164086106395,36.0,23.0
0.0,3.81701079835384,33.0,22.0
21.0,7.025306349206346,38.0,22.0
0.0,5.098277522789198,35.0,22.0
0.0,9.080873516796588,38.0,20.0
0.0,9.388586281496362,39.0,22.0
51.5,9.261999999999999,38.0,23.0
0.0,7.7864374831290375,40.0,21.0
0.0,8.648882389602463,39.0,24.0
0.0,7.120714285714286,39.0,26.0
0.0,6.825145113200474,37.0,24.0
0.0,5.953031992849211,37.0,23.0
1.0,7.716660131927309,38.0,21.0
2.0,4.748533333333336,36.0,24.0
0.0,7.641604956154957,38.0,22.0
0.0,4.755155011435458,35.0,21.0
9.5,7.805766666666667,39.0,21.0
0.0,4.875732354397967,35.0,23.0
2.5,4.245614285714287,35.0,25.0
0.0,6.159893565838189,37.0,25.0
6.5,6.818750000000001,39.0,26.0
0.0,7.641604956154957,38.0,22.0
45.0,8.609999999999994,39.0,25.0
0.5,8.649964521372361,40.0,24.0
0.0,3.2474423659673666,33.0,25.0
0.0,5.0088366584839505,35.0,24.0
9.2,6.431999999999992,38.0,24.0
0.0,6.159893565838189,37.0,25.0
0.0,7.641604956154957,38.0,22.0
38.0,5.197999999999994,35.0,22.0
23.0,3.632000000000005,33.0,22.0
2.0,3.7920499999999997,34.0,22.0
0.0,6.299592803321601,38.0,23.0
27.0,6.912999999999993,37.0,23.0
17.0,6.149799999999999,35.0,22.0
0.0,6.299592803321601,38.0,23.0
0.0,9.19455886570445,39.0,25.0
37.5,5.464999999999995,35.0,24.0
0.0,4.291658208050968,34.0,23.0
0.0,7.852693675988747,38.0,21.0
0.0,9.388586281496362,39.0,22.0
0.0,7.275657328480174,38.0,25.0
0.0,9.388586281496362,39.0,22.0
0.0,8.29400073566416,39.0,23.0
0.0,6.299592803321601,38.0,23.0
0.0,8.29400073566416,39.0,23.0
0.0,9.611143676986924,40.0,24.0
0.0,7.275657328480174,38.0,25.0
0.0,9.391670368603705,40.0,22.0
2.0,3.944430158730158,34.0,24.0
0.0,9.388586281496362,39.0,22.0
0.0,6.698510645974202,37.0,22.0
0.0,2.0,38.0,23.0
0.5,4.942466666666666,36.0,23.0
1.0,7.207177278277278,38.0,22.0
0.0,6.825145113200474,37.0,24.0
0.0,7.053357913867189,38.0,24.0
0.1,4.875732354397967,35.0,23.0
0.0,7.852693675988747,38.0,21.0
7.0,5.702539005487187,36.0,21.0
0.0,5.098277522789198,35.0,22.0
0.0,2.270047619047622,30.0,20.0
28.5,3.7753999999999985,31.0,20.0
0.0,6.616128484930962,37.0,20.0
0.0,9.388586281496362,39.0,22.0
12.5,3.150733333333335,32.0,23.0
12.3,2.934799999999998,25.0,19.0
0.0,4.15634009869439,35.0,18.0
0.0,4.3663661664845,34.0,18.0
0.0,7.453452981787733,36.0,17.0
0.0,8.352323100244485,38.0,18.0
0.0,6.616128484930962,37.0,20.0
0.0,8.74196533980725,39.0,19.0
0.0,7.275657328480174,38.0,25.0
0.0,6.981015059945424,37.0,15.0
0.0,6.238801082200549,36.0,15.0
0.0,4.15634009869439,35.0,18.0
0.0,7.4273382556871335,37.0,18.0
0.0,8.620519811270752,38.0,19.0
0.0,9.320194721582649,39.0,20.0
0.0,6.498882209663804,37.0,21.0
0.0,7.096639189469801,37.0,17.0
0.0,7.909863045704437,38.0,15.0
0.0,7.576795900096636,38.0,14.0
0.0,7.576795900096636,38.0,14.0
7.3,4.093563258690203,35.0,17.0
22.0,5.495999999999999,34.0,20.0
0.0,3.5765613997113985,29.0,18.0
0.0,4.119345221121135,34.0,20.0
2.0,1.4406666666666665,24.0,20.0
0.0,3.575943312466911,30.0,11.0
0.0,5.452487078540986,34.0,9.0
0.0,3.1224674722250585,32.0,12.0
0.0,4.991196975942874,35.0,19.0
2.0,2.477249126381433,31.0,12.0
5.0,2.4964666666666666,31.0,19.0
0.0,4.345899999999999,28.0,20.0
0.0,4.314197363715256,33.0,12.0
0.0,5.418306441239183,35.0,15.0
0.0,6.708454185123205,36.0,13.0
0.0,4.3739142135642135,32.0,15.0
0.0,4.058384451659452,31.0,15.0
0.0,3.945287839937841,28.0,14.0
0.0,3.377277469091899,31.0,6.0
0.0,3.8370434569561285,33.0,7.0
0.0,2.7987842216349175,29.0,12.0
0.0,3.8151315480142483,31.0,14.0
0.0,4.110465476190476,29.0,14.0
0.0,5.298161344781885,34.0,13.0
0.0,3.19850476698604,31.0,12.0
0.0,3.2503070321692786,31.0,11.0
0.0,3.0851060049171455,28.0,8.0
0.0,5.292681011010129,34.0,7.0
0.0,3.579493289352214,31.0,9.0
0.0,7.4077041114986795,38.0,10.0
0.0,6.579971188452072,37.0,9.0
0.0,4.05159278452484,32.0,9.0
0.0,3.575943312466911,30.0,11.0
0.0,4.060248048205252,33.0,9.0
0.0,5.321904447693234,35.0,10.0
0.0,3.579493289352214,31.0,9.0
0.0,4.1647732738034575,33.0,8.0
0.0,4.1647732738034575,33.0,8.0
0.0,4.018558786354195,32.0,10.0
0.0,3.7983215758140068,31.0,7.0
8.5,2.370983532992113,30.0,7.0
0.0,1.9533333333333334,21.0,14.0
0.0,2.4965000000000015,25.0,16.0
3.0,1.675,26.0,13.0
0.0,3.0468611111111117,28.0,13.0
0.0,2.8313985708735703,27.0,11.0
0.0,1.5164999999999993,25.0,12.0
1.0,1.353916666666666,27.0,11.0
1.0,1.9610833333333333,26.0,10.0
0.0,3.4766245999123466,29.0,9.0
0.0,4.185902380952381,29.0,15.0
0.0,4.458969047619046,30.0,17.0
0.0,3.377277469091899,31.0,6.0
0.0,3.9442007243349284,32.0,5.0
0.0,3.5078471907993958,33.0,5.0
0.0,3.6099705459043383,29.0,7.0
0.0,2.7568088189588194,30.0,13.0
0.0,3.8151315480142483,31.0,14.0
1.0,3.8538438934079404,33.0,10.0
0.0,3.6099705459043383,29.0,7.0
0.0,4.27589186469114,32.0,11.0
0.0,3.19850476698604,31.0,12.0
0.0,2.9912577416048016,29.0,11.0
0.0,3.118338699042645,30.0,10.0
0.0,4.27589186469114,32.0,11.0
0.0,4.871263793931407,33.0,10.0
0.0,3.4766245999123466,29.0,9.0
0.0,4.363544705982574,30.0,5.0
0.0,3.327484581094781,30.0,7.0
0.0,3.040629466577289,30.0,6.0
0.0,3.4974878352856305,31.0,3.0
0.0,3.9442007243349284,32.0,5.0
0.0,4.003196743534245,31.0,4.0
0.0,3.9442007243349284,32.0,5.0
0.0,3.040629466577289,30.0,6.0
0.0,3.299629437229437,26.0,6.0
0.0,3.7412818181818235,27.0,2.0
0.0,2.9772577256077266,30.0,3.0
0.0,3.327484581094781,30.0,7.0
0.0,3.2003658863299838,30.0,8.0
0.0,3.7873727439227425,33.0,4.0
0.0,4.1647732738034575,33.0,8.0
0.0,3.775915530915238,32.0,7.0
0.0,3.5728595485611736,29.0,5.0
0.0,3.5775136337896316,32.0,6.0
0.0,3.2801113840306555,29.0,8.0
0.0,5.292681011010129,34.0,7.0
0.0,3.5078471907993958,33.0,5.0
16.5,2.0220000000000002,25.0,14.0
2.0,1.2441666666666678,22.0,13.0
0.0,3.5728595485611736,29.0,5.0
0.0,4.060248048205252,33.0,9.0
0.0,3.9442007243349284,32.0,5.0
2.0,3.8674967956060367,33.0,9.0
4.0,1.4382999999999995,25.0,11.0
0.0,1.5164999999999993,25.0,12.0
0.0,3.1055287091887247,30.0,9.0
0.0,4.05159278452484,32.0,9.0
0.0,3.052502654536608,31.0,10.0
0.0,3.1055287091887247,30.0,9.0
0.0,5.321904447693234,35.0,10.0
0.0,4.846008488288955,33.0,11.0
0.0,3.19850476698604,31.0,12.0
0.0,4.933216811298396,34.0,11.0
0.0,5.321904447693234,35.0,10.0
0.0,4.933216811298396,34.0,11.0
0.0,6.111302689728535,36.0,10.0
0.0,4.314197363715256,33.0,12.0
0.0,3.0546987286577,30.0,12.0
0.0,4.058384451659452,31.0,15.0
0.0,5.321904447693234,35.0,10.0
0.0,4.018558786354195,32.0,10.0
0.0,3.575943312466911,30.0,11.0
0.0,6.111302689728535,36.0,10.0
0.0,5.228830415417916,36.0,6.0
0.0,3.775915530915238,32.0,7.0
0.0,3.52657730025603,31.0,8.0
1.0,1.0740000000000005,21.0,12.0
0.0,3.5728595485611736,29.0,5.0
0.0,3.377277469091899,31.0,6.0
0.0,3.775915530915238,32.0,7.0
0.0,3.52657730025603,31.0,8.0
0.0,3.040629466577289,30.0,6.0
0.0,3.5775136337896316,32.0,6.0
0.0,3.327484581094781,30.0,7.0
0.0,4.039758847310535,32.0,8.0
0.0,3.579493289352214,31.0,9.0
0.0,5.482939304402774,34.0,10.0
0.0,4.039758847310535,32.0,8.0
0.0,5.482939304402774,34.0,10.0
0.0,7.304537949574011,37.0,12.0
0.0,5.122413953366894,33.5,12.0
0.0,2.10945,24.5,10.5
0.0,3.052502654536608,31.0,10.0
0.0,4.018558786354195,32.0,10.0
0.0,3.7352940476190457,31.5,4.0
0.0,3.333222971472972,30.0,5.5
0.0,3.4406789321789306,30.0,4.0
0.0,3.279014460539461,32.0,4.5
0.0,5.435956655280291,35.0,9.0
0.0,4.846008488288955,33.0,11.0
0.0,4.314197363715256,33.0,12.0
0.0,4.363544705982574,30.0,5.0
0.0,4.3739142135642135,32.0,15.0
0.0,3.2503070321692786,31.0,11.0
0.0,3.775915530915238,32.0,7.0
0.0,3.655281716231824,33.0,6.0
0.0,3.8370434569561285,33.0,7.0
0.0,3.052502654536608,31.0,10.0
0.0,6.3503926073926085,38.0,9.0
0.0,5.140897692585195,37.0,7.0
0.0,6.145437994250119,36.0,11.0
0.0,6.946015291816089,37.0,10.0
0.0,4.670146039375533,35.0,13.0
0.0,5.321904447693234,35.0,10.0
0.0,6.152967971802493,37.0,11.0
0.0,6.145232564002319,36.0,9.0
0.0,5.321904447693234,35.0,10.0
0.0,6.7754789248220595,37.0,14.0
0.0,8.200246125116712,35.5,13.0
0.0,6.989811111111112,38.0,9.5
0.0,4.933216811298396,34.0,11.0
0.0,7.7998361043396445,38.0,11.0
0.0,6.179343186329533,36.0,12.0
0.0,7.4077041114986795,38.0,10.0
0.0,7.4077041114986795,38.0,10.0
0.0,9.01460218392719,40.0,12.0
0.0,9.081466993300818,41.0,12.0
0.0,9.251313980463982,40.0,16.0
0.0,8.199156746031749,41.0,13.0
0.0,9.507414285714281,42.0,15.0
0.0,9.626043284493282,41.0,16.0
0.0,9.626043284493282,41.0,16.0
0.0,10.020157142857132,42.0,16.0
0.0,7.7864374831290375,40.0,21.0
0.0,10.322135790516672,40.0,19.0
0.0,10.483039646464652,41.0,18.0
0.0,9.979600747601323,40.0,18.0
0.0,9.223508333333328,41.0,19.0
0.0,8.641771345182427,39.0,15.0
0.0,5.436975325499805,35.0,14.0
0.0,5.055095361344786,34.0,12.0
0.0,9.01460218392719,40.0,12.0
0.0,5.13271526765551,36.0,19.0
0.0,8.451242882057743,39.0,12.0
0.0,8.74196533980725,39.0,19.0
0.0,6.981015059945424,37.0,15.0
0.0,9.251313980463982,40.0,16.0
0.0,9.223508333333328,41.0,19.0
0.0,8.620519811270752,38.0,19.0
0.0,8.676143020868022,40.0,14.0
0.0,10.583299999999992,42.0,18.0
0.0,10.322135790516672,40.0,19.0
0.0,9.787675367036234,40.0,15.0
0.0,9.172776301400699,40.0,17.0
0.0,7.406279126429129,38.0,17.0
0.0,9.442647509293563,39.0,18.0
0.0,7.6574636469657715,37.0,16.0
0.0,4.350144859063591,35.0,16.0
0.0,5.157584842848192,35.0,17.0
0.0,7.576795900096636,38.0,14.0
0.0,8.068545238095234,38.5,17.0
0.0,9.209109722222225,40.0,15.5
0.0,9.251313980463982,40.0,16.0
0.0,10.483039646464652,41.0,18.0
0.0,9.663233333333341,41.5,17.5
0.0,10.583299999999992,42.0,18.0
0.0,10.322135790516672,40.0,19.0
0.0,10.611103643578645,41.0,15.0
0.0,9.580666558441557,42.0,17.0
0.0,9.622376651453123,41.0,17.0
0.0,9.433783333333341,42.0,20.0
0.0,8.60013315170811,38.0,16.0
0.0,8.676143020868022,40.0,14.0
0.0,10.322135790516672,40.0,19.0
0.0,8.620519811270752,38.0,19.0
0.0,8.352323100244485,38.0,18.0
0.0,9.320194721582649,39.0,20.0
0.0,9.979600747601323,40.0,18.0
0.0,8.74196533980725,39.0,19.0
0.0,8.352323100244485,38.0,18.0
0.0,9.172776301400699,40.0,17.0
0.0,8.74196533980725,39.0,19.0
0.0,9.979600747601323,40.0,18.0
0.0,9.998751998001996,40.0,20.0
0.0,9.442647509293563,39.0,18.0
0.0,9.998751998001996,40.0,20.0
0.0,10.583299999999992,42.0,18.0
0.0,8.74196533980725,39.0,19.0
0.0,9.510358333333334,41.0,22.0
0.0,9.731463988788988,42.0,23.0
0.0,8.620519811270752,38.0,19.0
0.0,9.391670368603705,40.0,22.0
0.0,8.620519811270752,38.0,19.0
0.0,10.801002242202241,42.0,25.0
0.0,10.346878571428574,41.0,26.0
0.0,9.891766666666667,41.0,26.5
0.0,9.918627697302698,40.5,26.0
0.0,9.19455886570445,39.0,25.0
7.0,6.579393939393939,40.5,19.0
0.0,6.825145113200474,37.0,24.0
6.5,3.6943495559995547,34.0,19.0
32.0,5.693999999999999,32.0,21.0
9.0,4.880000000000003,34.0,22.0
9.0,5.703000000000002,37.0,23.0
0.0,5.2083164086106395,36.0,23.0
9.5,7.254385288587128,38.0,21.0
0.0,4.875732354397967,35.0,23.0
2.5,7.479684612925274,39.0,23.0
0.0,6.299592803321601,38.0,23.0
0.0,5.2083164086106395,36.0,23.0
0.0,9.19455886570445,39.0,25.0
19.0,4.7490000000000006,37.0,23.0
0.0,9.611143676986924,40.0,24.0
0.0,6.299592803321601,38.0,23.0
0.0,5.2083164086106395,36.0,23.0
2.5,7.479684612925274,39.0,23.0
0.0,7.053357913867189,38.0,24.0
0.0,9.611143676986924,40.0,24.0
0.0,7.852693675988747,38.0,21.0
0.0,9.510358333333334,41.0,22.0
62.0,7.3849999999999945,40.0,22.0
1.0,3.461504243927651,32.0,22.0
5.0,5.916999999999993,38.0,25.0
0.0,4.875732354397967,35.0,23.0
19.0,8.325999999999999,40.0,25.0
0.0,6.698510645974202,37.0,22.0
23.0,6.8069999999999995,37.0,24.0
0.0,4.973794627622233,35.0,25.0
9.0,4.855000000000004,34.0,25.0
3.5,4.6785666666666685,35.0,22.0
0.0,5.694139861948023,36.0,22.0
0.0,7.053357913867189,38.0,24.0
0.0,9.19455886570445,39.0,25.0
35.0,10.577000000000007,40.0,23.0
0.0,4.611146783493878,34.0,22.0
25.0,6.621999999999993,37.0,23.0
0.0,5.694139861948023,36.0,22.0
0.0,7.275657328480174,38.0,25.0
0.0,4.416783322943347,34.0,24.0
0.0,7.275657328480174,38.0,25.0
0.0,7.053357913867189,38.0,24.0
3.5,7.785767946258607,39.0,23.0
25.5,6.8339999999999925,37.0,23.0
1.0,4.904069696969703,37.0,22.0
0.0,9.388586281496362,39.0,22.0
0.0,7.502148972548777,37.0,26.0
3.5,5.254333333333335,37.0,25.0
0.0,8.29400073566416,39.0,23.0
0.0,7.053357913867189,38.0,24.0
0.0,8.648882389602463,39.0,24.0
5.5,4.913999999999996,34.0,21.0
20.5,6.704999999999997,37.0,24.0
0.0,5.694139861948023,36.0,22.0
20.0,6.4838636517765,38.0,23.0
0.0,7.053357913867189,38.0,24.0
0.0,5.694139861948023,36.0,22.0
3.5,3.032721428571429,35.0,24.0
4.0,5.041366666666665,35.0,23.0
0.0,4.875732354397967,35.0,23.0
41.0,9.05199999999999,36.0,23.0
5.0,7.667846636650654,38.0,21.0
5.0,5.9269325573655705,38.0,23.0
0.0,5.2083164086106395,36.0,23.0
0.0,7.681373751545151,38.0,26.0
0.0,7.641604956154957,38.0,22.0
0.0,8.648882389602463,39.0,24.0
20.0,6.6928333333333345,38.0,25.0
0.0,5.953031992849211,37.0,23.0
21.0,8.404000000000002,39.0,24.0
4.5,2.3557500000000027,31.0,23.0
0.0,6.299592803321601,38.0,23.0
0.0,4.403228319904399,34.0,25.0
42.0,4.836999999999996,31.0,25.0
24.0,3.9020000000000015,31.0,22.0
0.0,5.694139861948023,36.0,22.0
0.0,4.853148189291241,34.0,21.0
4.5,5.149042857142855,32.0,23.0
0.0,4.611146783493878,34.0,22.0
15.0,3.7392166666666693,33.0,23.0
0.0,4.291658208050968,34.0,23.0
0.0,5.0088366584839505,35.0,24.0
0.0,7.275657328480174,38.0,25.0
0.0,7.053357913867189,38.0,24.0
3.0,5.355822510822512,37.0,22.0
11.0,5.787666666666667,36.0,23.0
17.0,6.449799999999995,36.0,22.0
4.2,5.4671952380952344,34.0,24.0
0.0,4.291658208050968,34.0,23.0
0.0,5.844850058219545,36.0,24.0
11.5,5.641999999999999,36.0,23.0
2.0,4.990871212121209,35.0,22.0
20.0,5.2453333333333365,33.0,23.0
0.0,5.098277522789198,35.0,22.0
0.0,3.1016617714596104,31.0,23.0
0.0,5.953031992849211,37.0,23.0
0.0,7.053357913867189,38.0,24.0
0.0,7.275657328480174,38.0,25.0
0.0,6.159893565838189,37.0,25.0
0.0,7.053357913867189,38.0,24.0
65.0,8.829000000000004,35.0,26.0
142.0,9.714999999999996,37.0,21.0
0.0,6.213022010503032,36.0,20.0
0.0,5.7811185555283915,36.0,21.0
0.0,4.973794627622233,35.0,25.0
0.0,4.0986722222222225,32.0,20.0
9.5,4.764249999999994,33.0,22.0
2.0,3.0781963362617772,32.0,21.0
0.0,4.853148189291241,34.0,21.0
0.0,4.755155011435458,35.0,21.0
0.0,5.098277522789198,35.0,22.0
0.0,6.498882209663804,37.0,21.0
0.0,5.2083164086106395,36.0,23.0
0.0,4.875732354397967,35.0,23.0
0.0,4.416783322943347,34.0,24.0
0.0,3.81701079835384,33.0,22.0
0.0,4.853148189291241,34.0,21.0
0.0,4.611146783493878,34.0,22.0
0.0,5.694139861948023,36.0,22.0
0.0,6.498882209663804,37.0,21.0
0.0,7.641604956154957,38.0,22.0
0.0,9.080873516796588,38.0,20.0
0.0,6.616128484930962,37.0,20.0
0.0,3.106631992787915,31.0,20.0
0.0,8.620519811270752,38.0,19.0
0.0,5.2083164086106395,36.0,23.0
0.0,9.348104287765898,39.0,21.0
0.0,9.202687186764308,39.0,17.0
0.0,3.130968996689586,32.0,17.0
0.0,2.818499999999999,27.0,20.0
0.0,4.23399938842547,34.0,17.0
0.0,9.442647509293563,39.0,18.0
0.0,5.157584842848192,35.0,17.0
47.0,5.920000000000004,32.0,21.0
0.0,4.3329183144512875,33.0,17.0
0.0,4.15634009869439,35.0,18.0
0.0,8.60013315170811,38.0,16.0
0.0,6.179343186329533,36.0,12.0
0.0,6.708454185123205,36.0,13.0
0.0,7.909863045704437,38.0,15.0
0.0,8.89903808252833,39.0,13.0
0.0,8.451242882057743,39.0,12.0
0.0,6.152967971802493,37.0,11.0
0.0,3.1224674722250585,32.0,12.0
0.0,4.9615926561901365,34.0,14.0
0.0,3.56449794389477,32.0,16.0
5.0,4.066964069972028,33.0,13.0
0.0,4.260788102869634,33.0,18.0
0.0,2.7987842216349175,29.0,12.0
0.0,4.775033547008548,38.0,8.0
0.0,3.2003658863299838,30.0,8.0
0.0,2.1813234598734605,26.0,10.0
0.0,4.871263793931407,33.0,10.0
0.0,6.152967971802493,37.0,11.0
0.0,6.579971188452072,37.0,9.0
0.0,4.27589186469114,32.0,11.0
0.0,4.871263793931407,33.0,10.0
0.0,5.482939304402774,34.0,10.0
2.0,1.3610000000000009,25.0,12.0
0.0,2.014592857142857,26.0,15.0
0.0,3.0546987286577,30.0,12.0
0.0,4.27589186469114,32.0,11.0
0.0,2.9278919413919406,24.0,12.0
0.0,2.7568088189588194,30.0,13.0
0.0,3.8151315480142483,31.0,14.0
0.0,4.018558786354195,32.0,10.0
0.0,3.118338699042645,30.0,10.0
0.0,4.933216811298396,34.0,11.0
0.0,4.018558786354195,32.0,10.0
0.0,2.467429726121831,27.0,9.0
0.0,5.086035918625203,33.0,14.0
0.0,4.05159278452484,32.0,9.0
15.0,2.2454166666666677,30.0,10.0
0.0,4.933216811298396,34.0,11.0
0.0,2.8255429473304474,31.0,13.0
0.0,2.7568088189588194,30.0,13.0
0.0,2.7568088189588194,30.0,13.0
0.0,3.6567809523809536,30.0,15.0
0.0,2.7196533964401617,27.0,12.0
0.0,2.6073215367965368,26.0,12.0
0.0,1.7353293956043965,25.0,11.0
0.0,2.6073215367965368,26.0,12.0
0.0,2.467429726121831,27.0,9.0
0.0,3.0851060049171455,28.0,8.0
0.0,3.6099705459043383,29.0,7.0
0.0,2.467429726121831,27.0,9.0
0.0,2.5275281581378715,27.0,8.0
0.0,2.529395114768347,28.0,10.0
0.0,9.040851368076373,39.0,11.0
0.0,2.5425759712317513,28.0,9.0
0.0,4.039758847310535,32.0,8.0
0.0,3.4010430118256334,29.0,10.0
7.0,1.2959999999999996,26.0,16.0
0.0,1.1399999999999983,23.0,14.0
0.0,1.570695238095237,28.0,15.0
0.0,2.7568088189588194,30.0,13.0
0.0,3.8151315480142483,31.0,14.0
0.0,1.5699329365079366,27.0,14.0
0.0,3.575943312466911,30.0,11.0
0.0,3.0546987286577,30.0,12.0
0.0,2.7987842216349175,29.0,12.0
0.0,3.2801113840306555,29.0,8.0
0.0,1.4985000000000002,20.0,8.0
0.0,3.0596097716009494,26.0,4.0
0.0,4.363544705982574,30.0,5.0
0.0,3.040629466577289,30.0,6.0
0.0,3.2003658863299838,30.0,8.0
0.0,2.4482568417589574,27.0,7.0
0.0,3.0596097716009494,26.0,4.0
0.0,3.6099705459043383,29.0,7.0
0.0,3.9442007243349284,32.0,5.0
0.0,3.327484581094781,30.0,7.0
0.0,5.292681011010129,34.0,7.0
0.0,3.040629466577289,30.0,6.0
0.0,5.292681011010129,34.0,7.0
0.0,3.327484581094781,30.0,7.0
0.0,3.327484581094781,30.0,7.0
0.0,3.2003658863299838,30.0,8.0
0.0,3.1055287091887247,30.0,9.0
0.0,6.579971188452072,37.0,9.0
0.0,9.039566666666666,40.0,10.0
0.0,9.039566666666666,40.0,10.0
0.0,7.4077041114986795,38.0,10.0
0.0,5.495071725763821,35.0,11.0
0.0,5.495071725763821,35.0,11.0
0.0,5.495071725763821,35.0,11.0
0.0,3.19850476698604,31.0,12.0
0.0,3.0546987286577,30.0,12.0
0.0,3.19850476698604,31.0,12.0
0.0,3.343089545177045,30.0,14.0
8.0,3.209000000000001,28.0,13.0
0.0,2.5414142857142856,25.0,15.0
0.0,2.5275281581378715,27.0,8.0
0.0,3.7983215758140068,31.0,7.0
0.0,3.6099705459043383,29.0,7.0
0.0,3.377277469091899,31.0,6.0
0.0,3.0851060049171455,28.0,8.0
3.0,2.5789999999999997,24.0,7.0
0.0,3.110474435937549,28.0,6.0
0.0,3.9442007243349284,32.0,5.0
0.0,3.768016666666668,24.0,7.0
0.0,4.039758847310535,32.0,8.0
0.0,3.0851060049171455,28.0,8.0
0.0,3.052502654536608,31.0,10.0
0.0,3.040629466577289,30.0,6.0
0.0,3.575943312466911,30.0,11.0
0.0,8.279426984126983,37.0,8.5
0.0,4.559009668243971,34.0,8.0
0.0,3.0832785714285693,32.5,11.5
0.0,5.436975325499805,35.0,14.0
0.0,5.321904447693234,35.0,10.0
0.0,4.871263793931407,33.0,10.0
0.0,4.060248048205252,33.0,9.0
0.0,4.1647732738034575,33.0,8.0
0.0,4.212479944466066,34.0,6.0
0.0,5.2840141413520225,35.0,7.0
0.0,5.2840141413520225,35.0,7.0
0.0,5.292681011010129,34.0,7.0
0.0,4.039758847310535,32.0,8.0
0.0,3.8887187982577625,31.0,5.0
0.0,4.426987121212122,35.0,5.0
0.0,5.658791269841272,37.0,6.0
0.0,3.2003658863299838,30.0,8.0
0.0,2.8255429473304474,31.0,13.0
0.0,3.6567809523809536,30.0,15.0
0.0,4.402394309087884,32.0,18.0
0.0,5.055095361344786,34.0,12.0
0.0,5.452487078540986,34.0,9.0
0.0,5.482939304402774,34.0,10.0
0.0,5.8065700216450225,35.5,10.0
0.0,6.145437994250119,36.0,11.0
0.0,8.124461060262771,38.0,13.0
0.0,9.463857142857144,41.0,14.0
0.0,9.925416666666672,42.0,14.0
0.0,9.680233333333337,43.0,17.5
0.0,5.436975325499805,35.0,14.0
0.0,6.238801082200549,36.0,15.0
0.0,6.238801082200549,36.0,15.0
0.0,6.7754789248220595,37.0,14.0
0.0,8.627883333333326,38.5,14.0
0.0,7.3833159746303,37.0,13.0
0.0,8.124461060262771,38.0,13.0
0.0,5.436975325499805,35.0,14.0
0.0,7.4273382556871335,37.0,18.0
0.0,6.152967971802493,37.0,11.0
0.0,7.923768001443006,39.0,10.0
0.0,6.152967971802493,37.0,11.0
0.0,6.152967971802493,37.0,11.0
0.0,6.145437994250119,36.0,11.0
0.0,7.304537949574011,37.0,12.0
0.0,8.199156746031749,41.0,13.0
0.0,9.925416666666672,42.0,14.0
0.0,9.172776301400699,40.0,17.0
0.0,9.542206962481968,41.5,12.0
0.0,9.626043284493282,41.0,16.0
0.0,8.774291508165035,39.0,14.0
0.0,8.242557142857146,38.5,13.0
0.0,8.774291508165035,39.0,14.0
0.0,7.3833159746303,37.0,13.0
0.0,7.304537949574011,37.0,12.0
0.0,9.074352533577535,41.0,11.5
0.0,7.576795900096636,38.0,14.0
0.0,9.979600747601323,40.0,18.0
0.0,9.787675367036234,40.0,15.0
0.0,9.680233333333337,43.0,17.5
0.0,9.202687186764308,39.0,17.0
0.0,8.481177797202797,39.0,18.5
0.0,8.641771345182427,39.0,15.0
0.0,9.4604,39.5,14.0
0.0,8.780814782439784,40.5,12.0
0.0,7.3833159746303,37.0,13.0
0.0,8.124461060262771,38.0,13.0
0.0,7.096639189469801,37.0,17.0
0.0,8.60013315170811,38.0,16.0
0.0,9.081466993300818,41.0,12.0
0.0,9.346300757575756,37.5,15.0
0.0,9.202687186764308,39.0,17.0
0.0,4.15634009869439,35.0,18.0
0.0,7.406279126429129,38.0,17.0
0.0,9.202687186764308,39.0,17.0
0.0,9.223508333333328,41.0,19.0
0.0,8.74196533980725,39.0,19.0
0.0,10.583299999999992,42.0,18.0
0.0,10.483039646464652,41.0,18.0
0.0,9.027095512820512,39.5,21.0
0.0,9.795374306249306,41.0,20.0
0.0,9.795374306249306,41.0,20.0
0.0,10.851707539682543,42.0,19.0
0.0,10.583299999999992,42.0,18.0
0.0,9.172776301400699,40.0,17.0
0.0,9.616972222222234,42.0,17.5
0.0,9.72006666666668,43.5,19.0
0.0,10.857999999999997,44.0,18.0
0.0,9.854400000000014,42.0,21.0
0.0,10.082383585858583,43.0,23.0
0.0,10.006833333333331,43.5,22.5
0.0,10.54233333333334,44.0,21.0
0.0,9.886833333333328,43.0,22.5
0.0,9.588833333333337,43.0,20.0
0.0,10.684966666666666,44.0,22.0
0.0,9.796950000000002,42.5,20.0
0.0,9.202687186764308,39.0,17.0
0.0,7.909863045704437,38.0,15.0
0.0,7.641604956154957,38.0,22.0
0.0,10.08879522955909,38.5,20.0
0.0,8.481177797202797,39.0,18.5
0.0,6.842883330558331,36.5,23.0
0.0,9.348104287765898,39.0,21.0
0.0,9.937784154734162,41.0,27.5
0.0,10.483039646464652,41.0,18.0
0.0,7.7864374831290375,40.0,21.0
5.0,4.267683333333331,36.0,23.0
0.0,8.956566564703547,39.5,23.0
0.0,6.299592803321601,38.0,23.0
0.0,9.697846121933617,40.0,26.0
0.0,7.681373751545151,38.0,26.0
0.0,8.19015062992563,40.0,23.5
0.0,6.825145113200474,37.0,24.0
0.0,10.801002242202241,42.0,25.0
0.0,9.926443678543675,41.0,27.0
0.0,9.132007142857143,42.0,27.0
0.0,9.632574035686533,40.0,26.5
0.0,10.346878571428574,41.0,26.0
0.0,10.431061111111115,43.0,25.0
0.0,9.92478928571428,42.0,26.0
0.0,9.891766666666667,41.0,26.5
4.0,8.293666666666665,42.5,26.0
0.0,9.19455886570445,39.0,25.0
10.0,7.419000000000002,40.0,24.0
4.5,7.876000000000002,40.5,23.0
0.0,10.138208533133529,40.5,25.0
12.4,9.982999999999993,41.0,24.0
22.5,6.209999999999993,37.0,23.0
0.0,8.29400073566416,39.0,23.0
23.0,7.6514999999999995,36.0,23.0
40.4,7.518,36.0,24.0
14.5,3.7709999999999986,30.0,22.5
4.0,5.217200000000002,34.5,23.5
14.0,5.999933333333331,36.5,23.0
5.0,3.9108333333333354,35.0,21.0
2.3,5.308588095238092,33.5,23.5
1.0,3.9021718253968265,35.0,24.0
5.0,6.038733333333332,36.0,25.0
0.0,,,25.0
0.0,,,
67.0,,,
0.0,,36.0,
17.0,6.856185470085466,38.0,22.0
0.0,9.867659007659011,41.0,23.0
4.0,5.830000000000001,36.0,25.5
0.0,7.275657328480174,38.0,25.0
4.5,6.1199999999999966,38.0,26.0
0.0,5.953031992849211,37.0,23.0
11.0,3.9124999999999965,32.0,26.0
4.0,2.712000000000005,30.0,23.0
52.0,6.987999999999996,34.5,24.5
2.0,7.708765395085205,38.0,21.0
6.5,6.481806451612902,39.0,23.0
14.0,4.837533333333333,33.0,23.0
41.0,4.929999999999994,31.0,23.0
58.0,5.888999999999998,32.0,22.0
0.0,4.853148189291241,34.0,21.0
0.0,6.302844196073828,36.0,23.5
9.4,5.762000000000006,37.0,24.0
0.0,4.755155011435458,35.0,21.0
0.0,7.061753033794159,36.5,22.0
19.2,6.651749999999997,36.5,23.0
0.0,4.291658208050968,34.0,23.0
0.0,4.42557222222222,35.5,21.5
11.0,6.599999999999998,36.0,24.0
0.0,6.795566483516485,36.5,23.5
13.2,5.737333333333334,36.0,23.0
32.0,4.987500000000002,33.0,23.5
5.3,4.047999999999996,33.0,23.5
7.6,3.4858500000000006,32.0,24.0
1.0,4.5263416666666645,35.0,23.0
12.7,6.722999999999995,36.0,23.5
0.0,5.0088366584839505,35.0,24.0
12.0,6.570999999999997,36.0,24.0
0.0,5.098277522789198,35.0,22.0
7.5,7.225999999999996,37.0,24.5
21.0,4.584999999999995,34.0,21.5
0.0,3.846233484842383,33.0,23.0
0.0,5.288376094028688,36.0,25.0
5.0,6.038733333333332,36.0,25.0
32.5,8.358000000000002,36.0,22.0
2.6,4.2599796092796085,34.5,22.0
0.0,6.389630025530028,34.5,22.0
0.0,6.995536904761902,37.0,22.5
0.0,5.2083164086106395,36.0,23.0
0.0,4.693999152297651,35.0,24.5
1.0,5.744271929824571,36.0,24.0
0.0,6.159893565838189,37.0,25.0
0.0,7.053357913867189,38.0,24.0
5.2,4.939666666666664,36.5,25.5
0.0,3.8279262820512843,34.5,21.5
0.0,6.871835101010103,37.5,22.0
0.0,7.7864374831290375,40.0,21.0
13.6,7.807999999999997,40.5,23.0
0.0,4.875732354397967,35.0,23.0
1.5,7.6550108619450725,39.0,24.0
0.0,9.732410317460312,38.5,23.5
0.0,9.611143676986924,40.0,24.0
15.5,7.26816666666666,36.0,23.5
31.5,5.815999999999995,35.0,24.0
48.4,6.244999999999999,34.5,24.0
0.0,3.81701079835384,33.0,22.0
0.0,4.985240111917665,35.0,22.5
0.0,6.299592803321601,38.0,23.0
0.0,6.46158917383614,37.0,23.5
52.5,9.28799999999999,37.0,24.0
41.5,7.886999999999996,35.0,23.0
0.0,5.0088366584839505,35.0,24.0
22.0,6.527250000000001,37.5,25.5
0.0,5.098277522789198,35.0,22.0
0.0,5.953031992849211,37.0,23.0
0.0,8.29400073566416,39.0,23.0
0.0,9.510358333333334,41.0,22.0
0.0,6.616128484930962,37.0,20.0
0.0,4.075500000000006,34.5,20.5
10.0,3.6948000000000008,30.5,22.0
0.0,4.022424136484432,32.0,19.0
0.0,4.755155011435458,35.0,21.0
0.0,8.131670238095237,37.0,19.5
0.0,6.616128484930962,37.0,20.0
0.0,5.2083164086106395,36.0,23.0
0.0,7.790931502094228,37.5,21.0
0.0,7.852693675988747,38.0,21.0
0.0,8.74196533980725,39.0,19.0
0.0,7.909863045704437,38.0,15.0
0.0,9.787675367036234,40.0,15.0
15.0,8.21134026452993,38.0,16.0
0.0,9.299973722184248,38.0,19.5
0.0,8.827373745698742,39.0,20.5
0.0,2.270047619047622,30.0,20.0
0.0,9.108244104132881,38.0,21.5
0.0,7.182214548171125,37.0,19.0
0.0,5.011082984298976,36.5,18.0
0.0,7.182214548171125,37.0,19.0
18.0,5.913302380952381,35.5,19.0
24.5,5.4129999999999985,34.0,21.0
1.0,4.796483131355232,33.5,21.0
0.0,4.569596825396824,34.5,19.5
0.0,4.425510635198134,33.0,19.0
0.0,4.15634009869439,35.0,18.0
0.0,4.15634009869439,35.0,18.0
0.0,4.9615926561901365,34.0,14.0
0.0,4.677037556971417,33.0,16.0
0.0,4.844727948961775,34.0,15.0
0.0,5.328876340326342,36.0,16.5
0.0,8.641771345182427,39.0,15.0
0.0,7.576795900096636,38.0,14.0
0.0,8.944062703962715,37.5,16.0
0.0,7.6574636469657715,37.0,16.0
0.0,5.081072623811221,34.0,16.0
0.0,4.3663661664845,34.0,18.0
5.0,4.448184916444214,35.0,17.0
3.0,5.053947718049923,35.0,20.0
0.0,5.418306441239183,35.0,15.0
0.0,4.797097580614331,35.0,12.0
3.5,2.5936257659919484,34.0,11.0
0.0,3.0546987286577,30.0,12.0
0.0,5.452487078540986,34.0,9.0
0.0,6.111302689728535,36.0,10.0
0.0,8.580592063492062,38.5,10.0
0.0,8.274000877629584,38.0,12.0
0.0,6.145437994250119,36.0,11.0
0.0,5.321904447693234,35.0,10.0
0.0,5.055095361344786,34.0,12.0
0.0,4.933216811298396,34.0,11.0
0.0,4.797097580614331,35.0,12.0
0.0,4.891699634842283,34.5,10.0
0.0,4.871263793931407,33.0,10.0
0.0,6.145232564002319,36.0,9.0
0.0,4.670146039375533,35.0,13.0
0.0,3.575943312466911,30.0,11.0
0.0,4.05159278452484,32.0,9.0
0.0,3.052502654536608,31.0,10.0
1.0,2.188916302395334,28.0,9.0
0.0,3.945287839937841,28.0,14.0
0.0,3.4804301226551204,29.0,13.0
0.0,2.6716444444444436,29.5,9.0
0.0,5.321904447693234,35.0,10.0
0.0,6.179343186329533,36.0,12.0
0.0,5.436975325499805,35.0,14.0
0.0,5.436975325499805,35.0,14.0
0.0,4.871263793931407,33.0,10.0
0.0,5.435956655280291,35.0,9.0
0.0,1.5164999999999993,25.0,12.0
0.0,2.4965000000000015,25.0,16.0
0.0,4.339513694335719,32.0,14.0
0.0,3.959429033365041,33.0,13.0
1.0,0.9294999999999999,24.0,17.0
47.0,2.982000000000001,20.0,19.0
14.0,1.3729999999999993,20.0,18.0
1.5,0.946,20.0,16.0
0.0,2.5414142857142856,25.0,15.0
0.0,1.774746825396827,24.0,8.0
0.0,2.273421042455137,27.0,10.0
0.0,3.052502654536608,31.0,10.0
0.0,1.8721350205350205,27.0,11.5
0.0,2.869614444297533,28.0,12.0
0.0,2.7987842216349175,29.0,12.0
0.0,3.118338699042645,30.0,10.0
0.0,3.1055287091887247,30.0,9.0
0.0,3.2003658863299838,30.0,8.0
0.0,4.039758847310535,32.0,8.0
0.0,3.655281716231824,33.0,6.0
0.0,3.655281716231824,33.0,6.0
0.0,4.363544705982574,30.0,5.0
0.0,2.476371380958224,26.0,7.0
0.0,3.837033333333332,32.0,4.0
0.0,3.5078471907993958,33.0,5.0
0.0,3.377277469091899,31.0,6.0
0.0,2.7912257936507934,26.0,2.0
0.0,2.634856349206351,30.0,1.0
0.0,3.4974878352856305,31.0,3.0
0.0,4.363544705982574,30.0,5.0
0.0,3.7983215758140068,31.0,7.0
0.0,3.327484581094781,30.0,7.0
0.0,2.5275281581378715,27.0,8.0
0.0,3.080273196248198,27.0,5.0
0.0,2.7202322738664857,27.0,4.0
0.0,4.003196743534245,31.0,4.0
0.0,4.003196743534245,31.0,4.0
0.0,2.853105412601824,29.0,6.0
0.0,4.363544705982574,30.0,5.0
0.0,1.5187530663780657,25.0,6.0
0.0,2.513876587301588,24.0,4.0
0.0,2.425248412698411,24.5,4.0
0.0,2.5319840548340546,28.0,2.0
0.0,3.3209500000000003,30.5,1.0
0.0,3.379922222222222,25.5,2.0
0.0,2.5425759712317513,28.0,9.0
0.0,2.273421042455137,27.0,10.0
0.0,2.529395114768347,28.0,10.0
0.0,2.869614444297533,28.0,12.0
0.0,2.467429726121831,27.0,9.0
0.0,1.2899761904761917,23.0,10.0
0.0,3.110474435937549,28.0,6.0
0.0,3.3116796492980707,32.0,13.0
0.0,3.2003658863299838,30.0,8.0
0.0,4.05159278452484,32.0,9.0
0.0,3.052502654536608,31.0,10.0
0.0,4.05159278452484,32.0,9.0
0.0,2.529395114768347,28.0,10.0
0.0,2.5443148809523812,30.0,10.5
0.0,3.2003658863299838,30.0,8.0
0.0,3.4766245999123466,29.0,9.0
0.0,3.115852681142389,27.0,3.0
0.0,3.6184857142857147,28.0,1.0
0.0,3.6184857142857147,28.0,1.0
0.0,4.03150714285714,29.0,1.5
0.0,4.23530447330447,31.5,3.0
0.0,2.8064547619047624,30.5,4.5
0.0,4.060248048205252,33.0,9.0
0.0,4.212479944466066,34.0,6.0
0.0,4.160419930601922,35.0,8.0
0.0,3.959429033365041,33.0,13.0
0.0,5.146703968253968,33.5,10.5
0.0,3.579493289352214,31.0,9.0
0.0,3.115852681142389,27.0,3.0
0.0,3.1761818181818144,27.0,1.0
0.0,3.3833023809523803,29.0,1.0
0.0,3.532160894660896,30.0,2.0
0.0,4.52566666666667,35.0,3.0
0.0,4.870882936507938,34.0,4.0
0.0,3.1850333333333327,30.5,0.0
0.0,3.351194047619046,33.0,2.5
0.0,2.5816932809966113,27.5,4.0
0.0,4.229570238095234,33.0,0.0
0.0,3.8708989191364207,29.5,3.0
0.0,3.2829531934960166,29.0,4.0
0.0,1.6175249999999992,21.5,7.0
,,23.5,2.5
0.0,3.5689666666666686,37.0,4.0
0.0,2.5319840548340546,28.0,2.0
0.0,4.999073183760681,29.5,4.0
0.0,3.5728595485611736,29.0,5.0
0.0,4.274002952602951,29.5,3.5
0.0,3.0794535714285702,31.5,4.5
0.0,4.212479944466066,34.0,6.0
0.0,3.575943312466911,30.0,11.0
0.0,3.377277469091899,31.0,6.0
0.0,4.039758847310535,32.0,8.0
0.0,3.618176190476191,29.5,7.0
0.0,3.052502654536608,31.0,10.0
0.0,3.959429033365041,33.0,13.0
0.0,5.452487078540986,34.0,9.0
0.0,5.452487078540986,34.0,9.0
0.0,3.775915530915238,32.0,7.0
13.0,1.778416666666667,29.0,12.0
0.0,1.1399999999999983,23.0,14.0
0.0,3.618176190476191,29.5,7.0
0.0,4.105349725437962,31.0,8.5
0.0,2.6073215367965368,26.0,12.0
0.0,4.05159278452484,32.0,9.0
0.0,4.27589186469114,32.0,11.0
0.0,6.981015059945424,37.0,15.0
0.0,5.495071725763821,35.0,11.0
0.0,5.6666328207611105,37.0,8.0
0.0,5.321904447693234,35.0,10.0
0.0,4.670146039375533,35.0,13.0
0.0,6.179343186329533,36.0,12.0
0.0,6.336904329004328,37.0,13.5
0.0,3.5101000000000004,37.5,3.0
0.0,5.157584842848192,35.0,17.0
0.0,5.7380670773139695,36.0,18.0
0.0,3.503415873015876,30.5,9.5
0.0,3.2003658863299838,30.0,8.0
0.0,3.8766515512265505,32.5,8.0
0.0,5.435956655280291,35.0,9.0
0.0,5.321904447693234,35.0,10.0
0.0,1.2499189393939394,30.0,16.5
0.0,8.676143020868022,40.0,14.0
0.0,9.039566666666666,40.0,10.0
0.0,7.923768001443006,39.0,10.0
0.0,7.4077041114986795,38.0,10.0
0.0,8.274000877629584,38.0,12.0
0.0,9.039566666666666,40.0,10.0
0.0,7.161075396825397,39.0,9.0
0.0,8.124461060262771,38.0,13.0
0.0,6.3503926073926085,38.0,9.0
0.0,9.081466993300818,41.0,12.0
0.0,10.429272150072155,41.5,15.0
0.0,9.998751998001996,40.0,20.0
0.0,8.774291508165035,39.0,14.0
0.0,8.897825732600733,37.0,10.5
0.0,6.111302689728535,36.0,10.0
0.0,7.7998361043396445,38.0,11.0
0.0,6.981015059945424,37.0,15.0
0.0,5.436975325499805,35.0,14.0
0.0,9.346300757575756,37.5,15.0
0.0,5.418306441239183,35.0,15.0
0.0,7.1910007936507965,36.0,11.5
0.0,6.302634740259739,35.5,11.0
0.0,7.186347619047614,36.5,8.5
0.0,8.274000877629584,38.0,12.0
0.0,6.946015291816089,37.0,10.0
0.0,8.516593131868126,39.5,11.0
0.0,8.780814782439784,40.5,12.0
0.0,9.5420675990676,40.5,13.0
0.0,8.641771345182427,39.0,15.0
0.0,8.840075688522,39.5,17.0
0.0,9.847787284937285,40.5,14.0
0.0,10.429272150072155,41.5,15.0
0.0,8.676143020868022,40.0,14.0
0.0,8.89903808252833,39.0,13.0
0.0,10.145446312021308,40.0,14.5
0.0,8.89903808252833,39.0,13.0
0.0,9.847787284937285,40.5,14.0
0.0,7.909863045704437,38.0,15.0
0.0,7.406279126429129,38.0,17.0
0.0,8.352323100244485,38.0,18.0
0.0,9.442647509293563,39.0,18.0
0.0,10.322135790516672,40.0,19.0
0.0,7.832663175713178,37.0,20.5
0.0,8.688962698412702,37.5,21.5
0.0,7.852693675988747,38.0,21.0
3.0,9.036233333333334,39.0,24.0
0.0,3.098533333333333,28.0,23.0
0.0,6.795566483516485,36.5,23.5
0.0,9.795374306249306,41.0,20.0
0.0,10.583299999999992,42.0,18.0
0.0,9.172776301400699,40.0,17.0
0.0,8.124461060262771,38.0,13.0
0.0,1.872910714285712,27.5,15.0
0.0,5.393500256048549,36.0,16.0
0.0,4.119345221121135,34.0,20.0
0.0,4.119345221121135,34.0,20.0
0.0,8.912105952380953,38.0,17.5
0.0,9.979600747601323,40.0,18.0
0.0,8.481177797202797,39.0,18.5
0.0,10.80454797979798,41.0,18.5
0.0,8.29014133089133,37.5,14.0
0.0,6.213022010503032,36.0,20.0
0.0,9.108244104132881,38.0,21.5
0.0,9.299973722184248,38.0,19.5
0.0,9.391670368603705,40.0,22.0
0.0,9.388586281496362,39.0,22.0
0.0,7.852693675988747,38.0,21.0
0.0,6.299592803321601,38.0,23.0
0.0,7.053357913867189,38.0,24.0
0.0,5.694139861948023,36.0,22.0
3.5,5.426349856853709,34.5,23.0
0.0,6.302844196073828,36.0,23.5
0.0,5.87074773469994,36.0,24.5
0.0,7.053357913867189,38.0,24.0
16.5,6.523999999999998,37.0,25.5
21.0,6.776999999999991,37.0,23.5
7.5,6.2150000000000025,37.0,22.0
1.0,6.203914765487042,38.0,24.0
16.0,8.150999999999996,40.5,23.0
28.0,8.292000000000005,39.0,23.0
0.0,9.108244104132881,38.0,21.5
5.0,6.933,40.0,26.0
0.0,8.648882389602463,39.0,24.0
0.0,7.120714285714286,39.0,26.0
0.0,7.120714285714286,39.0,26.0
0.0,9.474309668109669,40.0,24.5
0.0,9.743127357025497,41.0,24.0
22.0,8.709000000000005,39.0,25.0
4.0,3.9776237060041426,35.0,21.0
0.0,6.488152777777775,37.0,24.5
0.0,6.825145113200474,37.0,24.0
0.0,9.284634615058144,39.0,24.5
0.0,9.19455886570445,39.0,25.0
12.0,6.998999999999999,40.0,24.0
1.5,6.041649425287357,37.5,24.0
0.0,7.910678326330538,37.5,25.0
21.0,4.2814999999999985,34.0,25.0
0.0,5.694139861948023,36.0,22.0
0.0,7.053357913867189,38.0,24.0
20.0,7.951000000000001,38.0,24.0
6.5,5.537349999999999,35.5,22.0
3.0,4.2185119047619075,34.0,22.5
45.0,5.345999999999995,34.0,17.0
0.0,4.844727948961775,34.0,15.0
25.0,6.4644999999999975,36.0,24.0
32.0,8.743528571428573,38.0,22.0
0.0,5.739058753649565,34.0,19.0
0.0,6.299592803321601,38.0,23.0
0.0,8.648882389602463,39.0,24.0
6.0,7.137000000000006,40.0,23.0
40.0,6.361999999999998,34.0,23.5
1.0,2.406200000000003,30.0,23.0
1.0,3.082453571428571,33.0,24.0
4.0,5.1921,31.5,23.0
8.0,5.4464999999999995,34.0,23.0
0.0,7.790931502094228,37.5,21.0
2.0,5.0865333333333265,36.0,23.0
0.0,6.842883330558331,36.5,23.0
0.0,6.159893565838189,37.0,25.0
5.5,5.489999999999997,37.0,25.5
0.2,4.400283272253202,33.5,23.0
3.6,6.107383333333335,36.5,24.0
10.7,5.795666666666667,36.0,23.0
0.0,4.291658208050968,34.0,23.0
0.0,7.220176409414335,37.5,24.0
32.0,9.150000000000011,38.0,25.0
39.8,6.482999999999993,35.0,23.0
0.0,4.291658208050968,34.0,23.0
0.0,4.416783322943347,34.0,24.0
0.0,6.46158917383614,37.0,23.5
12.3,6.955550000000003,38.0,25.0
1.7,4.974599999999998,36.0,22.0
0.0,5.313112118437117,36.5,26.0
1.0,3.082453571428571,33.0,24.0
44.0,6.628000000000005,33.0,24.0
0.0,3.81701079835384,33.0,22.0
3.5,3.584316666666665,33.5,24.5
0.0,4.611146783493878,34.0,22.0
4.0,6.213383333333334,36.5,24.0
33.0,5.858199999999994,35.0,23.5
0.0,4.611146783493878,34.0,22.0
0.0,5.2083164086106395,36.0,23.0
0.0,5.657532142857141,35.5,24.0
0.0,7.6293854341736695,36.0,22.5
0.0,5.8310149572649586,37.0,25.5
6.9,5.738000000000004,37.0,25.0
0.1,4.048080952380951,32.5,21.5
0.0,4.870169047619049,35.5,24.5
12.7,2.4599999999999977,27.5,24.0
0.0,5.154068208120568,33.5,21.0
0.0,3.81701079835384,33.0,22.0
2.5,2.3903166666666653,31.0,24.5
12.5,4.4672166666666655,32.5,22.5
9.0,4.098750000000004,33.0,24.0
9.0,3.9838952380952373,34.0,23.0
0.0,4.548779413594626,34.0,22.5
36.5,6.4549999999999965,37.0,25.5
0.0,4.630859581164936,32.0,21.0
40.0,5.835000000000001,34.5,24.5
3.5,3.9659000000000026,32.5,21.0
0.0,3.1016617714596104,31.0,23.0
3.5,2.686499999999999,33.0,25.0
23.5,5.8735,33.5,23.0
0.0,4.853148189291241,34.0,21.0
0.0,5.127522963147964,34.5,22.5
1.5,5.1132060606060525,35.0,22.5
0.0,5.098277522789198,35.0,22.0
0.0,5.098277522789198,35.0,22.0
9.7,7.641049999999996,35.5,22.0
0.0,4.820385317460317,35.5,21.0
0.0,6.331585714285714,35.5,22.0
0.0,6.498882209663804,37.0,21.0
0.0,5.7811185555283915,36.0,21.0
0.0,6.698510645974202,37.0,22.0
24.5,6.524251154401154,38.0,22.5
24.5,3.3159999999999985,31.0,23.0
0.0,4.778635119047614,31.0,20.5
0.0,4.801481446331447,35.0,21.5
0.0,5.2083164086106395,36.0,23.0
0.0,6.698510645974202,37.0,22.0
0.0,5.392525793650794,36.0,21.5
35.0,7.456000000000004,34.0,22.0
0.0,4.677037556971417,33.0,16.0
0.0,7.096639189469801,37.0,17.0
0.0,6.238801082200549,36.0,15.0
0.0,4.991196975942874,35.0,19.0
0.0,4.119345221121135,34.0,20.0
11.0,3.1319999999999992,27.0,20.0
0.2,2.256190476190479,30.0,20.0
0.0,3.9377857170607156,32.5,20.0
2.0,3.019657575757575,32.0,20.0
0.0,5.149996239871241,33.5,19.5
0.0,3.4292931966468334,33.0,23.5
0.0,6.238801082200549,36.0,15.0
0.0,5.956172619047619,38.0,15.5
0.0,7.6574636469657715,37.0,16.0
0.0,4.248057539682538,30.0,17.5
0.0,7.852693675988747,38.0,21.0
0.0,4.276228571428573,36.0,20.5
0.0,4.853148189291241,34.0,21.0
0.0,4.991196975942874,35.0,19.0
0.0,7.096639189469801,37.0,17.0
0.0,8.944062703962715,37.5,16.0
0.0,8.840075688522,39.5,17.0
0.0,7.453452981787733,36.0,17.0
0.0,4.820385317460317,35.5,21.0
0.0,6.350773076923076,35.5,20.0
0.0,5.157584842848192,35.0,17.0
0.0,4.9615926561901365,34.0,14.0
0.0,4.797097580614331,35.0,12.0
0.0,6.145437994250119,36.0,11.0
0.0,5.590435463891115,35.0,9.5
0.0,8.43942384559884,37.5,10.5
0.0,8.439109523809522,40.0,11.5
0.0,8.539413095238094,38.5,11.0
0.0,7.4077041114986795,38.0,10.0
0.0,4.559009668243971,34.0,8.0
0.0,5.321904447693234,35.0,10.0
0.0,5.452487078540986,34.0,9.0
0.0,4.871263793931407,33.0,10.0
0.0,4.9615926561901365,34.0,14.0
0.0,4.425510635198134,33.0,19.0
0.0,4.744198412698416,31.0,17.5
0.0,3.5014166666666635,28.0,17.0
0.0,3.8249654761904748,29.0,9.5
0.0,2.8129827187690193,28.0,7.0
0.0,3.118338699042645,30.0,10.0
0.0,6.145437994250119,36.0,11.0
0.0,6.333522274947274,36.5,11.0
0.0,8.897825732600733,37.0,10.5
0.0,6.145232564002319,36.0,9.0
0.0,4.658867118992117,36.0,8.5
0.0,3.6583676295926284,33.5,6.0
0.0,5.630705122655126,34.5,7.0
0.0,2.980488832001332,26.0,9.0
0.0,5.26712023809524,32.5,9.5
0.0,5.421590404792146,36.0,7.0
0.0,3.333222971472972,30.0,5.5
0.0,2.368678955749273,27.0,9.5
0.0,3.9309045981795983,31.0,9.5
0.0,3.775915530915238,32.0,7.0
0.0,4.3684705759668585,32.0,7.5
0.0,3.4010430118256334,29.0,10.0
13.0,2.636999999999998,24.0,13.0
0.0,1.8166972222222222,25.0,13.0
0.0,2.278514699530738,26.0,8.0
0.0,3.4406789321789306,30.0,4.0
0.0,3.0238297619047607,32.5,4.5
0.0,4.1532623015873025,33.0,4.5
0.0,5.054191269841265,35.5,5.0
1.2,5.085087590187592,33.5,11.0
1.5,0.8079999999999997,21.5,17.5
0.0,2.9557189393939383,30.0,16.0
0.0,3.56449794389477,32.0,16.0
0.0,5.055095361344786,34.0,12.0
0.0,5.495071725763821,35.0,11.0
0.0,6.579971188452072,37.0,9.0
0.0,6.111302689728535,36.0,10.0
0.0,5.452487078540986,34.0,9.0
0.0,5.617517760833937,32.5,10.0
0.0,3.7142866241773413,30.5,12.0
0.0,2.7622023809523797,29.0,10.5
0.0,3.1055287091887247,30.0,9.0
0.0,3.579493289352214,31.0,9.0
0.0,3.5675334998334995,30.0,7.5
0.0,3.991074134525607,31.0,7.5
0.0,3.4303447251278123,29.0,8.5
2.0,1.684110034410036,29.0,10.0
0.0,3.8249287851037854,29.0,16.0
0.0,4.060248048205252,33.0,9.0
0.0,4.344344055869057,32.5,9.0
0.0,5.482939304402774,34.0,10.0
0.0,3.7683640436192167,34.0,9.5
0.1,4.586402329597647,33.0,10.5
0.0,3.257029884004885,31.0,17.0
0.0,5.207569047619049,33.5,8.5
0.0,4.1647732738034575,33.0,8.0
0.0,3.231928998778997,29.5,8.5
0.0,3.2003658863299838,30.0,8.0
0.0,4.846008488288955,33.0,11.0
0.0,3.1055287091887247,30.0,9.0
0.0,5.265785817805383,36.5,15.0
0.0,6.152967971802493,37.0,11.0
0.0,6.8098166666666655,36.5,9.0
0.0,6.946015291816089,37.0,10.0
0.0,5.482939304402774,34.0,10.0
5.0,2.876999999999998,27.5,13.0
0.5,2.667000000000002,25.0,15.0
0.0,2.4476666666666684,24.5,14.0
0.0,2.8129827187690193,28.0,7.0
0.0,4.413708658008656,30.5,7.5
0.0,4.023844047619048,30.5,8.5
0.0,3.8370434569561285,33.0,7.0
0.0,3.7873727439227425,33.0,4.0
0.0,3.8370434569561285,33.0,7.0
0.0,3.9442007243349284,32.0,5.0
0.0,4.212479944466066,34.0,6.0
0.0,3.7576023649553063,33.0,8.5
0.0,2.537242974088175,25.5,8.0
2.7,1.496,25.0,15.5
23.5,2.754000000000003,23.0,15.5
0.0,3.275950427350423,27.5,8.5
0.0,2.5425759712317513,28.0,9.0
0.0,3.6483218911523223,27.5,9.0
1.0,1.0789999999999997,19.0,11.0
0.7,1.1099999999999999,18.5,14.5
0.0,2.7202322738664857,27.0,4.0
0.0,2.686231807081808,26.0,3.5
0.0,2.614242857142857,29.5,4.5
0.0,2.685402380952379,28.0,3.5
0.0,4.03150714285714,29.0,1.5
0.0,4.03150714285714,29.0,1.5
0.0,3.2829531934960166,29.0,4.0
0.0,3.055715873015873,29.0,4.5
0.0,4.999073183760681,29.5,4.0
0.0,3.279014460539461,32.0,4.5
0.0,3.5078471907993958,33.0,5.0
0.0,3.6583676295926284,33.5,6.0
0.0,3.6583676295926284,33.5,6.0
0.0,3.7651119171678,33.0,6.5
0.0,2.895033333333337,33.5,3.5
0.0,3.7651119171678,33.0,6.5
0.0,5.658791269841272,37.0,6.0
0.0,3.4856392857142855,34.5,7.5
0.0,3.847230583288401,34.0,7.5
0.0,4.857795168067231,32.5,6.0
0.0,4.054209930639535,31.0,5.5
0.0,2.226349999999998,25.5,7.5
0.0,3.2829531934960166,29.0,4.0
0.0,3.469945937395937,32.0,3.0
0.0,3.1982738095238097,34.5,4.0
0.0,3.6115059523809516,34.0,4.5
0.0,4.539232986746144,33.0,7.5
0.0,5.207569047619049,33.5,8.5
0.0,6.579971188452072,37.0,9.0
1.5,3.6984262177343554,33.0,12.0
0.3,1.9103333333333337,23.0,15.0
0.0,3.052502654536608,31.0,10.0
0.0,3.9783269230769234,34.5,8.0
0.0,5.440515285204996,34.5,8.5
0.0,6.145232564002319,36.0,9.0
0.0,3.6659960317460314,33.5,9.5
0.0,3.5078471907993958,33.0,5.0
0.0,3.486645207570206,33.0,5.5
0.0,4.209146031746029,34.5,5.0
0.0,5.4565166666666665,35.5,9.5
0.0,5.300649818563791,36.0,8.0
0.0,4.314197363715256,33.0,12.0
0.0,5.665831080031082,34.5,11.0
0.0,7.336230778943278,35.5,12.5
0.0,5.665831080031082,34.5,11.0
0.0,4.586402329597647,33.0,10.5
0.0,6.946015291816089,37.0,10.0
0.0,4.711292244490117,30.0,8.5
0.0,2.9557189393939383,30.0,16.0
0.0,4.586402329597647,33.0,10.5
0.0,3.249455894024276,31.0,12.5
0.0,3.7212586136086134,29.5,12.0
0.0,3.5765613997113985,29.0,18.0
0.0,5.482939304402774,34.0,10.0
0.0,3.19850476698604,31.0,12.0
0.0,5.617517760833937,32.5,10.0
0.0,8.3,33.0,9.0
0.0,6.7,33.5,10.5
0.0,5.9,35.0,12.0
0.0,3.1,30.5,13.5
0.0,8.5,34.0,10.0
0.0,6.2,33.0,12.0
0.0,7.8,34.0,9.0
0.0,6.6,33.0,11.0
0.0,7.1,32.0,13.5
0.0,7.2,37.0,11.0
0.0,4.8,36.0,9.0
0.0,9.0,34.0,11.5
0.0,8.4,37.0,11.0
0.0,9.5,40.0,10.0
0.0,10.4,42.0,12.0
0.0,8.5,37.0,12.0
0.0,9.4,36.0,16.0
0.0,8.3,36.5,16.0
0.0,7.9,37.0,17.0
0.0,7.5,34.0,19.0
0.0,11.1,35.5,12.5
0.0,10.0,37.0,13.0
0.0,6.4,39.0,14.0
0.0,8.1,39.0,17.5
0.0,10.7,38.5,18.5
0.0,10.1,29.5,12.0
0.0,11.1,37.0,18.0
0.0,10.1,36.5,13.0
0.0,7.6,37.0,12.0
0.0,10.6,38.0,19.0
0.0,8.7,37.0,11.5
0.0,8.0,36.5,10.5
0.0,10.0,35.5,12.5
0.0,9.9,36.0,11.5
0.0,8.3,37.0,10.0
0.0,10.7,36.0,12.5
0.0,9.0,36.0,19.0
0.0,9.9,36.0,16.5
0.0,9.1,35.0,14.0
0.0,7.1,34.0,11.5
0.0,10.9,34.0,11.5
0.0,9.4,34.5,11.5
0.0,8.8,38.0,12.0
0.0,10.3,39.0,14.0
0.0,9.3,38.5,16.5
0.0,9.1,39.0,17.0
0.0,9.6,39.0,17.5
0.0,11.1,39.0,18.0
0.0,10.7,37.5,14.0
0.0,10.3,37.0,13.0
0.0,9.3,38.5,13.0
0.0,9.4,38.0,15.0
0.0,11.4,39.0,16.0
0.0,10.5,37.0,17.0
0.0,10.8,38.0,16.0
0.0,9.4,40.0,14.0
0.0,12.7,40.5,14.5
0.0,11.6,41.0,15.0
0.0,12.1,42.0,16.5
0.0,11.0,38.5,16.0
0.0,11.0,40.0,14.0
0.0,11.3,41.0,14.0
0.0,11.2,40.0,13.5
0.0,9.6,39.5,26.0
0.0,11.4,39.0,16.0
0.0,9.6,37.0,18.0
0.0,10.3,38.0,18.5
0.0,9.2,37.5,19.0
0.0,10.6,43.0,19.5
0.0,9.2,36.0,20.0
0.0,6.0,33.5,20.5
0.0,9.2,36.0,23.5
0.0,7.1,37.0,18.5
0.0,8.3,34.0,21.0
0.0,5.844850058219545,36.0,24.0
0.0,6.0,36.0,20.0
0.0,9.6,38.0,22.0
0.0,9.1,37.0,24.0
0.0,10.3,38.0,24.5
0.0,8.4,37.0,26.0
0.0,7.2,38.0,25.5
0.0,9.1,39.0,21.0
0.0,8.4,40.0,26.0
20.0,9.1,40.0,26.0
0.0,5.9,35.0,22.0
0.0,6.4,36.0,25.0
0.0,4.9,36.5,24.0
0.0,7.7,37.5,24.5
0.0,8.3,38.0,24.0
0.0,10.2,38.5,24.5
3.0,8.2,38.0,26.0
44.0,9.5,34.0,23.0
37.5,6.4,36.0,22.0
12.0,5.8,38.0,22.0
0.0,6.3,36.0,22.0
0.0,5.4,37.0,23.5
9.5,6.9,38.0,24.0
1.0,6.2,35.0,21.5
0.0,7.0,37.0,24.0
6.5,5.3,37.0,25.0
8.0,5.9,34.5,21.5
43.0,4.9,34.5,22.5
0.0,6.1,36.0,20.5
0.0,7.3,38.0,22.5
17.5,8.3,36.0,25.0
0.0,5.6,33.5,21.5
6.5,4.4,31.5,22.5
0.0,4.1,33.5,20.5
0.0,6.2,35.0,22.0
8.0,4.6,33.0,24.0
25.0,7.8,33.0,22.5
53.0,5.2,32.5,20.0
0.0,5.9,33.0,20.0
0.0,3.6,32.0,23.0
0.0,5.8,34.5,23.0
0.0,4.0,34.0,24.5
1.5,4.7,34.0,24.5
1.0,4.1,33.0,18.0
17.0,6.9,34.0,25.0
0.5,2.7,32.5,23.0
61.5,4.7,32.5,22.0
20.0,5.0,34.0,22.0
2.0,4.0,31.5,22.0
0.0,5.6,33.0,22.5
15.0,5.3,32.0,24.0
0.0,11.1,30.5,22.5
0.0,2.6,31.5,22.0
1.5,2.9,33.0,21.0
1.0,3.1,31.5,23.5
0.0,3.9,32.5,21.5
0.0,2.5,33.0,23.0
14.0,7.2,31.5,23.0
0.0,1.4,29.0,22.0
47.0,7.1,32.0,22.0
0.0,4.7,32.0,21.0
0.0,14.8,32.0,21.0
53.0,3.0,34.0,23.0
0.0,2.2,30.0,22.0
5.5,2.6,31.5,22.5
0.0,5.6,32.5,23.5
0.0,4.6,33.5,22.0
0.0,5.0,34.0,22.0
0.0,5.4,33.0,21.5
0.0,5.4,34.0,23.0
4.0,4.2,33.5,24.0
0.5,4.1,32.0,21.5
0.0,4.7,32.0,22.5
0.0,2.8,33.0,22.5
37.5,5.6,32.0,23.0
24.5,5.3,33.5,23.5
0.0,3.5,32.0,21.5
0.0,3.1,33.0,21.0
4.0,7.5,34.0,23.0
1.0,3.9,33.0,22.0
1.0,4.6,33.0,22.0
2.5,4.6,34.0,21.0
40.0,5.4,32.0,22.0
0.0,4.0,32.0,21.5
34.5,7.8,34.0,23.0
0.0,5.3,33.5,22.0
0.0,3.9023650793650795,33.0,20.5
0.0,5.7,34.5,23.5
13.0,5.3,34.0,24.0
10.0,0.2,35.0,22.0
0.0,5.2,32.0,21.0
0.0,4.5,33.5,22.5
0.0,5.1,33.0,22.0
0.0,4.4,33.5,21.0
0.0,3.8,35.0,18.5
0.0,4.6,33.0,15.0
0.0,4.6,34.0,18.5
0.0,1.9,29.0,23.0
0.0,3.9,33.0,23.5
4.0,5.9,34.0,21.5
0.0,4.4,31.0,20.0
0.0,3.4,32.0,23.0
0.0,4.4,33.0,22.0
0.0,4.2,35.0,22.0
0.0,0.3,35.5,17.0
0.0,9.7,35.0,12.5
0.0,6.3,34.0,12.5
0.0,4.1,35.0,12.0
0.0,3.9,35.0,13.5
0.0,5.0,34.5,19.0
0.0,4.6,35.5,18.0
0.0,3.9,35.5,19.0
0.0,5.2,35.0,19.0
0.0,4.6,35.0,21.0
0.0,4.8,35.0,20.5
0.0,5.5,34.0,22.0
0.0,4.6,35.0,20.0
0.0,4.9,35.5,22.0
0.0,5.8,34.5,23.0
0.0,4.4,32.0,22.0
0.0,4.9,33.5,20.0
0.0,4.8,33.5,16.0
0.0,4.4,34.0,11.0
0.0,4.1,34.5,12.0
0.0,4.7,36.5,14.0
0.0,4.8,36.0,14.0
0.0,5.0,36.0,10.5
0.0,4.8,38.5,8.0
0.0,5.3,37.0,9.0
0.0,4.7,38.0,11.0
0.0,4.9,37.0,8.0
0.0,4.9,36.0,9.0
0.0,5.0,36.0,10.0
0.0,4.6,36.0,8.5
1.0,3.0,35.0,10.0
0.0,3.5,34.5,15.0
0.0,3.1,32.0,14.0
0.0,1.8,30.0,12.0
0.0,3.6,38.0,11.0
0.0,5.7,34.0,12.0
0.0,4.4,36.5,12.0
0.0,2.6,34.0,14.0
0.0,3.7,36.0,10.0
0.0,3.2,35.5,9.5
0.0,4.3,35.0,16.0
0.0,2.6,32.0,15.5
0.0,4.2,34.5,9.0
0.0,3.5,35.0,8.5
0.0,3.7,36.0,8.0
0.0,3.9,31.0,8.5
0.0,4.2,36.0,7.0
0.0,4.6,36.0,8.0
0.0,3.8,36.5,8.0
0.0,3.3,35.0,8.5
0.0,3.5,36.0,12.0
0.0,4.0,34.0,13.5
0.0,4.2,34.0,11.0
0.0,3.0,35.0,13.0
0.0,4.8,36.0,11.0
0.0,3.4,35.0,12.0
0.0,4.7,35.0,10.0
0.0,2.9,35.5,10.0
0.0,4.1,35.5,9.5
0.0,3.3,33.0,8.0
1.0,1.5,27.0,10.0
13.0,2.2,26.0,13.0
0.0,2.7,26.5,14.0
0.0,2.7,31.1,7.5
0.0,4.0,31.5,6.5
0.0,3.1,33.0,8.0
0.0,4.0,32.0,9.0
0.0,2.0,34.0,11.0
5.5,0.8,25.0,15.0
11.0,2.7,31.0,14.0
7.0,0.9,22.0,16.0
0.0,2.4,26.0,15.0
0.0,1.3,28.0,13.0
23.0,3.3,25.0,15.0
13.5,0.6,28.0,16.0
0.0,0.8,22.0,13.0
0.0,0.9,26.0,8.0
0.0,1.3,25.0,11.0
0.0,1.4,24.0,11.5
0.0,2.6,27.0,4.0
0.0,1.9,30.0,3.0
0.0,1.5,28.397309523809522,8.0
49.5,,30.0,
0.0,1.0,23.0,11.5
0.0,2.1,26.0,7.0
0.0,1.3,29.5,4.5
0.0,2.4,32.0,7.0
0.0,2.1,33.0,8.5
0.0,1.4,29.0,13.0
0.0,2.8,32.5,9.0
0.0,2.4,34.0,11.0
0.0,0.8,30.0,11.0
0.0,1.7,27.5,15.0
0.0,3.0,30.0,9.0
5.0,0.4,22.0,8.0
0.0,1.5,23.0,12.0
0.0,1.4,22.0,7.0
0.0,3.0,30.0,6.0
0.0,2.5,32.0,6.0
0.0,2.3,32.0,8.0
0.0,3.0,32.0,6.5
0.0,3.2,33.0,6.5
0.0,1.7,30.0,6.0
0.0,2.1,30.0,9.0
0.0,2.4,26.0,11.5
0.0,2.7,28.0,5.5
0.0,3.0,30.0,4.5
0.0,2.1,35.0,5.0
0.0,2.3,27.0,4.0
0.0,1.2,23.0,11.0
0.0,2.2,27.0,10.0
0.0,1.5,26.0,9.5
0.0,2.4,24.0,6.0
0.0,3.2,26.0,8.0
6.5,1.0,22.0,4.5
3.0,0.4,15.5,7.5
0.0,2.0,24.0,4.0
0.0,3.4,28.0,3.0
1.0,3.0,13.5,2.0
0.0,1.3,22.5,8.5
0.0,3.6,23.0,2.5
0.0,1.9,28.5,2.0
0.0,2.6,26.0,9.0
0.0,2.7,28.0,6.0
0.0,3.2,29.5,6.0
0.0,3.0,32.0,4.0
0.0,3.9,33.0,6.0
0.0,4.5,32.0,7.5
0.0,5.1,31.5,6.5
0.0,1.8,25.0,9.0
11.0,1.1,19.0,11.0
1.0,3.0,20.0,9.0
0.0,3.1,24.0,2.0
0.0,0.9,19.0,3.0
0.0,3.3,23.0,2.0
0.0,1.7,26.0,2.5
0.0,1.2,20.5,7.5
0.0,5.0,27.5,10.5
0.0,2.4,28.5,7.0
0.0,9.1,28.0,5.5
0.0,4.1,28.5,2.5
0.0,4.0,32.0,4.0
0.0,5.1,31.5,6.0
0.0,4.3,31.5,6.0
0.0,5.2,32.0,7.5
0.0,4.9,29.0,12.0
0.0,4.9,28.5,7.0
0.0,3.4,29.0,5.5
0.0,6.4,28.5,10.0
0.0,4.7,28.0,4.0
0.0,4.2,21.5,3.5
0.0,5.4,29.0,7.0
0.0,4.1,28.0,4.5
0.0,4.6,29.0,4.0
0.0,5.5,32.0,2.5
0.0,6.1,36.0,3.0
0.0,4.2,32.0,6.5
0.0,5.2,30.5,8.5
0.0,5.6,33.0,7.0
0.0,6.4,35.5,8.0
0.0,6.5,34.0,9.0
0.0,6.2,34.0,9.0
0.0,4.9,34.5,8.0
0.0,6.4,36.0,8.5
0.0,5.8,32.5,10.0
0.0,6.2,34.0,6.5
0.0,7.0,33.5,7.5
0.0,6.8,35.0,10.0
0.0,6.4,36.0,10.0
0.0,7.8,37.0,9.0
0.0,6.7,36.0,10.0
0.0,7.6,36.5,7.0
0.0,6.3,35.0,6.0
0.0,5.1,33.5,11.0
0.0,5.5,32.5,12.0
0.0,6.4,32.5,15.0
0.0,7.1,33.5,11.0
0.0,7.2,32.5,7.0
0.0,6.8,31.5,8.0
0.0,6.3,31.0,8.5
0.0,7.3,33.0,8.0
0.0,7.6,32.0,10.5
7.5,6.4,31.0,15.0
1.0,5.8,29.5,16.0
3.0,3.9,30.0,15.0
0.0,5.3,31.5,16.0
0.0,6.4,33.5,14.0
0.0,6.2,35.0,15.0
0.0,7.7,32.5,18.5
0.0,6.4,32.5,15.0
0.0,7.2,36.0,15.5
0.0,7.3,36.0,14.0
0.0,2.3,35.0,11.0
0.0,6.2,33.0,14.5
0.0,6.3,32.0,18.0
0.0,8.7,35.5,15.0
0.0,9.0,34.5,15.0
0.0,6.2,33.0,12.0
0.0,7.9,32.5,15.0
0.0,7.6,33.0,11.0
0.0,6.7,33.0,14.0
0.0,8.3,34.5,14.0
0.0,8.7,34.0,11.0
0.0,8.1,32.5,12.0
0.0,6.9,31.5,17.5
0.0,8.2,32.5,19.0
0.0,9.3,36.0,14.5
0.0,9.6,36.5,13.5
0.0,7.9,31.0,11.5
0.0,10.2,37.0,10.0
0.0,9.8,39.0,13.0
0.0,5.4,25.0,18.0
0.0,10.3,38.0,13.0
0.0,10.7,38.0,14.5
0.0,10.8,37.5,15.5
0.0,8.3,38.0,16.0
0.0,11.4,39.0,18.0
0.0,14.5,40.0,18.5
0.0,8.7,38.0,18.0
0.0,8.0,36.5,18.5
0.0,6.5,36.0,21.0
0.0,8.6,34.5,20.0
0.0,9.2,36.0,21.5
0.0,9.0,38.0,16.0
0.0,8.7,38.0,17.0
0.0,8.5,36.0,18.0
0.0,6.4,37.0,17.0
0.0,7.0,34.0,23.0
0.0,9.4,39.0,20.5
0.0,9.3,39.0,20.5
0.0,9.8,39.0,20.0
0.0,9.6,37.5,12.0
0.0,9.1,40.0,12.0
0.0,10.1,40.0,21.5
0.0,10.0,39.0,22.0
0.0,10.7,39.5,21.0
0.0,8.2,40.0,22.0
0.0,8.3,38.0,21.0
0.0,9.6,36.5,24.0
0.0,10.6,40.0,22.0
0.0,9.8,39.0,22.0
0.0,9.8,39.0,30.0
0.0,9.112266666666669,40.5,22.5
0.0,8.4,37.0,24.5
0.0,8.8,38.0,24.0
0.0,7.5,39.0,24.5
0.0,8.9,38.0,24.0
0.0,8.9,41.0,23.0
0.0,10.9,42.0,23.0
0.0,9.3,41.5,23.5
0.0,9.7,39.0,23.5
0.0,10.2,40.0,20.0
0.0,11.1,38.5,18.0
0.0,9.9,37.0,18.0
0.0,9.8,38.0,19.0
0.0,9.1,40.0,22.0
0.0,10.077516666666666,43.0,26.0
0.0,10.0,41.0,25.0
0.0,12.1,39.0,23.0
0.0,8.9,39.0,23.0
1.5,11.4,41.0,24.5
0.0,9.1,38.5,24.5
0.0,10.0,39.0,25.0
0.0,9.6,40.0,24.0
6.0,8.1,40.0,24.0
0.0,8.5,40.0,23.5
19.0,10.8,41.0,24.0
79.5,11.3,31.0,23.0
0.0,6.8,35.5,24.5
0.0,5.7,37.0,24.5
0.0,7.3,37.0,25.5
0.0,6.7,37.5,24.5
0.0,8.0,37.5,19.77967694805195
2.0,6.5,38.5,24.5
0.0,7.2,38.0,23.0
0.0,8.1,38.0,24.0
0.0,8.1,35.0,24.0
1.0,2.8,32.0,24.0
0.0,4.6,35.0,22.5
0.0,6.6,37.0,23.0
0.0,8.3,39.5,21.5
2.0,7.0,40.0,22.0
0.0,8.5,39.5,26.0
0.0,5.8,39.0,24.5
3.0,7.0,40.0,23.0
0.0,6.0,38.5,24.0
47.5,8.2,36.5,25.0
0.0,6.2,35.5,21.5
0.0,8.0,37.0,25.0
29.5,6.6,34.0,24.0
8.0,5.9,33.5,23.0
1.0,5.5,34.0,23.0
0.0,2.8,35.0,24.0
10.5,8.1,34.0,24.5
0.0,5.1,32.0,23.0
22.0,3.5,33.5,25.0
0.0,6.3,34.0,22.5
0.5,4.4,34.0,25.5
5.0,6.3,34.0,23.5
0.0,3.2,30.5,22.0
1.0,4.9,33.5,24.0
0.0,6.3,35.0,24.0
0.0,3.7,34.5,23.0
1.5,5.6,34.0,23.0
7.0,6.5,35.0,24.0
5.5,3.9,33.0,23.5
0.0,3.7,32.0,23.5
51.0,7.2,35.0,23.5
2.5,3.3,32.0,21.0
0.0,5.8,33.0,23.5
0.0,3.0,33.0,23.0
20.5,6.1,35.0,25.0
3.5,4.8,32.0,23.5
9.0,3.8,31.5,24.5
72.5,3.3,30.0,23.0
0.0,2.8,31.0,23.0
4.5,4.5,32.0,24.0
18.0,5.5,32.5,23.5
5.5,5.1,31.0,23.0
0.0,5.6,32.0,23.0
0.0,2.7,32.0,23.0
0.0,3.1,32.5,24.5
0.0,5.5,35.0,24.0
0.0,5.6,35.0,23.0
2.5,3.0,32.5,23.5
10.0,4.2,32.0,23.5
0.0,4.0,32.5,23.0
58.5,4.4,33.0,23.5
0.5,4.8,32.5,21.0
14.5,2.8,28.5,23.0
0.0,5.2,32.0,21.0
0.0,4.6,32.5,22.5
0.0,4.9,33.0,23.0
10.5,3.9,32.0,23.5
3.0,3.9,30.0,24.0
0.0,5.1,32.0,23.0
0.0,6.0,32.0,23.0
0.0,5.1,33.5,23.5
0.0,5.1,35.0,22.0
18.0,4.1,34.0,23.5
0.0,5.2,32.0,22.0
0.0,4.664728499560146,34.0,23.5
17.5,6.9,34.0,20.5
0.0,5.5,33.0,23.0
40.0,4.2,32.0,21.0
1.5,2.0,28.0,21.5
0.0,3.3,31.0,22.0
0.0,6.1,33.0,23.0
2.0,3.8,33.0,23.5
0.0,2.7,32.0,24.5
0.0,4.5,33.5,21.0
7.0,5.4,34.5,23.0
60.5,9.0,33.5,21.0
4.0,4.9,32.0,21.0
0.0,3.4,33.0,23.0
0.0,4.7,33.5,21.0
0.0,4.6,34.5,20.5
0.0,5.3,33.0,19.5
0.0,5.6,33.5,18.5
0.0,5.0,33.5,23.5
0.0,4.4,33.5,22.0
0.0,4.1,34.5,23.0
5.0,1.9,31.0,22.0
0.0,3.5,33.0,22.5
0.0,4.2,34.0,22.0
0.0,4.5,34.0,20.0
0.0,3.9,33.0,20.0
0.0,4.2,32.5,22.0
0.0,4.4,33.0,22.0
0.0,3.8,33.0,19.0
0.0,4.7,34.5,21.0
0.0,4.2,35.0,21.0
0.0,4.5,34.0,19.0
0.0,4.8,34.5,18.5
0.0,4.8,35.5,19.0
0.0,5.2,36.0,19.5
0.0,4.8,35.5,21.0
0.0,5.2,34.0,18.5
0.0,4.5,35.0,17.0
0.0,4.7,36.0,16.0
0.0,5.1,34.0,19.0
0.0,4.9,36.0,20.5
0.0,5.2,37.0,15.5
0.0,4.8,38.0,15.0
0.0,4.8,37.0,13.5
0.0,4.6,34.5,14.5
0.0,4.4,35.0,16.5
0.0,4.9,35.0,15.0
0.0,4.9,36.5,13.0
0.0,4.5,35.0,14.0
0.0,4.8,37.0,10.0
0.0,4.7,36.5,9.0
0.0,4.4,36.5,10.0
0.0,4.7,38.0,12.0
0.0,4.8,38.0,10.0
0.0,4.5,38.0,10.0
0.0,3.7,36.0,10.0
0.0,4.7,36.0,10.0
0.0,4.5,35.0,10.5
0.0,3.5,33.0,11.0
0.0,4.5,34.0,11.0
0.0,4.5,34.0,11.0
0.0,2.8,34.0,11.0
0.0,4.6,30.0,12.0
0.0,3.2,32.0,9.5
0.0,3.9,33.0,10.0
0.0,3.8,33.0,10.0
0.0,3.6,35.0,9.5
0.0,3.9,34.5,10.0
0.0,3.5,34.5,13.0
0.0,3.3,36.0,15.0
0.0,4.3,37.0,14.0
0.0,3.8,36.0,15.0
0.0,4.1,34.0,15.0
0.0,4.5,32.0,13.5
0.0,4.6,37.0,11.0
0.0,3.8,36.0,16.5
0.0,5.5,35.5,10.0
0.0,2.0,32.0,9.0
0.0,2.8,34.0,8.5
0.0,3.4,35.0,9.0
0.0,4.1,32.0,10.5
0.0,3.6,32.0,6.0
0.0,3.9,36.0,6.5
0.0,3.6,35.0,6.0
0.0,3.8,33.0,7.0
0.0,3.6,33.5,8.0
0.0,3.3,34.0,7.0
0.0,3.5,37.0,6.0
0.0,2.7,34.0,6.0
0.0,3.7,32.0,7.0
0.0,3.4,33.0,8.0
0.0,3.5,34.0,8.0
0.0,3.5,29.0,10.0
0.0,4.9,29.0,3.0
0.0,4.0,31.5,5.0
0.0,2.2,32.0,4.5
0.0,3.1,31.5,4.5
0.0,3.4,32.0,5.5
0.0,4.0,30.0,7.0
0.0,1.8,30.0,7.0
0.0,4.4,32.0,5.0
0.0,1.9,31.0,4.0
0.0,1.9,29.0,5.0
0.0,2.5,32.0,2.0
2.0,0.8,26.0,10.0
1.5,3.6,28.0,11.0
0.0,0.8,29.0,12.0
0.0,2.6,30.0,10.5
0.0,1.7,24.5,15.0
0.0,2.5,27.0,14.0
0.0,1.1,25.0,15.5
0.0,2.0,26.5,17.0
0.0,3.1,29.0,10.5
0.0,2.3,23.0,5.5
0.0,3.1,23.0,5.0
2.0,1.9,23.0,7.0
14.5,2.1,24.0,8.5
0.0,2.2,27.0,6.0
0.0,2.7,26.0,4.5
0.0,2.7,32.0,6.5
0.0,2.9,31.0,2.5
0.0,3.4,30.0,2.0
0.0,1.2,22.0,5.0
0.0,1.6,21.5,4.0
0.0,2.4,24.5,2.0
4.0,3.9,24.0,2.0
4.5,0.6,14.0,6.0
14.0,7.7,24.0,6.0
0.0,2.7,25.0,9.0
0.0,2.3,28.0,6.0
0.0,2.9,31.0,5.5
0.0,3.2,34.0,5.0
0.0,2.8,32.0,5.0
0.0,2.8,31.0,4.0
0.0,3.0,32.0,5.5
0.0,3.3,33.0,6.0
0.0,3.2,33.0,6.5
0.0,3.7,33.0,5.0
0.0,3.4,31.0,5.5
0.0,5.4,33.0,5.5
0.0,2.8,31.0,5.0
0.0,3.7,30.5,4.0
0.0,4.8,33.5,5.0
0.0,3.3,34.0,5.0
0.0,3.8,35.0,6.0
0.0,4.2,33.5,6.0
0.0,4.8,32.0,5.5
0.0,3.9,32.0,6.0
0.0,3.5,33.0,5.5
0.0,2.6,32.5,5.5
0.0,3.2,30.0,10.0
0.0,3.8,28.0,14.0
0.0,4.1,27.5,5.5
0.0,4.1,28.0,2.5
0.0,4.1,29.0,3.0
0.0,4.1,31.0,2.0
0.0,4.6,30.0,2.0
0.0,4.7,31.0,3.0
0.0,4.3,35.0,3.5
0.0,5.0,35.0,5.0
0.0,4.8,34.5,5.0
0.0,4.6,32.0,8.0
0.0,5.8,34.0,10.0
0.0,4.9,32.5,11.0
0.0,2.1,26.5,17.0
0.0,4.0,29.0,17.0
0.0,4.4,31.0,9.5
0.0,4.8,32.0,8.0
0.0,5.2,33.0,7.5
0.0,5.6,33.0,7.5
0.0,5.4,34.0,8.0
0.0,5.7,35.0,9.0
0.0,6.1,35.5,8.5
0.0,5.9,35.0,8.5
0.0,4.5,34.0,8.0
0.0,7.7,32.0,5.5
0.0,6.4,32.5,6.5
0.0,7.4,34.0,7.0
0.0,5.0,33.0,5.0
0.0,6.5,32.0,6.0
0.0,6.2,31.5,6.0
0.0,4.4,29.5,7.0
1.0,3.5,30.0,11.5
0.0,6.2,32.0,14.0
0.0,6.3,39.5,8.5
0.0,7.7,40.0,9.0
0.0,7.6,38.0,10.0
0.0,7.1,38.0,10.0
0.0,6.5,38.0,9.5
0.0,7.2,39.5,9.0
0.0,6.9,34.0,12.0
0.0,3.9,35.0,9.0
0.0,10.9,34.0,14.5
0.0,10.0,34.0,15.0
0.0,3.4,34.5,13.0
0.0,7.4,35.5,11.0
0.0,8.0,35.0,6.5
0.0,7.7,34.0,6.5
0.0,7.4,34.0,9.0
0.0,7.1,32.5,6.5
0.0,7.1,34.0,12.0
0.0,7.1,36.5,9.0
0.0,8.2,38.5,10.0
0.0,7.9,33.0,11.5
0.0,6.9,33.0,11.0
0.0,7.5,34.0,10.0
0.0,7.9,35.0,9.0
0.0,7.0,38.0,10.0
0.0,7.0,39.0,10.0
0.0,7.7,35.5,14.0
0.0,6.9,35.5,15.5
0.0,9.2,38.5,17.0
0.0,9.6,39.0,15.0
0.0,9.2,38.0,13.0
0.0,8.1,38.5,13.0
0.0,8.7,39.0,16.0
0.0,9.1,37.0,12.0
0.0,0.8,23.5,17.0
0.0,7.0,32.0,8.0
0.0,8.1,35.5,8.0
0.0,8.9,36.5,9.0
0.0,9.1,38.0,10.0
0.0,8.9,38.0,11.0
0.0,8.9,37.5,15.0
0.0,8.7,35.5,13.0
0.0,7.7,35.0,12.5
0.0,8.4,36.0,12.0
0.0,8.8,37.0,11.5
0.0,10.1,38.0,11.0
0.0,9.7,37.5,11.0
0.0,9.4,37.0,12.0
0.0,6.1,37.0,12.0
0.0,10.3,39.0,14.0
0.0,8.8,39.0,12.5
0.0,8.1,39.0,14.5
0.0,10.6,37.0,13.0
0.0,6.111302689728535,36.0,10.0
0.0,10.1,37.5,9.5
0.0,8.7,37.5,9.0
0.0,8.6,38.5,10.5
0.0,8.8,39.5,11.5
0.0,9.3,42.0,13.5
0.0,10.3,44.0,15.0
0.0,9.4,37.5,15.0
0.0,7.4,35.0,16.5
0.0,9.3,39.0,18.5
0.0,10.2,42.0,17.0
0.0,10.7,39.5,14.0
0.0,8.5,37.0,14.5
0.0,9.9,38.5,13.5
0.0,8.8,36.0,14.0
0.0,9.1,36.0,18.5
0.0,8.8,38.0,18.0
0.0,9.8,39.0,19.0
0.0,8.6,39.5,18.0
0.0,9.9,40.0,18.0
0.0,7.9,39.0,22.0
0.0,8.4,41.0,20.0
0.0,10.7,38.0,20.0
0.0,10.0,39.0,20.5
0.0,9.6,39.5,23.0
0.0,11.4,38.0,18.0
0.0,9.2,39.5,15.5
0.0,7.6,37.0,16.5
0.0,10.6,37.0,13.0
0.0,10.0,34.0,13.5
0.0,8.9,34.0,13.0
0.0,8.9,37.0,14.0
0.0,8.2,40.0,20.5
0.0,8.8,39.0,20.0
0.0,11.1,39.5,24.0
0.0,10.5,40.0,24.5
0.0,10.5,38.5,23.5
0.0,9.8,39.0,24.5
0.0,10.8,42.5,22.5
0.0,9.9,40.0,21.5
0.0,10.0,39.0,22.0
0.0,10.4,38.5,21.0
0.0,10.8,38.0,21.5
0.0,9.0,39.0,18.0
0.0,9.8,40.0,19.5
0.0,10.0,40.5,21.0
0.0,9.4,39.5,21.5
11.0,5.8,37.0,22.0
0.0,4.1,31.0,23.0
0.0,7.1,37.0,23.5
0.0,8.0,38.0,24.5
0.0,4.4,34.0,24.5
16.5,6.8,38.0,25.5
0.0,3.1,32.0,22.5
18.5,1.9,31.5,25.0
5.0,2.6,31.0,24.5
3.0,4.5,37.0,25.0
0.0,6.2,36.0,23.0
3.0,5.6,38.0,24.0
2.5,5.9,37.0,23.5
1.0,4.7,36.0,23.5
21.5,6.3,35.0,24.0
1.5,2.0,30.5,22.0
5.5,3.7,33.5,22.5
10.0,3.8,32.0,23.0
8.5,4.8,33.0,23.0
0.0,5.3,34.0,24.0
0.0,5.2,35.5,23.5
3.0,5.9,35.0,23.0
0.0,5.8,35.0,23.0
0.0,7.9,36.0,22.0
29.5,6.9,37.0,23.0
0.0,3.7,34.0,22.5
0.0,5.4,36.0,23.5
31.0,7.0,36.0,24.0
25.5,7.0,34.0,23.5
1.0,5.3,34.0,22.0
18.0,6.5,34.0,23.0
0.0,4.1,33.5,21.5
0.0,4.3,35.0,24.0
0.0,5.6,34.0,22.0
0.0,4.2,35.0,24.0
0.0,4.7,34.0,24.0
11.0,6.4,36.0,21.0
1.0,4.3,32.5,22.0
60.5,7.6,33.5,22.5
0.0,4.7,33.0,21.5
0.0,5.9,34.0,21.5
0.0,5.0,36.0,23.5
21.5,7.7,36.0,23.0
0.5,4.5,34.0,20.0
1.0,3.7,34.0,24.0
129.0,15.9,33.0,24.0
1.0,1.3,30.0,22.5
0.0,4.6,33.0,22.5
1.0,4.8,35.0,23.5
0.0,5.2,33.5,22.0
0.0,5.6,36.0,22.0
7.0,6.7,37.0,22.0
3.0,5.3,34.0,22.0
22.5,5.1,33.0,23.0
0.0,4.1,32.0,21.5
26.0,6.5,33.0,24.5
1.5,5.0,33.5,23.0
0.0,3.7,33.0,23.5
32.5,4.8,31.5,24.5
5.0,2.8,30.0,21.0
9.0,2.6,30.5,22.0
0.0,3.3,32.0,23.5
7.0,5.3,34.5,23.5
1.0,3.7,32.5,22.0
14.0,6.1,31.0,23.0
42.0,7.4,31.5,22.0
0.0,3.5,32.0,23.0
2.5,1.6,29.0,23.5
0.0,3.9,33.0,23.5
2.0,4.2,32.0,24.0
0.0,3.3,33.0,25.0
7.5,7.3,34.0,22.5
42.5,5.592,33.5,21.0
2.5,1.8,32.0,22.0
4.5,1.8,31.0,23.0
15.0,0.6,25.0,23.0
0.0,1.4,29.5,23.0
0.0,3.7,33.0,22.0
0.0,3.7,33.0,22.0
2.5,3.1,33.0,22.5
36.0,6.3,32.0,21.5
0.0,3.1,30.0,21.5
0.0,2.6,32.0,23.0
0.0,3.8,32.5,22.0
27.0,5.6,33.0,23.5
6.0,4.4,33.0,22.0
0.0,3.5,33.0,21.5
0.0,3.8,33.5,23.0
4.5,3.2,33.5,24.0
0.0,3.0,32.0,21.0
0.5,1.5,31.5,24.0
0.0,3.6,32.0,21.5
0.0,2.4,33.0,23.0
11.0,5.2,33.0,23.0
0.0,4.0,32.0,21.0
1.5,2.8,33.0,24.0
0.0,4.3,34.0,23.0
21.0,5.0,34.5,23.5
0.0,4.5,33.0,23.5
0.0,4.3,35.0,22.0
0.0,4.6,35.0,22.0
11.0,5.2,35.0,22.5
0.0,3.2,33.0,21.0
0.0,3.2,32.5,22.0
0.0,4.1,33.0,22.5
0.0,4.7,34.0,23.0
0.0,3.1,34.0,23.0
0.0,4.0,33.0,21.5
0.0,5.6,33.5,22.0
0.0,2.4,26.0,22.0
0.0,4.1,32.5,22.0
0.0,2.2,31.0,24.0
0.0,4.0,33.5,20.5
0.0,4.2,34.0,20.0
0.0,4.5,34.5,21.0
0.0,3.3,32.0,22.0
19.5,4.4,32.0,22.0
1.0,0.2,26.0,20.0
0.0,2.9,31.0,20.0
0.0,3.5,31.5,22.0
0.0,4.2,33.0,21.0
0.0,4.3,35.5,19.0
0.0,3.1,32.0,17.0
0.0,2.3,31.5,17.0
0.0,3.8,34.5,12.0
0.0,3.7,35.0,13.0
0.0,2.4,25.0,14.5
0.0,6.5,33.0,16.0
0.0,4.6,32.0,17.0
0.0,4.0,34.0,15.0
0.0,3.0,37.0,15.0
0.0,4.2,35.0,17.0
1.0,3.6,33.5,19.0
0.0,3.2,32.5,19.0
0.0,2.4,31.0,13.0
0.0,2.4,29.0,18.0
0.0,3.5,30.5,18.0
0.0,4.0,31.0,14.0
0.0,3.3,31.0,12.0
0.0,3.6,32.5,11.0
0.0,4.0,32.5,10.5
0.0,3.1,33.0,11.0
0.0,4.1,34.0,14.0
0.0,3.9,34.0,13.5
0.0,4.2,34.0,11.0
0.0,3.7,34.0,8.0
0.0,3.5,34.0,7.0
0.0,3.6,35.0,9.5
0.0,4.2,37.5,8.0
0.0,4.0,36.0,9.0
0.0,4.0,37.0,10.0
0.0,2.3,33.5,13.0
0.5,1.1,27.5,16.5
0.0,1.2,33.0,12.5
0.0,4.7,35.0,11.0
0.0,2.0,33.0,12.0
0.0,4.6,34.0,14.0
0.0,3.9,35.0,11.5
0.0,3.4,33.5,11.5
0.0,3.6,32.5,12.0
0.0,3.0,32.0,14.0
0.0,2.9,33.0,15.0
0.0,3.2,33.0,16.0
0.0,4.8,34.0,16.0
0.0,3.4,35.0,13.0
0.0,3.8,33.5,10.0
0.0,3.3,35.0,9.0
0.0,2.4,33.5,7.0
0.0,2.5,30.5,8.0
0.0,0.7,24.0,11.0
2.0,0.2,21.0,16.0
0.0,2.7,31.0,10.0
0.0,3.8,31.0,8.0
0.0,3.2,32.0,5.5
0.0,2.7,29.0,6.0
0.0,3.0,27.0,7.5
0.0,3.8,23.5,4.0
0.0,2.5,26.0,2.0
0.0,2.9,26.5,3.0
0.5,1.1,23.5,5.0
47.5,2.1,20.5,12.0
13.0,1.8,20.0,17.0
1.0,2.1,19.0,16.0
0.0,2.3,23.0,9.0
0.0,2.0,25.0,9.0
0.0,1.6,23.0,10.5
0.0,2.4,25.5,12.0
0.0,2.1,26.0,8.0
0.0,1.9,31.0,10.0
0.0,3.7,31.0,14.0
0.0,1.3,25.0,13.0
0.0,2.7,31.0,12.0
0.0,2.6,29.0,11.0
0.0,2.4,28.0,11.0
0.0,2.6,28.0,7.5
0.0,2.1,27.0,7.5
3.5,0.9,22.0,10.5
22.0,1.1,17.0,15.0
0.0,0.7,24.0,10.0
3.0,0.8,23.0,11.0
0.0,1.2,25.5,13.0
0.0,1.2,27.0,14.0
0.0,1.9,28.0,14.0
0.0,2.5,29.0,12.0
0.0,0.4,22.0,11.0
0.0,2.5,25.0,13.5
0.0,2.4,27.5,8.0
0.0,2.5,28.0,6.0
0.0,2.7,23.0,8.5
0.0,2.8,31.0,6.0
0.0,2.3,31.5,8.0
0.0,2.6,31.0,7.5
0.0,3.0,26.0,8.0
0.0,2.3,28.0,11.0
0.0,3.3,27.0,12.0
0.0,2.9,28.0,8.0
0.0,2.6,28.0,5.5
0.0,1.5,28.5,5.5
0.0,4.0,27.0,6.0
0.0,3.1,28.0,3.0
0.0,3.2,30.5,4.5
0.0,3.3,31.5,4.0
0.0,2.5,29.0,7.0
23.5,3.4,17.5,8.5
11.5,0.4,18.0,14.0
0.0,1.3,26.5,12.0
0.0,0.9,24.5,13.0
0.0,1.1,26.5,15.0
0.0,2.1,29.0,11.0
0.0,3.0,28.5,12.0
0.0,3.4,31.0,10.0
0.0,2.2,30.0,10.0
0.0,3.9,29.0,13.5
0.0,3.5,32.0,11.0
0.0,2.9,32.0,10.0
0.0,1.5,31.0,10.5
0.0,3.2,31.0,10.0
85.0,1.8,24.0,13.0
26.5,3.6,22.0,14.0
0.0,2.8,26.0,15.0
0.0,2.7,25.5,10.5
15.0,1.3,21.0,10.5
0.5,1.7,21.5,12.0
0.0,2.2,28.5,14.0
0.5,3.3,26.0,15.0
0.0,1.9,26.5,13.0
0.0,3.5,29.0,11.0
0.0,3.7,29.0,10.0
0.0,3.9,30.5,10.0
0.0,3.9,30.5,10.0
0.0,3.6,28.5,11.0
0.0,3.2,28.0,13.0
0.0,4.1,30.5,13.0
0.0,4.3,31.5,14.0
0.0,4.2,31.0,13.0
0.0,4.5,33.0,14.0
0.0,3.0,27.0,11.0
0.0,0.7,26.0,15.0
12.6,6.7,26.0,18.5
16.5,1.7,21.5,12.5
10.5,0.1,19.0,10.5
3.5,1.0,22.0,12.5
11.5,2.3,23.0,14.5
0.0,3.9,26.5,12.0
0.0,4.2,27.5,12.0
0.0,3.0,26.0,12.5
0.0,5.4,27.0,12.0
0.5,1.0,21.5,10.0
0.0,4.0,22.5,9.0
0.0,3.8,26.0,9.5
0.0,4.7,30.0,6.5
0.0,4.6,30.0,8.5
0.0,4.0,30.5,8.5
0.0,4.162972102897103,31.5,9.0
0.0,6.8,30.5,10.5
0.0,5.2,26.0,9.0
0.0,3.9,26.0,14.0
0.0,1.1,23.0,10.0
0.0,4.0,25.0,5.0
0.0,4.5,30.0,3.0
0.0,5.1,34.5,5.5
0.0,4.9,34.0,7.5
0.0,5.1,33.0,9.0
0.0,5.4,32.0,8.0
0.0,5.1,32.0,9.0
0.0,4.1,33.5,11.0
0.0,5.4,34.0,13.5
0.0,5.5,34.5,12.0
0.0,6.2,35.0,10.0
0.0,5.0,35.0,11.0
0.0,5.2,33.0,10.0
0.0,5.8,32.0,9.0
0.0,5.0,32.0,7.5
0.0,6.5,34.5,9.0
0.0,4.8,32.5,10.0
0.0,4.2,32.0,12.5
0.0,3.2,30.0,14.5
0.0,5.4,31.5,13.5
0.0,5.8,28.0,16.0
1.5,1.8,27.5,15.5
0.0,5.0,29.0,14.0
0.0,4.6,33.0,11.5
0.0,6.4,34.5,13.0
0.0,5.1,35.5,15.0
0.0,4.9,33.0,16.0
0.0,5.2,33.5,14.0
0.0,5.1,32.0,14.0
0.0,3.5,30.5,18.0
0.5,1.8,24.0,17.5
0.0,3.6,29.0,17.5
0.0,6.3,24.0,13.5
0.0,5.8,34.5,11.0
0.0,6.1,36.0,11.0
0.0,7.9,35.5,11.0
0.0,7.0,36.5,7.5
0.0,7.7,36.0,10.5
0.0,6.8,36.5,16.0
0.0,7.0,38.5,13.0
0.0,6.6,37.0,16.5
0.0,4.3,32.0,17.0
0.0,5.9,34.5,14.0
0.0,5.1,34.0,20.0
0.0,6.8,34.5,13.5
0.0,7.1,34.0,14.0
0.0,8.0,34.0,12.0
0.0,4.797097580614331,35.0,12.0
0.0,10.2,36.5,13.0
0.0,7.9,38.0,14.0
0.0,8.1,38.0,14.0
0.0,9.4,37.0,16.0
0.0,6.3,34.0,15.0
0.0,7.5,35.0,14.0
0.0,7.9,38.5,15.0
0.0,8.0,32.0,14.0
0.0,6.5,36.0,16.5
0.0,8.1,38.5,15.0
0.0,8.2,38.5,13.5
0.0,7.9,36.0,15.5
0.0,8.2,37.0,16.0
0.0,7.5,37.0,16.0
0.0,9.2,36.0,17.0
0.0,8.0,36.0,15.5
0.0,8.0,37.0,18.0
0.0,7.4,38.0,18.0
0.0,9.0,39.0,18.0
0.0,8.6,39.5,20.0
0.0,9.0,38.0,19.5
0.0,8.6,38.0,20.5
0.0,8.9,38.0,20.0
0.0,7.4,39.0,19.5
0.0,8.2,37.0,19.5
0.0,7.8,35.0,21.5
0.0,8.5,35.0,21.0
0.0,4.6,31.0,23.0
0.0,6.2,31.0,20.5
0.0,2.7,27.0,22.0
0.0,3.5,26.0,21.0
0.0,7.3,32.0,15.0
0.0,6.8,34.0,17.0
0.0,3.4,32.0,18.0
0.0,4.3,31.0,20.0
0.0,6.1,35.0,23.0
0.0,7.7,36.0,24.0
0.0,9.8,38.0,22.0
0.0,8.5,37.5,22.0
0.0,9.4,39.0,22.0
0.0,9.9,38.5,24.0
0.0,10.5,39.0,22.0
0.0,9.172861835584435,40.0,22.5
0.0,9.9,40.0,23.0
0.0,10.1,39.0,23.0
0.0,8.1,38.0,24.0
0.0,7.3,35.0,23.0
0.0,7.4,35.0,23.0
0.0,4.1,33.0,23.0
0.0,7.8,37.5,24.0
0.0,7.9,38.0,24.0
0.0,7.4,36.5,25.0
0.0,6.8,36.0,24.5
0.0,6.7,37.0,24.5
0.0,6.9,37.0,23.0
41.0,6.6,37.0,24.5
11.5,6.2,36.0,23.5
4.0,6.1,37.0,25.0
27.0,5.6,32.5,23.5
1.0,5.5,39.0,22.0
35.5,7.9,36.0,23.0
0.0,3.9,34.0,24.0
0.0,6.9,37.0,24.0
38.0,6.9,34.5,25.5
3.0,4.8,33.5,22.5
14.0,2.8,32.0,24.0
0.0,3.8,32.5,23.0
0.5,4.1,33.0,22.5
51.5,6.1,30.5,24.0
0.0,3.9,32.0,22.0
2.5,6.0,34.0,23.5
1.5,4.2,33.0,23.0
27.5,5.6,34.0,24.0
1.5,3.2,32.5,23.0
9.5,6.1,33.5,23.5
0.0,4.3,33.5,22.5
0.5,4.6,34.0,24.0
3.0,4.8,34.0,24.5
3.0,1.7,27.0,23.5
0.0,5.1,33.0,21.5
1.5,5.9,34.0,24.0
0.0,3.7,34.0,23.0
0.0,5.6,36.0,23.0
71.0,6.6,34.0,23.0
20.5,4.0,31.5,22.0
6.0,3.9,31.0,23.5
44.0,7.6,25.0,22.0
1.5,4.7,32.0,23.0
0.0,5.7,33.5,23.0
0.0,4.7,34.5,24.5
2.5,5.4,33.5,23.0
16.0,6.1,34.0,23.0
0.0,3.7142251710549075,32.0,22.0
0.0,3.3,33.5,23.0
0.0,8.5,33.5,23.5
0.0,4.4,34.2,23.0
0.0,5.8,34.5,23.0
0.0,5.9,35.5,25.0
0.0,6.2,36.0,25.0
0.0,6.9,37.0,22.0
39.5,4.0,34.0,24.0
0.0,2.7,32.0,22.0
0.5,1.5,28.0,23.0
0.0,4.3,30.0,23.5
0.0,4.7,33.5,21.0
37.5,9.8,33.5,23.0
0.0,3.4,33.0,22.0
13.0,3.0,32.0,22.0
0.0,2.0,31.5,23.0
2.5,4.8,33.5,21.0
34.5,6.3,33.0,23.5
0.0,4.8,32.5,21.0
4.0,5.2,35.0,23.0
6.5,2.2,30.0,21.5
0.5,2.3,30.0,23.0
0.0,3.7,31.5,23.5
3.5,4.1,31.0,23.0
0.0,3.9,33.0,23.0
0.0,3.9,33.0,22.0
0.0,3.9,33.0,22.0
2.0,3.9,33.0,23.0
0.0,3.9,33.5,23.0
0.0,4.2,34.0,23.0
1.0,6.6,36.0,24.0
0.0,4.8,36.0,21.5
21.0,6.4,37.0,23.0
0.0,3.0,33.0,22.0
17.0,2.0,29.0,23.0
27.5,4.9,29.0,22.0
9.0,3.7,33.5,22.0
0.0,4.6,31.0,22.0
0.0,3.6,32.0,22.0
0.0,3.8,31.5,21.0
0.0,4.1,33.0,22.0
0.0,5.0,34.0,23.0
0.0,4.4,34.0,21.5
0.0,4.7,34.0,24.0
0.0,4.3,34.5,24.5
1.0,2.8,34.5,22.0
17.0,7.7,35.0,23.5
0.0,4.5,35.5,20.5
4.5,4.1,35.0,21.5
0.0,4.5,33.0,21.5
0.0,3.3,33.0,22.0
0.0,4.5,34.0,22.5
0.0,3.8,34.5,21.5
1.0,2.8,34.0,22.0
0.0,4.0,31.5,23.0
0.0,4.2,34.0,21.0
0.0,5.2,36.0,19.0
0.0,4.9,35.0,18.0
0.0,4.9,35.0,18.5
0.0,5.7,33.0,15.0
0.0,3.8,34.0,16.0
0.0,5.3,34.0,18.0
0.0,3.6,34.0,20.5
0.0,3.9,33.0,21.0
0.0,4.4,34.0,20.0
0.0,3.5,35.0,20.0
0.0,4.1,36.0,19.0
0.0,4.4,35.5,21.0
0.0,5.4,36.0,20.0
0.0,4.3,35.0,15.0
0.0,4.3,34.5,15.0
0.0,4.4,35.0,15.0
0.0,4.8,35.5,16.0
0.0,5.2,35.0,15.0
0.0,3.8,35.0,15.0
0.0,3.8,35.0,14.0
0.0,4.5,35.0,17.0
0.0,4.7,38.0,16.5
0.0,4.2,35.5,18.0
0.0,4.7,35.0,18.0
0.0,5.2,34.0,18.5
0.0,3.3,33.5,21.0
0.0,4.0,32.5,20.0
0.0,4.2,34.0,20.0
0.0,6.3,34.0,13.5
0.0,4.2,33.0,11.0
0.0,2.9,34.5,11.0
0.0,4.4,33.0,12.0
0.0,3.3,33.0,12.0
0.0,3.9,33.5,10.0
0.0,3.7,33.0,12.0
0.0,2.5,31.0,12.5
0.0,4.4,31.0,12.5
0.0,3.8,32.0,11.0
0.0,3.9,32.0,10.0
0.0,3.6,34.5,10.0
38.0,3.0,29.0,14.5
5.0,2.2,23.0,17.0
0.0,2.4,27.5,11.0
0.0,2.1,28.0,13.0
0.0,2.9,27.5,11.0
0.0,2.9,30.0,10.0
0.0,2.8,31.0,9.0
0.0,5.9,32.0,10.0
0.0,2.0,33.0,10.5
0.0,1.1,31.0,11.0
0.0,2.2,30.0,11.0
1.0,3.5,32.0,10.5
21.0,3.2,28.5,12.0
1.0,2.9,25.0,15.0
0.0,2.2,23.0,6.0
0.0,1.7,25.0,5.0
3.5,0.7,21.0,8.0
0.0,2.4,22.0,7.0
0.0,1.5,26.0,6.0
0.0,2.7,30.5,8.0
0.0,2.8,31.0,8.0
0.0,2.8,32.0,6.0
0.0,2.8,31.0,8.0
0.0,0.4,28.0,7.5
0.0,1.8,31.0,9.0
0.0,2.2,31.0,12.0
0.0,2.8,31.0,9.5
0.0,2.1,30.0,9.0
0.0,2.4,31.5,10.5
0.0,2.6,31.0,11.0
0.0,2.2,30.0,11.0
0.0,3.0,33.0,8.0
0.0,2.8,31.0,7.0
0.0,2.6,30.0,7.0
0.0,4.054209930639535,31.0,5.5
0.0,2.7,26.5,6.0
0.0,0.6,21.5,6.5
5.0,0.8,25.5,7.5
13.0,0.4,19.0,14.5
0.0,3.5,29.5,16.0
0.0,2.0,31.0,10.0
0.0,0.8,26.0,11.5
3.0,2.0,26.0,13.0
0.0,2.3,24.0,15.0
0.0,1.6,27.0,10.0
0.0,2.1,26.0,8.0
0.0,1.0,23.0,9.0
1.0,0.4,22.0,12.0
0.0,1.1,22.0,14.5
0.0,2.0,29.0,10.0
0.0,2.5,30.5,10.0
0.0,2.3,30.0,9.0
0.0,2.7,30.5,8.0
0.0,2.8,31.0,7.5
0.0,3.0,32.0,7.0
0.0,2.0,31.0,8.0
0.0,3.0,30.5,8.0
0.0,3.1,31.0,6.0
0.0,3.1,31.0,6.0
0.0,3.1,30.5,6.5
0.0,2.7,31.0,8.0
1.0,2.4,30.0,8.5
0.0,3.0,29.0,12.0
0.0,2.3,29.0,10.0
0.0,3.2,29.0,9.5
0.0,2.9,29.0,8.5
0.0,2.6,28.5,9.5
0.0,3.3,30.0,10.0
0.0,3.2,30.0,8.5
0.0,3.4,31.0,7.0
0.0,3.3,30.0,7.5
0.0,3.2,30.0,7.5
0.0,3.2,32.0,7.0
0.0,3.7,32.5,8.5
0.0,3.3,32.0,10.5
0.0,3.3,32.0,10.0
0.0,2.8,29.5,12.5
0.0,2.8,31.5,9.5
0.0,1.6,26.0,12.0
0.0,3.4,29.0,13.0
0.0,2.1,25.5,7.0
0.0,1.5,28.0,9.0
0.0,3.5,32.0,12.5
0.0,2.1,27.0,15.0
0.0,1.6,27.0,15.0
0.0,3.8,31.0,16.5
0.0,1.9,30.0,11.5
0.0,4.1,31.0,13.0
0.0,4.0,30.0,9.5
0.0,4.4,31.0,9.0
2.0,4.4,27.0,9.5
6.5,1.0,21.5,12.5
0.0,3.6,25.0,11.0
0.0,2.3,28.5,7.0
0.0,5.3,29.0,8.0
0.0,3.5,32.0,8.5
0.0,2.7,28.0,8.0
0.0,2.3,22.0,12.0
0.0,3.0,25.0,15.0
0.0,3.3,26.0,9.5
0.0,4.3,25.0,10.0
0.0,2.3,26.0,9.0
0.0,2.6,29.0,6.0
0.0,3.7,31.0,7.0
0.0,2.7,30.0,10.0
0.0,6.4,34.5,7.0
0.0,4.7,32.0,13.5
0.0,5.0,31.0,16.0
0.0,5.6,32.0,7.0
0.0,5.4,31.0,6.5
0.0,3.9,26.0,9.0
0.0,5.5,27.0,11.0
0.0,4.8,27.0,2.0
0.0,5.9,27.0,8.0
0.0,5.1,28.5,5.5
0.0,5.1,27.5,9.5
0.0,2.6,25.0,8.5
0.0,4.6,29.0,8.0
0.0,6.9,30.5,4.0
0.0,2.7,27.0,6.0
0.0,4.9,26.5,11.0
0.0,5.4,24.0,6.5
0.0,5.5,25.0,2.0
0.0,5.5,31.5,2.0
0.0,6.6,35.5,4.0
0.0,7.7,35.0,7.0
0.0,7.4,35.0,9.0
0.0,8.2,34.0,8.5
0.0,6.0,31.0,16.0
0.0,5.7,30.0,6.5
0.0,5.7,32.0,8.0
0.0,6.5,34.0,8.0
0.0,7.4,34.0,10.0
0.0,6.6,35.0,9.5
0.0,7.4,33.5,8.5
0.0,6.9,37.0,8.0
0.0,8.2,38.0,10.0
0.0,8.3,35.0,11.0
0.0,7.0,38.0,13.0
0.0,6.0,35.0,11.0
0.0,5.4,35.0,14.0
0.0,8.1,36.0,12.0
0.0,8.7,37.0,13.5
0.0,8.4,40.0,11.0
0.0,7.8,36.0,10.0
0.0,8.4,36.0,11.5
0.0,6.2,35.5,14.0
0.0,8.4,36.0,13.5
0.0,7.6,33.0,11.0
0.0,7.7,34.5,13.0
0.0,6.2,35.5,11.0
0.0,8.1,34.5,12.0
0.0,8.0,33.0,11.0
0.0,7.9,34.0,10.0
0.0,7.7,34.0,11.0
0.0,7.7,37.0,11.5
0.0,8.5,36.5,12.0
0.0,7.9,38.0,10.5
0.0,9.8,39.0,13.0
0.0,10.1,41.0,14.5
0.0,9.7,40.5,15.0
0.0,9.7,41.0,12.0
0.0,8.4,34.0,12.0
0.0,8.9,33.0,13.0
0.0,8.3,34.0,14.0
0.0,7.5,35.0,17.0
0.0,9.3,35.5,12.0
0.0,7.8,33.5,11.5
0.0,6.8,35.0,20.5
0.0,6.8,32.5,15.0
0.0,7.8,33.5,14.5
0.0,7.1,30.0,19.5
0.0,7.0,29.0,20.5
0.0,7.1,30.0,17.0
0.0,6.5,31.0,17.0
0.0,5.8,35.0,14.0
0.0,8.7,39.0,16.0
0.0,10.6,38.0,13.0
0.0,10.2,36.0,12.0
0.0,9.8,35.0,16.0
0.0,9.3,34.0,14.0
0.0,8.2,35.0,15.0
0.0,7.5,33.0,18.0
0.0,8.8,35.0,15.0
0.0,9.5,36.0,17.0
0.0,9.6,37.0,18.0
0.0,9.8,37.0,18.0
0.0,8.9,40.0,21.0
0.0,10.4,38.0,20.5
0.0,9.6,38.0,19.5
0.0,9.0,41.0,19.5
0.0,8.1,41.0,22.0
0.0,10.2,40.0,21.0
0.0,9.0,42.0,20.0
0.0,11.3,41.0,20.0
0.0,9.0,39.0,19.0
0.0,8.0,40.0,23.0
0.0,10.8,38.0,24.0
0.0,10.3,38.0,21.0
,10.4,40.0,20.0
,8.1,38.0,17.0
,9.6,37.0,12.0
,10.6,38.5,15.0
,9.2,38.0,18.0
,10.6,39.5,16.0
,10.7,38.0,16.5
,9.5,37.0,18.0
,9.6,37.5,20.0
,9.3,36.0,19.0
,8.6,36.0,21.0
,10.2,39.5,20.0
,10.7,38.0,19.0
,7.2,38.5,19.5
,9.0,36.0,22.5
,9.3,36.0,22.5
,8.6,36.0,24.0
,8.2,36.5,23.0
,3.9,30.5,25.0
,7.9,32.0,23.0
,4.4,32.5,23.0
,8.7,33.0,24.5
,10.5,38.0,24.0
,9.7,36.0,24.5
,8.5,35.0,22.0
,9.8,36.0,21.0
,8.0,37.0,23.5
,9.9,39.0,23.0
,6.0,38.0,24.0
,8.5,39.5,25.5
0.0,6.7,38.5,24.0
0.0,9.0,41.0,25.5
0.0,11.5,44.5,26.0
0.0,9.5,38.0,27.0
2.0,8.2,39.5,27.0
8.0,4.2,32.0,25.0
7.0,4.2,35.0,24.0
35.0,5.7,33.0,24.0
10.5,3.5,33.0,23.0
25.5,6.0,34.5,23.5
2.0,4.5,33.0,21.0
9.0,4.7,37.0,22.0
16.5,6.0,35.0,23.5
0.0,4.4,35.0,22.0
8.0,4.5,33.0,25.0
1.0,5.1,35.0,25.0
5.5,5.9,35.0,24.0
0.0,5.1,36.0,23.0
0.0,6.8,39.5,24.0
24.0,7.5,38.0,26.0
0.0,4.8,35.0,21.5
0.0,5.6,35.0,24.0
1.0,3.5,34.5,25.0
23.0,4.9,34.5,24.0
13.5,6.4,33.0,23.5
0.0,4.6,34.0,24.0
0.0,4.6,35.0,24.5
1.5,4.9,36.0,24.5
0.0,4.4,35.0,23.0
0.0,6.0,36.0,21.0
0.0,5.8,38.0,24.5
14.0,8.7,38.0,25.0
0.0,4.1,34.0,22.0
0.0,5.4,36.0,26.5
17.0,7.1,37.5,27.0
0.5,4.8,34.0,24.5
7.0,4.1,32.0,25.0
37.0,7.3,34.0,24.0
1.5,5.4,33.0,23.0
22.0,3.4,34.0,26.0
0.0,4.9,35.0,24.0
0.5,4.3,36.0,24.0
54.0,11.2,35.0,24.0
0.0,4.9,34.0,22.0
0.0,2.6,35.0,26.5
3.5,4.6,35.0,27.0
1.0,2.3,31.0,23.0
0.5,1.4,30.0,25.0
2.0,4.4,34.0,25.0
0.0,3.4,35.0,26.0
0.0,4.4,34.0,25.0
0.0,5.8,37.0,26.5
0.0,6.0,39.0,26.0
19.0,4.6,32.0,26.0
0.0,2.8,33.0,24.0
10.0,4.3,33.0,26.5
28.0,2.5,30.0,25.0
0.0,3.3,35.0,24.0
0.0,1.5,33.0,25.0
15.5,8.3,33.5,25.0
20.5,4.6,34.5,24.5
0.0,3.8,34.0,24.0
0.0,3.9,33.0,25.5
3.5,5.1,34.5,25.0
9.0,4.0,32.0,23.5
7.5,7.2,33.0,26.0
0.0,3.7,32.0,24.0
0.0,1.1,34.5,24.0
0.0,5.2,35.0,24.5
0.0,5.0,35.0,25.5
71.5,6.5,34.5,24.5
0.0,5.2,32.0,24.0
0.0,3.8,32.5,23.0
0.0,0.9,34.0,22.0
2.0,4.0,32.0,25.0
0.0,4.8,34.0,22.0
0.0,4.5,34.0,24.0
0.0,4.6,35.0,23.5
0.0,5.6,35.0,24.5
0.0,4.1,34.0,23.0
1.0,3.0,35.0,24.5
0.0,3.4,34.0,23.0
0.0,4.4,34.0,22.0
0.0,5.0,35.0,23.0
18.0,5.9,36.0,22.5
0.0,3.8,33.5,22.0
0.0,4.6,34.0,24.0
0.0,5.3,35.5,24.0
0.0,3.5,35.0,22.0
0.0,6.1,37.0,21.0
0.0,5.0,38.0,20.0
14.0,4.6,35.0,23.0
3.5,1.5,28.0,22.0
0.0,2.6,31.5,18.0
0.0,1.9,28.0,20.5
5.5,2.3,30.0,19.0
0.0,3.6,33.0,20.5
0.0,4.3,34.0,20.0
0.0,4.4,35.0,21.0
8.5,4.2,36.0,22.0
95.0,11.6,34.0,20.0
0.0,2.1,30.0,21.0
0.0,0.8,27.0,21.0
0.0,2.5,29.0,23.0
0.0,4.0,31.0,19.0
0.0,3.4,32.0,18.0
0.0,3.2,31.0,19.5
0.0,3.6,33.0,19.0
0.0,3.6,31.0,18.0
0.0,2.0,31.5,18.5
0.0,3.2,31.0,22.0
0.0,4.0,31.0,21.0
0.0,3.7,31.0,18.0
0.0,3.3,31.5,15.0
0.0,3.7,32.0,12.0
0.0,2.8,33.0,12.0
0.0,4.4,33.0,11.0
0.0,4.2,34.0,12.0
0.0,3.8,34.0,11.0
0.0,3.2,34.0,11.0
0.0,3.6,33.0,11.0
0.0,4.0,33.0,10.5
0.0,2.7,33.0,11.0
0.0,3.1,32.5,11.5
0.0,2.9,33.5,12.5
0.0,3.3,31.5,11.5
0.0,3.0,32.0,10.0
0.0,3.3,34.0,12.0
0.0,3.6,33.0,16.0
0.0,4.0,36.0,12.5
0.0,2.3,31.0,17.5
0.0,3.0,34.0,18.0
0.0,2.5,31.0,21.0
0.0,4.1,35.0,14.0
0.0,3.7,35.0,16.0
0.0,3.2,34.0,16.5
0.0,2.8,31.0,15.5
0.0,2.9,29.0,20.0
0.0,3.5,31.0,20.0
0.0,2.7,31.5,16.5
0.0,3.3,31.0,14.5
0.0,2.4,31.0,13.0
0.0,4.3,34.0,10.0
0.0,3.2,33.5,7.5
0.0,3.2,33.5,10.0
0.0,3.5,32.0,9.5
0.0,2.1,33.0,9.0
0.0,3.9,33.0,4.0
0.0,3.3,34.0,7.0
0.0,4.2,32.5,8.0
0.0,3.0,28.0,10.5
0.0,4.2,28.0,12.0
0.0,5.3,30.5,11.5
0.0,2.3,31.0,10.0
18.5,0.2,19.0,13.0
16.5,0.5,20.0,16.0
0.0,2.7,25.0,17.0
0.0,1.6,26.0,11.0
0.0,3.2,24.0,8.5
0.0,1.3,25.0,6.0
0.0,2.0,25.0,8.0
0.0,2.3,25.5,7.0
0.0,1.6,26.0,6.5
0.0,2.2,27.5,5.5
0.0,2.3,30.0,5.5
0.0,2.3,32.0,6.0
0.0,2.7,30.0,7.0
0.0,3.4,30.0,6.0
0.0,2.0,30.0,7.0
0.0,1.4,28.0,9.0
0.0,2.2,32.0,10.0
0.0,1.4,28.0,10.0
0.0,2.6,32.0,6.0
0.0,2.5,31.0,6.0
0.0,2.0,32.0,6.0
0.0,3.1,31.5,7.0
0.0,2.7,31.0,7.0
0.0,2.5,33.0,5.5
0.0,2.8,31.5,5.0
6.5,3.9,24.0,8.0
3.5,1.5,20.0,14.0
0.0,2.2,20.0,7.0
0.0,1.3,19.0,2.0
0.0,3.0,25.0,1.0
0.0,2.2,22.0,3.0
0.0,1.4,25.0,3.0
1.5,1.9,26.0,6.0
15.5,0.9,15.0,10.0
0.0,1.4,23.0,12.0
0.0,1.4,26.5,6.5
0.0,1.4,25.5,6.5
0.0,2.2,29.0,8.5
0.0,1.7,28.0,9.5
0.0,3.1,30.0,11.0
0.0,2.4,30.0,9.0
0.0,2.8,29.0,7.0
0.0,2.8,26.0,8.0
0.0,2.3,27.0,6.0
0.0,2.6,24.5,7.0
0.0,2.5,25.5,6.0
0.0,3.1,24.0,6.0
0.0,2.0,25.0,8.0
0.0,2.4,28.0,8.0
0.0,3.5,28.5,6.5
0.0,2.8,28.5,8.0
0.0,3.2,31.5,7.0
0.0,3.1,31.0,7.0
0.0,3.7,30.5,8.0
0.0,3.0,31.0,7.5
0.0,3.4,32.0,10.0
0.0,3.7,33.0,8.5
0.0,3.7,33.0,9.0
0.0,3.0,33.0,7.0
0.0,4.3,33.0,7.0
0.0,3.1,28.0,7.0
0.0,2.3,27.5,4.0
0.0,4.1,28.0,2.5
0.0,3.3,30.0,2.0
0.0,4.1,31.0,4.5
5.0,4.7,25.0,13.0
0.0,4.1,24.0,10.0
0.0,4.4,31.0,10.0
0.0,3.8,32.5,7.0
0.0,3.3,30.0,10.0
0.0,4.3,33.0,12.0
0.0,4.2,30.0,11.5
0.0,4.4,31.0,10.5
0.0,5.0,34.0,10.0
0.0,3.9,30.0,11.0
0.0,5.5,31.0,11.5
0.0,4.6,34.0,11.0
0.0,5.6,36.0,8.0
0.0,5.6,34.0,9.0
0.0,4.5,33.0,9.0
2.5,3.3,30.0,10.0
3.0,0.4,24.0,13.0
0.0,2.1,26.0,16.0
0.0,4.0,29.0,15.0
0.0,3.7,31.0,9.0
0.0,5.4,33.0,8.5
0.0,4.3,32.5,9.0
0.0,5.6,30.0,11.5
0.0,6.0,31.0,10.0
0.0,4.9,31.0,8.0
0.0,2.5,28.0,11.0
0.0,4.8,29.0,13.0
0.0,4.2,28.0,12.0
0.0,5.6,29.0,7.0
0.0,5.6,25.0,7.0
0.0,5.7,29.5,4.0
0.0,1.6,31.5,5.5
0.0,9.3,30.0,8.5
0.0,4.0,27.5,9.0
0.0,4.8,28.0,7.5
0.0,4.6,29.0,8.5
0.0,5.8,34.0,8.0
0.0,6.7,35.0,9.0
0.0,5.8,31.0,9.5
0.0,6.3,31.0,14.0
0.0,5.5,33.5,12.0
0.0,3.8,30.5,13.0
3.5,4.9,32.0,16.0
0.0,1.3,23.0,17.0
0.0,4.6,30.5,9.5
0.0,6.3,34.0,10.0
0.0,5.4,33.0,15.0
0.0,7.4,34.0,9.0
0.0,8.1,34.0,8.0
0.0,6.5,33.0,8.0
0.0,8.3,31.0,7.5
0.0,6.2,32.0,9.0
0.0,7.9,30.0,8.5
0.0,6.8,31.0,7.0
0.0,7.0,32.0,9.0
0.0,7.2,34.0,12.0
0.0,8.2,35.0,9.0
0.0,8.1,35.0,9.0
0.0,8.2,37.0,8.0
0.0,6.4,34.0,12.0
0.0,8.1,32.0,18.0
0.0,5.8,33.0,14.0
0.0,5.3,31.0,18.0
0.0,9.1,35.0,13.0
0.0,8.8,34.0,7.0
0.0,8.4,34.5,9.0
0.0,8.4,34.5,11.0
0.0,9.4,35.0,10.0
0.0,7.8,34.0,11.0
0.0,6.0,33.0,14.0
0.0,6.9,32.0,14.5
0.0,5.0,29.0,14.5
0.0,7.6,29.0,14.5
0.0,8.1,34.0,9.0
0.0,8.7,33.5,9.0
0.0,8.4,35.5,10.0
0.0,8.4,36.0,11.5
0.0,8.6,39.0,12.0
0.0,6.2,35.0,16.0
0.0,8.7,39.0,12.0
0.0,9.1,38.0,12.0
0.0,8.9,38.5,14.0
0.0,7.9,35.5,14.5
0.0,7.6,33.0,16.0
0.0,9.8,33.0,10.0
0.0,9.0,37.5,9.0
0.0,9.2,37.5,11.0
0.0,11.1,39.0,13.5
0.0,10.2,37.0,13.0
0.0,8.4,38.0,13.0
0.0,9.6,37.5,15.0
0.0,10.4,40.0,14.5
0.0,9.8,39.0,13.0
0.0,5.8,38.0,13.5
0.0,11.4,38.0,12.0
0.0,10.3,36.0,12.0
0.0,9.7,38.0,14.0
0.0,9.4,36.0,17.0
0.0,10.1,38.0,18.0
0.0,9.8,36.0,17.0
0.0,10.8,40.0,16.0
0.0,10.8,40.5,19.0
0.0,11.2,37.0,16.0
0.0,10.5,38.5,19.0
0.0,8.7,36.0,21.0
0.0,8.0,34.0,21.0
0.0,9.1,37.0,21.0
0.0,9.9,37.0,22.0
0.0,8.9,36.0,18.0
0.0,8.5,36.0,18.5
0.0,9.5,38.0,19.5
0.0,9.0,38.0,15.0
0.0,10.3,37.0,15.0
0.0,11.1,39.0,14.0
0.0,9.5,36.0,14.0
0.0,9.2,36.0,18.0
0.0,9.3,36.0,18.0
0.0,9.4,40.0,19.0
0.0,10.4,39.0,21.0
0.0,9.6,38.0,20.0
0.0,11.4,38.0,20.0
0.0,11.2,39.0,22.0
0.0,12.2,38.0,20.0
0.0,11.5,41.0,23.0
0.0,10.9,41.0,20.5
0.0,9.8,39.0,21.0
0.0,11.3,38.0,20.0
0.0,9.7,39.5,18.0
0.0,10.3,39.0,21.0
0.0,11.8,40.0,21.5
0.0,10.4,41.0,23.0
0.0,9.5,40.5,22.0
0.0,10.1,39.5,24.5
0.0,11.2,39.0,23.0
0.0,11.4,39.0,22.5
0.0,11.2,39.0,22.0
0.0,11.8,39.0,24.0
0.0,9.5,39.0,28.0
0.0,10.7,39.0,24.5
0.0,10.4,39.0,25.5
0.0,10.3,39.0,25.5
0.0,12.6,40.0,25.0
0.0,8.7,38.5,24.0
40.5,7.1,38.0,25.5
10.5,5.0,38.0,23.0
5.5,5.1,31.0,22.5
0.0,6.6,36.5,24.5
0.5,6.4,35.5,25.0
38.0,6.2,36.5,23.0
0.0,4.1,31.0,22.0
13.0,7.5,38.0,25.0
0.0,4.6,37.5,22.0
0.0,7.3,36.5,23.0
0.0,5.2,37.0,25.0
16.0,6.4,35.0,25.0
0.0,4.6,34.0,23.0
9.0,8.0,36.0,26.0
3.0,5.0,36.0,24.0
5.0,6.6,36.0,26.0
2.0,4.0,34.0,24.0
4.5,5.4,35.0,23.0
0.0,4.4,34.5,24.0
92.0,6.8,33.0,26.0
19.0,4.7,34.0,23.0
8.0,4.9,32.0,23.0
0.0,6.0,34.0,23.0
0.0,4.1,33.0,24.0
0.0,4.3,35.0,25.0
0.0,5.2,33.0,25.0
9.0,4.0,33.5,26.0
8.0,3.0,29.0,22.5
0.0,3.5,34.0,23.0
24.0,6.8,34.0,25.0
0.0,5.1,33.0,23.0
6.0,3.8,33.0,26.0
4.0,5.3,32.0,25.0
25.0,8.1,25.5,23.0
2.5,4.0,32.0,25.0
0.0,1.6,30.0,24.0
2.0,4.5,33.0,25.0
0.0,4.3,34.0,23.0
0.0,4.2,36.0,25.0
28.0,5.7,35.0,26.5
12.0,3.5,31.0,23.0
2.0,4.6,32.0,25.0
82.0,7.6,34.0,25.0
0.0,4.2,33.5,22.0
33.0,6.1,34.0,22.5
0.0,2.5,32.0,23.0
1.0,2.8,32.0,24.0
16.0,4.5,34.0,24.0
22.0,5.7,32.0,23.0
0.0,4.4,33.5,23.0
0.0,6.6,35.0,23.5
14.0,2.8,35.0,25.0
18.0,5.3,33.0,24.0
29.0,6.5,34.0,23.0
0.0,5.9,32.0,21.5
0.0,3.1,33.5,24.0
10.5,4.1,34.5,24.0
1.0,4.5,34.0,23.0
0.0,4.1,34.0,22.5
0.0,5.2,34.0,23.0
0.0,4.8,36.0,23.0
0.0,3.9,37.0,23.0
0.0,5.4,36.5,25.0
0.0,5.7,37.0,25.0
24.5,7.4,37.0,26.5
23.0,4.4,25.0,24.5
0.0,3.1,30.0,24.0
6.5,2.5,32.0,25.0
30.0,4.6,32.0,25.0
2.0,3.2,31.0,24.0
0.0,2.8,31.0,23.0
0.0,4.9,33.0,23.0
32.0,4.1,32.0,24.5
0.0,4.9,31.0,22.0
0.0,3.1,34.0,23.0
0.0,3.8,33.0,25.5
4.0,3.0,32.0,25.0
11.0,2.0,30.0,24.5
49.5,6.3,32.0,25.0
5.0,0.8,32.0,23.0
0.0,3.8,31.0,23.0
0.0,3.6,32.0,21.0
3.0,4.9,34.0,24.0
24.0,7.6,34.0,24.0
0.0,3.9,33.0,22.0
6.0,4.7,34.0,23.0
1.0,3.9,33.0,23.0
19.5,4.5,33.0,25.0
0.0,6.5,33.0,22.0
0.0,3.2,34.0,22.0
3.5,1.7,29.0,22.0
17.0,0.9,29.0,20.0
0.0,3.7,32.0,19.0
0.0,3.5,32.0,20.0
0.0,3.8,34.5,22.0
0.0,4.4,34.0,21.5
0.0,4.6,32.5,19.0
0.0,3.9,33.0,19.0
0.0,4.1,34.0,18.0
0.0,4.0,35.0,18.0
0.0,3.6,34.0,16.0
0.0,4.3,33.5,15.0
0.0,3.6,33.0,14.5
0.0,4.2,32.0,12.0
0.0,3.7,32.0,14.0
0.0,4.3,32.0,17.0
0.0,3.7,33.0,14.5
0.0,3.5,33.5,15.0
0.0,4.3,33.5,14.0
0.0,4.1,34.0,12.0
0.0,3.9,34.0,11.0
0.0,2.5,35.0,11.5
0.0,4.6,34.0,12.0
0.0,4.0,35.0,13.5
0.0,4.1,35.0,13.0
0.0,4.1,33.0,18.0
0.0,3.0,33.0,20.0
0.0,2.4,34.0,15.0
0.0,4.5,34.0,14.0
0.0,3.8,35.0,12.0
0.0,4.0,34.0,12.0
0.0,3.6,33.5,11.5
0.0,3.8,33.5,11.5
0.0,4.1,35.0,10.0
0.0,3.7,34.5,10.5
0.0,2.4,35.5,11.0
0.0,4.5,36.0,10.0
0.0,3.3,33.0,11.5
0.0,2.5,33.5,7.5
0.0,3.1,33.0,8.0
0.0,3.8,34.0,11.0
0.0,3.0,34.5,13.5
0.0,3.5,34.0,14.5
0.0,3.7,33.0,16.0
0.0,3.7,33.0,14.0
0.0,3.1,33.0,12.0
0.0,4.0,34.0,13.5
0.0,3.8,34.0,14.5
0.0,3.9,32.0,11.0
0.0,3.9,31.5,10.5
0.0,4.0,31.0,8.5
0.0,4.2,32.0,2.5
0.0,2.8,33.5,3.0
0.0,3.9,32.5,4.0
0.0,3.4,31.0,5.0
0.0,2.9,31.5,10.5
0.0,2.8,33.5,9.0
0.0,2.7,35.0,9.0
0.0,4.1,35.0,9.0
0.0,2.8,31.0,11.0
0.0,3.9,32.0,14.0
0.0,3.0,30.0,12.5
0.0,3.1,31.0,12.5
0.0,3.4,33.0,11.0
0.0,3.1,33.0,9.0
0.0,2.8,33.0,7.0
0.0,3.5,33.5,7.0
0.0,3.5,34.0,8.0
0.0,2.3,36.0,7.0
0.0,3.0,31.0,10.0
0.0,4.2,34.0,9.0
0.0,2.6,34.5,9.0
0.0,3.8,34.0,8.0
0.0,3.0,33.5,9.5
0.0,3.4,33.0,9.0
0.0,3.5,31.0,7.5
0.0,1.0,30.0,5.0
0.0,1.2,23.0,10.0
0.0,2.5,28.5,6.0
0.0,2.6,28.0,8.0
0.0,3.2,31.0,10.5
0.0,3.2,32.0,5.0
0.0,2.9,31.5,4.5
0.0,3.3,31.0,6.0
0.0,3.3,33.0,7.0
0.0,3.3,32.0,10.0
1.0,1.0,24.0,15.5
0.0,3.6,29.0,9.0
0.0,2.4,32.0,8.0
0.0,3.0,32.0,7.0
0.0,3.3,33.0,6.0
0.0,3.3,34.0,6.5
0.0,3.1,31.0,7.5
0.0,3.2,32.0,9.0
0.0,2.3,32.0,8.0
0.0,2.7,30.0,8.5
0.0,2.7,31.0,7.0
0.0,3.2,30.5,9.0
0.0,2.9,28.0,7.0
0.0,2.6,26.5,6.0
0.0,2.6,23.5,9.0
0.0,2.6,25.0,5.5
0.0,3.1,23.0,4.5
0.0,2.1,21.0,1.0
1.0,2.2,25.0,3.0
0.0,2.670208333333333,21.0,6.0
0.0,1.6,19.0,6.0
0.0,3.0,30.0,7.0
0.0,3.6,30.5,7.0
0.0,2.5,31.0,7.0
0.0,3.6,31.0,5.0
0.0,4.3,37.0,5.0
0.0,3.8,37.0,8.0
0.0,4.9,35.0,8.5
0.0,3.1,33.0,8.0
0.0,4.0,34.0,9.0
0.0,4.2,32.0,9.0
0.0,4.5,31.0,9.0
0.0,2.3,31.0,9.5
0.0,4.7,31.0,9.0
0.0,4.0,31.0,9.0
0.0,2.4,32.0,7.0
0.0,3.9,34.0,7.0
0.0,4.0,34.0,5.0
0.0,4.0,31.0,7.0
0.0,4.6,33.5,9.0
0.0,4.0,34.0,8.0
0.0,4.0,34.0,6.0
0.0,4.3,34.5,7.0
0.0,3.5,33.0,7.0
0.0,5.5,32.0,7.0
0.0,4.1,32.0,3.0
0.0,4.9,31.0,1.5
0.0,4.4,29.0,0.5
0.0,3.3,29.0,1.0
0.0,4.3,32.0,1.5
0.0,4.3,31.0,3.5
0.0,4.1,31.0,6.5
0.0,5.2,33.0,4.5
0.0,3.7,35.0,5.5
0.0,6.2,35.0,5.5
0.0,5.6,34.0,5.0
0.0,4.2,33.0,7.0
0.0,6.3,32.5,7.0
0.0,5.3,30.0,6.0
0.0,3.3,29.5,5.5
0.0,5.4,30.0,5.0
0.0,4.3,26.0,6.0
0.0,3.4,32.0,10.0
0.0,4.7,34.0,5.0
2.0,2.7,24.0,8.5
4.5,2.1,21.5,13.0
1.5,2.6,32.5,11.0
0.0,3.9,32.0,4.0
0.0,4.6,31.0,6.0
0.0,5.2,31.5,6.0
0.0,4.3,32.0,5.0
0.0,6.4,30.0,1.5
0.0,4.8,35.0,5.0
0.0,5.8,31.0,4.0
0.0,5.3,33.0,6.0
0.0,4.8,34.0,6.5
0.0,7.7,36.0,6.5
0.0,5.5,34.0,8.0
0.0,7.2,32.0,8.0
0.0,8.3,36.5,8.5
0.0,7.4,35.0,10.0
0.0,6.8,34.0,6.0
0.0,7.3,34.0,7.5
0.0,6.8,34.0,7.0
0.0,6.3,35.0,8.5
0.0,7.7,35.0,9.0
0.0,8.0,34.0,8.5
0.0,6.3,36.5,9.0
0.0,7.5,38.0,9.0
0.0,8.1,37.0,10.0
0.0,6.9,35.0,9.5
0.0,7.8,38.0,11.0
0.0,6.7,38.0,12.0
0.0,8.5,38.0,12.5
0.0,8.1,38.0,10.0
0.0,7.4,33.0,10.5
0.0,9.0,38.0,11.5
0.0,8.3,38.5,10.0
0.0,5.6,34.0,11.0
0.0,9.9,36.0,12.0
0.0,8.6,34.0,10.0
0.0,7.4,36.0,9.0
0.0,7.7,37.0,10.0
0.0,6.7,33.0,12.0
0.0,8.8,34.0,9.0
0.0,6.4,36.5,9.5
0.0,8.1,37.5,11.0
0.0,8.8,37.0,11.5
0.0,8.8,37.0,9.0
0.0,7.5,38.0,8.0
0.0,9.2,38.0,11.0
0.0,8.3,34.5,15.5
0.0,7.5,37.0,14.5
0.0,9.5,37.0,10.5
0.0,8.4,36.0,12.0
0.0,8.6,29.0,12.5
0.0,6.8,29.5,10.5
0.0,6.9,31.0,11.0
0.0,5.9,28.0,14.0
0.0,6.3,30.0,16.0
0.0,7.0,34.5,11.0
0.0,7.1,36.0,11.0
0.0,6.5,32.0,9.0
0.0,7.2,33.5,10.5
0.0,7.7,33.0,11.5
0.0,4.3,31.0,15.0
0.0,7.4,33.0,19.0
0.0,5.9,33.0,15.0
0.0,7.5,33.5,15.5
0.0,8.8,35.0,14.0
0.0,8.9,36.0,13.0
0.0,9.7,37.0,14.5
0.0,9.6,39.0,13.0
0.0,9.1,39.0,14.5
0.0,9.2,38.0,16.0
0.0,9.2,39.0,15.0
0.0,10.8,34.0,16.0
0.0,7.2,36.0,14.0
0.0,8.2,39.0,17.0
0.0,6.8,37.0,21.0
0.0,7.0,38.0,19.0
0.0,9.9,37.5,18.0
0.0,6.3,36.5,17.0
0.0,7.6,37.0,13.0
0.0,8.8,36.0,15.0
0.0,8.5,39.0,16.0
0.0,8.5,37.0,18.0
0.0,8.1,36.0,18.0
0.0,8.9,36.5,16.0
0.0,9.1,38.0,16.5
0.0,9.8,37.0,16.0
0.0,8.4,36.0,16.0
0.0,6.2,35.0,21.0
0.0,9.1,38.0,17.5
0.0,10.1,39.0,13.5
0.0,9.4,38.0,14.0
0.0,9.5,37.5,15.0
0.0,9.4,36.5,20.5
0.0,9.4,37.0,20.0
0.0,8.5,37.0,15.0
0.0,10.6,36.0,14.0
0.0,9.0,38.0,15.0
0.0,9.4,40.0,17.0
0.0,9.6,38.0,15.5
0.0,9.9,39.0,18.0
0.0,10.9,40.5,19.0
0.0,10.1,40.0,19.0
0.0,10.8,42.5,18.0
0.0,10.9,43.0,18.0
0.0,10.9,41.0,18.0
0.0,9.0,38.0,17.0
0.0,10.5,39.0,20.0
0.0,10.1,38.0,15.0
0.0,8.8,38.0,18.5
0.0,10.1,38.0,21.0
0.0,8.6,38.0,21.5
0.0,10.1,39.0,23.0
0.0,11.8,42.0,25.0
0.0,11.7,40.5,23.0
0.0,8.6,37.0,26.0
0.0,7.9,38.0,26.0
0.0,5.4,34.0,25.0
6.5,10.0,37.0,24.0
9.0,5.6,36.0,24.0
17.5,7.9,35.0,23.0
0.0,3.7,34.0,23.0
10.5,6.1,35.5,25.0
49.5,8.1,35.0,25.5
3.0,2.5,34.0,21.0
31.0,5.2,35.0,20.0
0.0,3.1,32.5,23.5
2.5,5.0,34.0,25.0
6.5,1.5,26.0,23.5
0.0,6.1,34.0,23.0
0.0,7.7,38.0,22.0
2.5,7.9,39.0,24.0
2.5,5.6,36.0,25.0
0.0,7.7,36.5,25.0
0.0,5.8,36.5,24.0
5.5,7.1,36.5,24.0
0.0,5.3,36.0,23.5
2.5,6.1,38.0,25.0
8.0,6.5,35.5,23.0
0.0,2.9,36.0,23.0
18.0,4.9,35.0,25.0
0.0,3.6,32.0,22.0
8.0,6.0,35.0,23.0
14.0,3.4,32.0,23.0
0.0,4.2,32.0,23.0
0.0,5.2,34.5,22.5
0.0,5.0,35.0,24.5
11.5,4.6,36.0,26.0
0.0,6.2,33.5,23.0
4.5,6.6,37.0,23.0
15.0,5.6,35.0,24.0
0.0,3.8,33.0,24.0
22.0,4.8,32.5,24.5
0.0,4.4,34.0,24.0
0.0,4.8,35.0,24.5
0.0,5.2,33.0,24.5
1.5,3.7,34.0,25.5
0.0,4.4,34.5,24.0
0.0,5.4,36.5,24.5
46.5,5.8,35.0,24.0
36.5,3.4,35.0,21.5
0.0,1.1,34.0,21.5
0.0,3.5,34.0,21.0
0.0,4.9,33.0,24.0
2.5,4.8,34.5,25.0
0.0,4.1,33.0,24.0
13.0,6.3,35.0,24.5
5.5,3.1,31.0,22.5
19.5,3.9,31.0,22.0
5.5,3.8,29.0,22.0
5.5,0.6,26.0,22.0
3.5,1.9,29.0,23.0
96.5,11.0,32.0,23.0
16.5,4.0,30.0,22.0
2.5,2.5,30.5,22.0
0.0,5.3,33.0,21.0
1.0,4.1,33.0,23.0
0.0,11.1,31.0,22.0
0.0,3.2,33.0,23.0
0.0,3.4,33.0,22.0
0.0,1.8,34.0,22.5
19.0,5.8,33.0,23.0
0.0,3.4,32.5,22.5
0.0,3.9,33.5,23.0
17.5,5.2,34.0,23.0
0.0,4.5,34.0,24.0
0.0,4.8,36.0,23.0
49.5,7.6,35.0,23.0
0.0,4.0,35.0,22.0
89.5,12.8,34.0,24.0
6.5,1.9,28.0,21.0
41.5,4.9,29.0,23.0
24.5,3.1,29.0,22.0
0.0,2.5,31.5,22.5
10.5,4.3,33.0,24.0
1.0,3.1,32.0,23.0
0.0,1.6,31.0,23.0
0.0,4.5,36.5,24.0
0.0,3.1,33.0,25.0
0.0,3.9,34.0,25.0
11.5,5.6,33.0,24.0
0.0,4.0,34.0,23.0
0.0,3.2,34.0,24.0
2.5,2.3,34.0,25.0
19.5,5.0,32.0,24.5
0.0,4.1,32.0,25.0
0.0,3.4,32.5,25.0
0.0,5.3,34.0,24.0
0.0,2.6,33.0,24.0
0.0,5.6,34.0,23.5
0.0,4.9,34.0,20.5
0.0,5.1,35.0,19.5
0.0,4.4,34.0,17.0
0.0,4.7,34.0,19.0
99.5,14.0,35.0,22.0
0.0,3.7,34.0,20.0
0.0,3.6,33.5,23.0
7.0,5.0,34.0,25.5
7.0,1.6,29.5,23.0
8.0,4.0,32.0,24.0
0.0,3.8,32.0,23.0
0.0,4.2,34.0,22.5
0.0,3.9,34.0,19.0
0.0,4.1,33.0,19.0
0.0,4.2,34.0,19.0
0.0,3.9,34.0,20.5
0.0,2.1,30.5,22.0
0.0,3.5,35.5,20.5
0.0,3.9,37.0,21.5
0.0,4.1,37.0,21.5
0.0,3.0,36.0,20.0
0.0,3.7,34.0,19.0
0.0,3.2,32.0,19.0
0.0,3.2,33.0,18.0
0.0,3.7,33.0,18.0
0.0,3.6,33.0,16.5
0.0,3.0,30.0,19.0
0.0,3.6,30.0,19.5
0.0,3.7,30.5,13.0
0.0,3.4,33.0,12.5
0.0,3.8,34.0,15.0
0.0,2.6,35.0,15.0
0.0,5.4,35.0,18.0
0.0,1.9,30.0,20.0
103.5,3.8,24.0,21.0
12.0,1.6,24.0,20.0
0.0,1.0,28.0,21.0
27.5,2.8,29.0,21.0
0.0,2.3,30.5,20.5
0.0,2.1,30.5,17.0
0.0,2.5,30.0,18.5
0.0,3.0,31.0,17.0
0.0,3.3,31.0,16.0
0.0,2.7,33.0,16.0
0.0,3.0,34.0,18.0
0.0,3.1,34.0,17.0
0.0,2.6,34.5,16.0
0.0,2.9,34.0,14.0
0.0,3.0,34.0,15.0
0.0,2.9,33.0,13.0
0.0,3.1,34.0,14.0
0.0,2.8,35.5,15.0
0.0,3.0,35.0,15.0
0.0,2.4,31.0,15.0
0.0,1.3,31.0,15.0
1.0,2.8,26.0,18.0
0.0,2.1,26.0,18.0
0.0,2.8,27.0,13.5
0.0,2.5,28.0,9.0
0.0,1.4,26.0,11.0
0.0,2.3,29.0,13.0
0.0,1.6,28.0,13.0
0.0,3.8,27.0,13.5
0.0,1.2,29.0,7.0
0.0,3.4,30.0,7.0
0.0,1.6,31.0,11.0
0.0,3.5,31.5,10.5
0.0,2.5,30.5,10.0
0.0,2.3,30.0,9.5
0.0,1.7,29.0,8.0
0.0,3.4,29.0,8.0
0.0,2.8,29.0,7.5
0.0,2.4,30.0,7.5
0.0,2.7,29.0,9.0
2.0,1.6,25.0,7.0
0.0,3.9,21.0,12.5
0.0,1.1,26.0,8.0
0.0,3.3,27.0,5.0
0.0,1.0,25.5,9.5
0.0,3.1,24.0,11.5
0.0,2.5,29.5,9.0
0.0,2.2,31.0,8.0
0.0,2.8,32.5,8.0
0.0,2.2,31.5,11.5
0.0,3.5,29.0,8.0
3.5,0.9,27.5,9.0
0.0,0.3,21.0,12.0
1.0,1.5,26.0,15.0
22.0,0.2,19.5,16.3
0.0,0.3,21.0,16.5
0.0,1.8,29.0,9.0
0.0,1.7,29.0,6.5
0.0,2.1,32.0,7.0
0.0,2.0,34.0,10.0
0.0,2.3,34.5,10.5
0.0,2.5,33.0,10.0
0.0,2.4,31.5,9.0
0.0,2.5,28.0,11.0
0.0,2.0,29.0,10.0
0.0,2.1,29.5,9.5
0.0,2.3,30.0,10.0
0.0,1.7,25.0,12.0
0.0,2.0,28.0,11.5
15.0,1.1,21.5,13.5
6.0,0.4,18.0,14.5
0.0,2.0,24.0,12.0
0.0,2.1,28.0,10.5
0.0,2.7,30.0,10.0
0.0,2.2,30.0,9.0
0.0,2.5,30.0,10.0
0.0,2.5,30.0,9.0
0.0,2.7,27.0,7.0
0.0,1.8,30.0,8.0
0.0,2.1,28.5,9.5
0.0,2.8,27.5,10.5
0.0,2.3,28.0,10.0
0.0,2.8,32.0,7.0
0.0,3.5,32.0,8.0
0.0,0.6,25.5,9.5
0.0,0.5,21.0,13.0
0.0,2.7,28.0,6.0
0.0,2.6,28.0,8.5
0.0,2.8,29.5,7.5
0.0,2.6,30.0,7.0
0.0,3.0,31.0,7.0
0.0,3.2,30.5,8.5
0.0,1.9,26.5,8.5
0.0,2.5,33.0,11.0
0.0,2.1,29.5,12.0
0.0,2.0,29.5,14.0
0.0,2.0,27.0,14.5
0.0,1.5,31.0,9.0
0.0,3.0,29.0,7.0
0.0,3.2,27.5,5.0
0.0,2.9,27.0,7.5
0.0,3.4,30.0,7.5
0.0,3.5,31.0,8.5
0.0,3.5,31.5,9.5
0.0,3.7,31.0,8.0
0.0,3.5,29.0,6.0
0.0,3.2,29.5,4.5
0.0,2.8,28.0,8.5
0.0,1.9,24.0,12.0
0.0,2.5,30.0,9.0
0.0,2.7,24.5,10.5
0.0,2.0,29.0,10.5
0.0,3.1,27.0,7.5
0.0,4.9,29.5,10.5
0.0,4.3,29.0,4.5
0.0,3.6,31.0,4.5
0.0,4.7,36.0,5.5
0.0,4.8,35.5,6.0
0.0,4.8,34.0,7.0
0.0,5.3,36.5,6.0
0.0,4.7,36.0,5.0
0.0,4.9,33.5,7.5
0.0,3.6,33.0,7.0
0.0,4.1,31.5,8.0
0.0,4.9,35.0,5.5
0.0,4.0,33.5,8.0
0.0,5.4,34.0,8.0
0.0,4.8,33.0,9.0
0.0,4.2,36.0,6.0
0.0,4.5,34.0,6.0
0.0,4.7,35.0,7.5
0.0,5.9,34.0,10.0
0.0,5.0,37.0,9.0
0.0,5.7,36.0,9.0
0.0,5.7,35.0,9.0
0.0,5.8,36.0,8.5
0.0,5.8,38.0,9.0
0.0,5.7,36.5,12.5
0.0,6.1,36.0,12.5
0.0,6.9,35.0,9.0
0.0,5.7,35.0,11.5
0.0,7.3,34.0,11.0
0.0,4.8,35.0,10.0
0.0,4.9,34.0,12.0
0.0,4.8,33.0,10.5
0.0,5.9,32.0,10.0
0.0,5.5,30.5,15.0
0.0,5.0,30.0,12.0
0.0,6.2,30.0,10.0
0.0,5.8,35.0,11.5
0.0,6.1,36.5,15.0
0.0,6.9,36.5,13.0
0.0,6.5,37.0,19.5
0.0,7.7,35.0,12.0
0.0,7.2,34.0,10.0
0.0,6.8,34.0,8.0
0.0,7.2,33.0,8.0
0.0,6.9,32.0,7.0
0.0,6.5,33.0,7.0
0.0,7.3,36.0,6.5
0.0,7.2,35.5,8.0
0.0,7.3,36.0,8.0
0.0,7.7,39.5,9.0
0.0,7.9,43.0,11.5
0.0,8.4,41.0,12.0
0.0,8.5,40.0,10.0
0.0,8.3,36.0,12.0
0.0,8.5,36.5,13.0
0.0,7.1,36.0,12.5
0.0,8.5,40.0,13.5
0.0,7.6,39.0,14.0
0.0,7.8,38.5,14.5
0.0,7.8,35.0,14.5
0.0,8.5,36.5,11.5
0.0,6.6,37.0,11.5
0.0,8.9,37.5,14.0
0.0,6.0,33.5,12.0
0.0,5.4,31.0,18.5
0.0,7.0,33.5,17.0
0.0,7.9,35.5,12.5
0.0,7.6,36.0,12.5
0.0,8.9,38.0,10.0
0.0,9.5,39.0,10.0
0.0,6.1,37.0,11.0
0.0,12.1,36.0,12.0
0.0,9.0,37.0,10.5
0.0,8.4,39.5,11.0
0.0,8.8,41.0,12.5
0.0,6.8,38.0,13.5
0.0,8.9,39.0,21.0
0.0,9.0,39.0,13.0
0.0,9.1,39.0,13.0
0.0,8.1,37.5,19.0
0.0,9.8,36.0,13.5
0.0,6.8,37.0,13.0
0.0,5.0,37.0,17.0
0.0,8.1,35.5,17.0
0.0,9.4,36.0,17.0
0.0,10.0,36.0,10.0
0.0,8.0,36.5,13.0
0.0,10.6,37.0,14.0
0.0,10.3,37.0,13.0
0.0,8.8,38.0,13.0
0.0,9.9,38.5,14.5
0.0,9.9,40.0,14.5
0.0,2.8,39.0,14.5
0.0,10.6,39.0,13.0
0.0,8.8,38.5,15.5
0.0,8.7,40.5,17.5
0.0,10.0,41.5,16.0
0.0,9.5,41.5,16.0
0.0,9.1,41.0,14.5
0.0,10.0,42.5,15.5
0.0,8.4,40.0,21.0
0.0,8.2,37.5,21.0
0.0,7.4,37.0,24.0
0.0,4.9,36.0,24.5
0.0,6.1,36.0,24.5
12.0,2.8,29.0,24.5
1.5,2.1,32.5,22.0
0.0,7.3,36.5,22.5
0.0,6.6,39.5,19.5
0.0,8.9,40.0,21.0
0.0,8.6,38.5,21.0
0.0,9.1,38.0,22.0
0.0,9.6,39.0,22.0
0.0,6.8,39.0,14.0
0.0,8.6,36.5,23.5
0.0,3.2,29.5,24.5
0.0,5.4,33.5,23.0
0.0,4.2,32.0,21.5
0.0,3.5,30.5,25.5
0.0,2.3,26.5,13.5
0.0,3.3,33.0,18.5
0.0,6.0,34.0,24.0
0.0,9.3,39.5,21.5
4.0,9.6,39.5,24.0
0.0,7.2,36.0,15.0
0.0,6.3,37.0,26.0
0.0,4.6,33.5,25.5
0.0,7.4,37.5,26.0
0.0,7.2,38.5,26.0
0.0,7.6,38.0,16.5
0.0,6.1,36.0,27.0
0.0,8.0,39.0,25.0
0.0,9.5,40.0,24.0
0.0,10.5,38.0,27.0
0.0,10.9,40.0,26.0
0.0,8.8,41.0,27.0
0.0,8.9,41.0,28.0
17.5,7.3,40.5,26.0
0.0,8.3,39.5,22.5
8.5,6.9,40.0,26.0
4.5,4.2,36.0,24.0
0.0,6.4,38.0,24.0
13.0,6.6,38.0,25.0
0.0,6.6,37.0,22.0
3.0,7.2,40.0,25.0
0.0,7.0,39.0,24.0
35.5,7.9,36.0,26.0
3.5,5.6,35.0,22.0
0.0,4.6,35.0,24.5
16.5,2.5,32.0,26.0
22.5,3.3,31.0,25.0
0.0,4.7,34.0,23.0
0.0,2.1,36.0,22.0
0.0,6.0,37.0,22.5
0.0,6.6,37.0,22.0
0.0,5.7,37.0,24.5
3.0,5.2,36.5,22.5
1.5,1.9,30.0,25.0
93.5,8.2,37.0,25.0
12.5,5.0,33.0,23.0
11.5,4.0,34.0,24.0
0.0,5.3,34.5,23.0
0.0,4.5,34.0,22.5
0.0,3.8,34.5,24.0
0.0,3.4,33.0,26.5
2.5,4.1,33.5,27.0
0.0,5.6,35.5,22.5
0.0,4.6,37.0,23.5
2.0,3.2,35.0,27.0
27.0,3.3,33.0,25.0
131.0,15.5,31.0,23.0
1.0,3.9,33.0,21.0
1.5,4.1,34.5,24.0
2.0,5.2,35.0,23.5
0.0,4.7,34.0,23.0
2.5,0.1,29.0,23.0
0.0,2.3,30.5,23.0
0.0,4.0,33.0,20.5
0.0,4.3,35.5,21.5
0.0,3.1,36.5,22.5
0.0,6.6,36.0,23.5
0.0,4.8,35.5,23.0
60.5,9.3,36.0,24.0
9.0,5.6,34.0,22.0
0.0,4.3,33.5,21.5
0.0,4.9,35.0,22.5
2.5,5.9,36.0,23.0
0.0,5.3,36.5,22.0
0.0,4.9,34.5,22.5
1.0,5.5,37.0,25.5
2.5,1.2,31.0,25.5
63.5,9.2,32.0,23.0
0.0,4.2,33.0,22.5
0.0,2.7,33.0,24.0
10.0,5.8,34.0,22.0
5.5,4.5,32.0,22.5
0.0,4.9,33.5,22.5
23.5,5.0,35.0,24.0
0.0,3.1,33.5,22.0
0.0,4.4,32.5,23.5
0.0,3.4,34.0,22.5
1.0,4.3,35.5,25.5
0.0,3.9,36.0,22.0
9.0,5.1,34.0,24.5
8.0,4.2,34.0,22.0
0.0,2.8,32.0,22.0
1.5,3.8,33.5,23.0
0.0,3.8,34.0,20.5
0.0,3.7,35.0,22.5
0.0,0.8,31.0,24.0
0.0,4.6,35.0,24.0
1.5,2.9,31.5,23.0
1.0,4.2,34.0,21.5
0.0,4.0,34.5,21.0
9.0,2.4,34.0,22.5
5.5,3.1,32.0,24.0
7.0,5.0,34.0,24.5
0.0,3.3,33.0,25.0
0.0,3.3,34.0,25.0
13.5,4.8,34.5,24.5
12.5,4.1,33.5,20.0
0.0,2.1,31.5,21.5
0.0,3.9,32.5,22.5
0.0,3.8,32.0,21.5
0.0,4.6,33.5,20.0
0.0,3.8,31.0,19.5
0.0,4.8,36.0,21.0
0.0,4.4,37.0,23.0
0.0,3.4,34.5,24.0
4.5,6.0,37.0,23.0
0.0,3.0,33.5,22.0
0.0,2.4,33.0,24.0
0.0,3.3,34.0,24.5
39.0,6.3,33.5,23.5
3.0,2.8,30.0,21.0
0.0,3.9,34.0,20.5
0.0,4.0,34.5,19.5
0.0,3.2,35.0,18.5
0.0,3.4,35.0,19.0
0.0,4.1,37.0,22.0
0.0,4.2,36.0,21.0
0.0,4.4,38.0,21.0
0.0,4.4,38.0,20.5
0.0,4.3,37.0,21.0
0.0,3.7,35.0,22.0
0.0,4.2,36.0,21.5
4.0,4.1,35.0,23.0
18.0,2.8,33.0,20.5
1.0,2.3,30.0,22.0
0.0,3.6,32.0,22.0
0.0,3.3,32.5,14.5
0.0,3.0,32.5,12.5
0.0,3.4,31.5,13.5
0.5,2.3,32.0,12.0
0.0,3.4,31.0,16.0
2.0,1.4,30.5,17.0
12.5,0.5,31.0,19.0
29.0,0.8,22.5,18.5
2.0,1.0,25.0,21.0
0.0,2.2,30.5,21.5
0.0,3.5,29.5,14.5
0.0,2.5,30.5,13.5
0.0,2.9,30.0,13.0
0.0,1.7,30.5,14.5
0.0,3.8,31.0,15.5
0.0,2.7,32.0,13.5
0.0,3.1,34.0,10.5
0.0,2.9,34.5,9.5
0.0,2.8,33.5,13.5
0.0,0.8,28.5,16.5
0.0,3.1,32.0,15.0
0.0,2.7,30.5,14.0
0.0,2.6,30.0,15.0
0.0,2.1,29.0,13.5
0.0,2.7,29.5,13.5
0.0,2.6,29.0,11.5
0.0,2.7,30.0,18.0
0.0,2.1,27.5,13.0
0.0,2.1,27.0,13.5
0.0,2.7,30.5,13.5
0.0,2.6,32.0,13.5
39.0,0.9,24.0,19.0
18.0,1.4,23.0,20.0
0.0,2.8,27.0,17.5
0.0,1.2,26.5,13.5
0.0,2.3,29.0,11.0
0.0,2.2,29.5,12.0
0.0,2.2,30.0,13.5
0.0,2.6,30.5,13.0
0.0,1.9,30.5,11.5
0.0,1.7,31.0,10.0
0.0,2.5,30.0,12.5
0.0,1.7,31.0,10.5
0.0,1.6,28.5,10.5
0.0,1.6,31.0,11.0
0.0,1.9,30.0,12.0
0.0,1.2,27.5,11.0
0.0,1.0,28.5,11.0
0.0,2.3,30.5,14.5
0.0,2.2,32.5,11.5
0.0,2.1,29.0,11.5
0.0,2.5,27.5,11.0
0.0,2.0,26.5,9.5
0.0,1.3,25.5,5.5
0.0,2.5,29.5,9.5
0.0,1.7,29.5,5.5
0.0,2.4,32.5,7.5
0.0,0.8,31.5,10.0
0.0,1.9,31.0,10.5
0.0,2.6,29.0,8.5
0.0,2.1,29.0,7.0
0.0,2.1,30.0,6.0
0.0,2.2,30.0,5.0
0.0,2.0,29.5,7.5
0.0,0.4,23.0,10.5
0.0,1.6,30.0,11.5
9.5,0.8,26.0,11.5
10.5,0.4,19.5,16.0
0.0,2.0,27.0,8.5
0.0,2.0,27.0,13.5
0.0,1.8,27.5,10.0
2.0,1.5,24.0,11.5
0.0,0.3,16.0,12.0
0.0,1.0,25.0,4.5
0.0,0.8,23.5,8.0
1.0,1.0,24.5,11.0
6.0,0.7,19.0,10.5
0.0,0.7,26.5,15.0
0.0,1.1,26.0,11.5
0.0,1.0,25.0,13.5
0.0,1.5,24.5,10.5
0.0,2.1,25.5,7.5
0.0,2.2,28.5,4.5
0.0,1.4,29.0,6.5
0.0,2.6,31.0,6.0
0.0,2.1,31.0,5.5
0.0,2.9,31.0,8.0
0.0,2.4,29.0,8.0
0.0,2.5,30.5,7.5
0.0,2.7,29.0,7.0
0.0,2.6,26.0,6.0
0.0,2.4,25.0,2.0
0.0,2.5,25.0,0.5
0.0,2.4,24.0,2.0
0.0,2.0,22.0,0.5
0.0,2.8,24.0,0.5
0.0,2.7,30.0,0.5
0.0,3.3,29.5,2.5
0.0,2.9,32.5,0.5
0.0,3.4,33.5,2.5
0.0,2.6,31.5,6.5
0.0,3.1,27.5,9.5
0.0,3.1,29.0,7.5
0.0,2.3,30.0,10.5
0.0,4.0,35.5,13.5
0.0,3.9,36.5,12.0
0.0,1.9,33.5,13.0
0.0,2.7,34.5,9.5
0.0,3.6,31.0,16.5
0.0,2.0,22.0,12.5
0.0,3.3,28.0,5.0
0.0,3.4,31.0,4.5
0.0,2.9,30.0,5.0
0.0,1.9,32.0,7.5
0.0,3.6,29.5,7.5
0.0,4.3,30.5,6.0
0.0,3.7,31.0,3.5
3.0,2.5706789855072474,27.0,6.5
0.0,3.4,27.5,9.0
0.0,2.7,28.0,6.5
1.5,0.6,23.5,9.5
44.0,2.4,21.5,15.5
20.0,0.8,21.0,17.0
0.0,1.7,25.0,11.0
0.0,3.8,28.5,9.0
0.0,3.4,31.5,7.5
0.0,3.7,30.0,10.5
0.0,4.3,33.0,10.5
0.0,4.0,34.0,11.0
0.0,4.7,33.0,12.0
0.0,4.3,33.0,13.5
0.0,4.9,33.5,12.0
0.0,5.1,34.0,11.0
0.0,2.6,35.0,10.0
0.0,4.0,31.0,9.0
0.0,3.2,31.0,6.0
0.0,4.0,31.0,10.5
0.0,5.1,32.0,8.5
0.5,1.9,23.5,8.5
0.0,4.4,26.0,6.0
0.0,5.2,31.0,5.5
2.5,4.4,26.0,7.5
0.0,4.1,25.5,12.0
0.0,4.9,29.0,8.0
0.0,5.1,27.0,10.0
0.0,4.7,34.0,5.5
0.0,6.7,34.0,7.0
0.0,3.7,29.0,11.0
0.0,1.0,21.0,18.0
0.0,5.3,30.0,15.0
0.0,4.2,30.0,11.5
0.0,6.3,32.0,10.5
0.0,5.1,28.0,10.0
0.0,5.2,29.0,9.0
0.0,6.5,31.0,11.5
0.0,6.6,32.0,7.5
0.0,4.9,29.0,14.0
0.0,4.5,30.0,8.0
0.0,4.1,29.0,12.5
0.0,5.6,29.5,11.0
0.0,5.8,34.5,11.0
0.0,5.9,34.0,12.5
0.0,6.4,35.0,13.5
0.0,6.6,32.0,11.5
0.0,5.2,29.5,9.5
0.0,5.4,27.0,5.5
0.0,5.4,27.0,12.0
0.0,6.6,32.5,7.0
0.0,5.6,32.0,7.5
0.0,5.6,35.0,8.5
0.0,6.4,35.0,9.5
0.0,7.0,35.0,8.5
0.0,7.8,35.5,12.0
0.0,8.4,35.5,13.0
0.0,5.3,35.0,14.5
0.0,5.6,31.5,19.0
0.0,7.8,34.5,12.5
0.0,7.4,35.0,9.5
0.0,8.0,35.0,10.5
0.0,8.0,33.0,8.5
0.0,7.1,32.5,9.5
0.0,5.9,31.0,13.5
0.0,7.3,35.0,14.5
0.0,6.2,34.5,12.5
0.0,8.6,34.0,14.5
0.0,7.8,35.0,9.5
0.0,6.4,37.0,11.0
0.0,8.2,37.0,13.0
0.0,8.3,34.0,13.5
0.0,5.9,34.0,14.5
0.0,7.5,34.0,16.5
0.0,7.6,34.0,13.0
0.0,8.1,39.0,12.0
0.0,9.5,41.0,14.0
0.0,9.5,39.0,15.0
0.0,5.6,34.0,19.0
0.0,8.9,35.0,19.5
0.0,9.2,37.0,12.5
0.0,9.1,38.0,12.0
0.0,9.1,38.0,11.0
0.0,10.3,39.0,12.0
0.0,9.7,38.0,12.0
0.0,10.4,42.0,12.0
0.0,10.2,39.5,16.0
0.0,6.1,34.5,21.0
0.0,10.6,39.5,24.0
0.0,7.0,38.0,18.0
0.0,10.5,39.0,20.0
0.0,9.0,40.0,19.0
0.0,11.1,41.0,16.0
0.0,9.6,37.0,17.0
0.0,9.7,37.5,12.0
0.0,9.1,36.0,14.5
0.0,8.5,36.0,17.0
0.0,8.9,35.0,19.0
0.0,7.6,35.5,22.0
0.0,8.7,35.0,19.0
0.0,7.5,37.0,20.5
0.0,2.9,28.0,21.0
0.0,7.8,34.0,24.0
0.0,9.2,36.0,24.0
0.0,9.0,35.0,22.5
0.0,8.0,34.0,20.0
0.0,7.8,35.0,18.5
0.0,9.4,37.0,18.0
0.0,9.2,39.5,16.5
0.0,8.8,38.0,18.5
0.0,10.4,39.0,21.0
0.0,11.0,39.0,22.0
0.0,9.3,39.0,23.5
0.0,9.0,38.0,23.0
1.5,8.1,37.0,22.0
0.0,7.6,35.5,19.5
0.0,6.8,38.0,22.0
0.0,9.3,35.0,23.0
0.0,8.8,36.5,21.0
0.0,8.8,37.0,20.5
0.0,9.8,38.0,19.5
0.0,10.8,39.0,19.5
0.0,8.8,38.0,19.5
0.0,9.5,38.0,20.5
0.0,10.2,38.5,21.5
0.0,9.9,41.5,25.0
0.0,8.0,42.0,22.5
0.0,10.9,40.5,25.0
0.0,5.2,37.5,26.5
0.0,7.4,35.5,23.5
0.0,5.4,34.0,25.5
0.0,7.5,36.5,25.5
0.0,7.8,35.0,24.5
0.0,6.2,34.5,26.0
0.0,5.0,32.0,24.5
0.0,3.8,33.5,24.5
1.5,6.5,37.0,24.0
1.0,4.8,34.0,24.5
5.0,3.3,36.0,25.5
0.0,4.6,33.0,24.0
0.0,5.2,34.0,25.0
0.0,6.4,35.0,25.0
0.0,6.7,38.0,24.0
2.5,4.6,35.5,26.0
44.0,5.4,35.5,24.5
4.0,2.9,34.0,22.0
0.0,5.2,36.0,22.0
0.0,7.1,38.0,24.0
1.5,5.1,38.5,25.0
25.0,6.4,37.0,25.5
35.5,4.7,35.0,23.5
10.0,2.3,33.5,23.5
0.0,6.6,37.0,22.0
0.0,6.5,38.0,24.0
0.0,8.1,40.0,24.0
0.0,8.6,41.0,24.0
0.0,6.2,37.0,26.0
0.0,5.3,37.0,27.0
5.0,2.8,33.0,26.0
0.0,5.8,35.0,23.0
0.0,5.9,36.0,24.0
0.0,4.8,38.0,24.0
0.0,2.8,34.0,24.0
5.0,2.6,32.0,24.5
3.5,4.2,35.0,24.0
0.0,4.1,34.5,24.0
1.0,4.3,28.0,25.0
0.0,6.1,35.0,22.5
5.5,4.4,36.0,23.5
0.0,6.3,36.5,23.0
16.5,4.2,35.0,24.5
16.0,2.8,29.5,24.5
16.5,4.2,32.0,23.0
26.0,6.2,34.0,23.5
0.0,3.4,32.0,22.0
1.0,4.1,33.5,24.0
37.5,4.9,33.0,23.5
10.5,2.1,31.0,23.5
21.0,3.9,31.5,23.5
1.0,3.5,33.0,23.0
2.0,5.2,34.0,24.5
9.5,3.6,33.0,25.0
7.5,5.7,33.0,25.0
19.0,5.2,33.5,21.5
0.0,3.9,33.0,22.0
0.0,5.0,35.0,23.5
0.0,6.5,38.0,24.5
0.0,6.5,40.5,23.0
0.0,5.8,39.0,22.5
0.0,6.5,37.5,25.5
0.0,5.1,37.0,26.0
0.0,5.2,36.0,26.0
0.0,4.4,36.0,23.5
37.0,5.6,34.0,25.0
0.0,3.9,33.5,23.0
3.0,4.1,35.0,25.0
0.0,4.7,34.0,23.5
0.0,3.4,34.0,25.5
20.0,4.5,34.0,25.0
0.0,4.4,36.5,25.0
0.0,4.8,36.5,25.5
0.0,5.6,37.0,25.5
2.5,5.4,37.0,24.5
3.5,2.6,33.0,24.5
0.0,4.1,33.5,22.5
23.5,2.1,30.5,24.0
0.0,2.7,32.5,23.5
53.0,6.3,34.0,24.5
31.0,3.0,27.5,23.0
0.0,3.4,34.0,23.0
0.0,3.3,34.0,24.5
48.0,7.5,34.0,25.5
0.0,3.2,33.0,21.0
9.5,4.7,33.0,23.0
0.0,2.5,31.0,23.0
0.0,4.2,34.5,23.0
0.0,4.1,34.0,23.5
0.0,4.8,36.0,25.5
56.0,7.6,35.0,24.5
0.0,4.8,34.0,21.0
0.0,8.0,32.5,23.5
0.0,0.9,33.5,24.5
0.0,1.0,30.0,23.0
0.0,2.8,33.5,23.5
0.0,3.9,34.5,23.0
0.0,4.3,34.5,24.5
0.0,4.8,35.5,25.5
0.0,4.7,35.5,23.0
0.0,3.5,35.0,23.5
0.0,3.8,35.0,23.0
0.0,4.4,35.0,23.0
0.0,3.9,36.5,21.0
0.0,5.8,37.0,22.0
0.0,4.7,37.0,21.5
0.0,4.8,37.5,22.0
0.0,5.1,36.5,16.0
0.0,4.1,35.5,13.5
0.0,4.4,35.0,13.0
0.0,4.9,34.5,13.0
0.0,4.3,36.0,12.5
0.0,3.1,37.5,12.5
0.0,3.9,36.0,16.0
0.0,4.1,37.0,19.0
0.0,5.0,36.0,17.5
0.0,4.9,38.0,17.0
0.0,5.1,37.0,16.0
0.0,4.6,37.0,13.5
0.0,4.3,37.0,14.5
0.0,4.5,38.0,15.5
0.0,4.8,38.5,14.5
0.0,4.7,36.5,15.0
0.0,4.2,36.0,14.5
0.0,5.2,36.5,12.0
0.0,4.1,37.0,11.5
0.0,4.4,37.5,13.0
11.0,0.8,29.0,15.5
0.0,2.3,31.0,21.0
0.0,4.6,32.0,19.5
0.0,3.5,34.0,15.5
0.0,3.8,34.5,13.0
0.0,5.0,35.5,11.5
0.0,2.8,36.0,12.0
0.0,4.8,39.5,13.0
0.0,3.0,36.0,12.0
0.0,4.3,37.0,14.5
0.0,3.6,36.5,13.0
0.0,3.9,37.0,13.0
0.0,3.2,36.5,13.0
0.0,3.6,38.0,15.5
0.0,4.6,38.5,13.5
0.0,3.0,35.0,14.0
0.0,3.2,34.5,14.5
0.0,3.7,34.0,13.0
0.0,2.9,32.5,11.5
0.0,4.0,32.5,10.0
0.0,2.9,33.0,7.5
0.0,3.0,30.0,7.0
0.0,3.3,28.5,8.0
0.0,3.0,30.0,6.5
0.0,2.8,30.0,6.5
0.0,2.6,29.5,7.5
0.0,2.8,29.5,9.0
0.0,2.6,27.0,9.0
0.0,2.5,27.5,10.0
0.0,2.9,30.0,11.5
0.0,3.2,34.0,9.5
0.0,3.8,36.0,8.0
0.0,3.5,36.5,8.0
0.0,3.3,34.0,9.0
0.0,3.5,34.0,8.0
0.0,3.5,30.5,8.5
0.0,3.1,29.0,5.0
0.0,2.7,30.0,4.5
0.0,2.8,32.0,6.5
0.0,3.3,34.0,6.0
0.0,3.3,34.0,6.5
0.0,3.4,34.0,6.5
0.0,3.2,35.0,7.5
0.0,3.4,34.0,8.0
0.0,3.7,34.0,8.0
0.0,3.4,34.0,4.5
0.0,2.8,32.0,5.5
0.0,3.2,33.0,6.5
0.0,3.2,34.0,6.0
0.0,2.6,31.0,6.0
0.0,2.2,27.0,7.0
0.0,2.3,38.0,10.0
0.0,3.8,23.0,11.5
0.0,2.4,30.0,7.0
0.0,2.5,29.0,3.0
0.0,4.1,26.0,4.0
0.0,1.6,24.0,5.0
0.0,3.5,24.0,4.0
0.0,1.7,37.0,3.0
0.0,2.7,29.0,4.0
0.0,3.3,30.0,7.0
0.0,2.7,31.5,5.0
0.0,3.5,31.5,4.0
0.0,4.2,30.0,5.0
0.0,2.9,30.0,5.0
0.0,2.2,27.0,6.0
0.0,3.0,28.5,13.5
0.0,2.9,30.0,8.0
0.0,3.5,26.0,10.0
0.0,3.5,31.5,12.0
0.0,3.9,32.0,9.0
0.0,2.5,29.0,10.5
0.0,3.3,28.0,12.5
0.0,2.5,31.0,7.0
0.0,3.1,31.5,9.0
0.0,3.5,32.0,11.0
0.0,3.8,33.5,12.0
0.0,4.7,36.0,12.0
0.0,4.7,36.5,11.0
0.0,3.9,31.0,10.0
0.0,3.7,32.0,11.0
0.0,1.3,30.0,12.0
0.0,4.1,31.0,12.0
0.0,4.2,30.0,9.0
0.0,3.6,31.0,9.0
0.0,3.4,30.0,8.0
0.0,4.7,31.0,6.0
0.0,2.8,25.0,5.0
0.0,3.7,25.0,2.0
0.0,3.8,29.0,2.0
0.0,4.2,29.0,3.0
0.0,3.8,31.0,1.0
0.0,5.0,31.5,2.0
0.0,3.3,31.0,2.5
0.0,4.4,31.5,4.0
0.0,4.2,31.5,3.5
0.0,4.6,31.0,4.0
0.0,4.6,32.0,4.0
0.0,5.4,31.0,3.0
0.0,4.5,30.0,4.0
0.0,6.0,29.0,2.5
0.0,4.2,29.0,2.0
0.0,4.3,32.0,2.0
0.0,4.7,33.0,1.0
0.0,5.7,31.0,5.0
0.0,5.3,35.0,1.0
0.0,5.3,34.0,2.0
0.0,3.4,30.0,9.0
0.0,2.7,28.0,11.0
0.0,5.5,33.0,7.0
0.0,5.3,31.5,5.0
0.0,5.1,30.0,8.0
0.0,5.4,30.0,7.0
0.0,4.6,33.0,4.0
0.0,5.7,30.0,4.0
0.0,5.8,29.0,3.0
0.0,5.4,33.0,4.0
0.0,4.8,34.0,5.0
0.0,5.7,37.0,5.0
0.0,6.5,35.5,8.0
0.0,3.0,31.0,10.5
0.0,6.0,36.0,7.0
0.0,6.9,38.0,6.0
0.0,6.8,35.5,8.0
0.0,6.6,34.0,10.5
0.0,6.9,33.0,9.0
0.0,6.9,33.0,8.0
0.0,4.7,34.0,7.5
0.0,7.2,31.0,4.0
0.0,2.7,28.0,11.0
0.0,6.3,29.0,11.0
0.0,3.9,30.0,8.0
0.0,7.1,32.5,6.0
0.0,7.1,35.0,7.0
0.0,7.1,32.5,10.0
0.0,6.5,32.0,10.0
0.0,4.9,30.0,10.0
0.0,6.2,31.0,11.0
0.0,6.1,36.5,7.0
0.0,7.7,36.0,14.5
1.0,8.4,33.0,15.0
4.0,4.5,29.0,14.0
0.0,4.2,28.0,16.5
0.0,6.0,31.0,8.0
0.0,8.4,31.5,9.0
0.0,6.4,31.0,7.0
0.0,5.6,30.0,7.5
0.0,5.3,29.0,7.0
0.0,7.0,32.5,10.5
0.0,7.6,33.0,10.5
0.0,7.4,34.0,11.5
0.0,8.7,38.0,11.5
0.0,8.2,38.0,11.0
0.0,7.2,35.0,10.0
0.0,7.9,35.0,10.0
0.0,7.7,35.0,9.5
0.0,7.5,35.0,9.0
0.0,8.5,36.5,11.0
0.0,9.2,39.0,12.0
0.0,9.1,41.0,11.0
0.0,9.1,39.0,11.5
0.0,9.8,40.0,12.0
0.0,9.0,38.0,11.5
0.0,8.5,34.0,12.0
0.0,7.9,32.5,10.0
0.0,8.3,33.5,8.0
0.0,8.3,36.5,8.0
0.0,9.1,38.5,14.5
0.0,9.4,38.0,11.0
0.0,9.5,37.5,11.0
0.0,8.3,38.5,11.0
0.0,9.9,38.0,11.0
0.0,10.0,37.5,13.0
0.0,9.3,37.0,13.0
0.0,9.0,38.0,11.0
0.0,9.5,39.0,12.0
0.0,10.5,40.0,15.0
0.0,7.4,37.0,15.5
0.0,8.9,38.0,19.0
0.0,9.5,40.0,17.0
0.0,10.4,41.0,16.0
0.0,10.7,40.0,15.0
0.0,9.0,38.0,14.5
0.0,7.5,34.5,17.0
0.0,9.9,35.5,13.5
0.0,9.4,36.5,10.5
0.0,10.5,38.0,10.0
0.0,9.6,37.5,13.0
0.0,9.4,36.0,14.0
0.0,9.9,36.0,12.0
0.0,7.8,32.5,11.0
0.0,7.4,33.0,17.0
0.0,9.0,34.0,16.5
0.0,10.1,36.0,16.0
0.0,8.4,36.0,16.0
0.0,9.5,38.0,18.0
0.0,9.3,38.0,19.0
0.0,8.7,35.5,17.0
0.0,8.3,34.0,20.0
0.0,10.9,38.5,17.0
0.0,8.3,38.0,18.0
0.0,10.6,40.0,19.0
0.0,10.6,39.0,14.5
0.0,9.9,37.0,14.5
0.0,9.0,37.0,14.0
0.0,11.3,37.0,19.5
0.0,9.4,37.0,18.0
0.0,9.1,37.0,20.0
0.0,9.5,37.0,21.0
0.0,8.6,37.0,19.0
0.0,7.3,39.0,22.0
0.0,6.0,33.0,22.5
3.5,0.6,35.0,24.0
0.0,3.7,35.0,20.0
0.0,8.7,38.0,21.0
0.0,9.6,39.0,19.0
0.0,7.7,36.0,22.0
0.0,9.3,39.0,25.0
0.0,9.1,39.0,28.0
0.0,9.6,38.0,23.0
0.0,10.5,37.5,20.0
0.0,11.8,37.0,19.0
0.0,9.5,36.0,15.0
0.0,10.2,40.0,14.0
0.0,9.1,39.0,15.0
0.0,7.9,39.0,24.0
0.0,10.5,39.0,25.0
0.0,9.1,39.0,21.5
0.0,10.0,39.0,24.0
0.0,8.9,37.0,24.0
0.0,10.7,40.0,23.5
0.0,9.8,40.0,25.5
0.0,10.5,40.0,24.0
0.0,10.0,39.5,26.0
0.0,8.2,40.0,28.0
0.0,4.3,39.0,26.0
0.0,9.0,32.0,26.0
2.0,5.6,33.0,26.0
0.0,7.4,36.0,25.0
0.0,7.3,38.5,26.0
0.0,7.7,41.0,25.5
0.0,10.9,38.0,24.0
0.0,5.5,35.0,27.0
0.0,9.0,37.5,26.0
0.0,7.6,37.5,26.5
0.0,10.8,44.0,19.0
0.0,10.4,40.0,20.0
0.0,10.1,40.0,19.0
0.0,8.3,40.0,22.0
56.0,8.9,39.0,25.0
1.5,8.4,39.0,28.0
0.0,10.3,42.0,26.0
0.0,10.6,44.0,29.0
166.0,12.3,32.0,25.0
0.0,11.1,44.0,22.0
0.0,11.0,41.0,22.0
0.0,10.8,41.0,27.0
0.0,10.7,42.0,29.0
0.0,10.6,39.0,22.0
0.0,10.1,39.0,25.0
0.0,10.7,39.0,24.0
0.0,10.2,38.0,25.0
0.0,11.4,40.0,26.0
0.0,9.1,41.0,29.0
0.0,8.5,38.0,26.0
0.0,8.9,39.0,27.0
0.0,9.4,38.0,26.0
0.0,8.9,39.0,27.0
0.0,10.0,40.0,24.0
5.0,8.3,41.0,27.5
0.0,6.3,38.0,25.0
0.0,11.1,40.0,25.0
0.0,8.4,38.0,27.0
30.0,8.5,38.5,27.0
0.0,7.3,40.0,23.5
0.0,6.3,34.0,22.0
0.0,4.6,34.0,22.5
0.5,5.3,35.0,26.5
0.0,4.3,35.0,23.0
0.0,5.0,35.0,25.5
6.5,4.4,35.5,25.5
0.5,5.2,33.0,24.0
29.5,6.9,34.5,24.5
0.0,4.7,33.0,23.0
0.0,5.6,34.0,24.0
0.0,3.7,32.0,25.0
0.0,4.7,35.0,24.0
3.0,5.6,35.0,24.0
20.5,6.7,35.5,24.5
0.0,5.1,34.0,22.0
8.5,6.3,36.0,25.0
0.0,4.0,34.0,22.0
4.5,7.5,36.0,25.0
40.5,7.0,35.0,21.0
32.0,6.2,32.0,22.0
0.0,5.0,34.0,21.0
0.0,5.9,34.5,23.0
11.5,6.1,35.0,23.5
1.0,4.9,33.0,22.5
0.0,5.2,34.0,23.0
0.0,4.9,34.0,24.0
0.0,5.6,35.5,23.0
0.5,4.9,34.0,23.0
18.5,4.8,34.0,24.5
25.5,5.4,34.0,23.0
0.0,3.7,37.0,23.0
14.5,4.5,34.5,24.0
0.0,2.8,33.0,24.0
0.0,2.5,31.0,24.0
2.0,3.0,34.0,24.0
0.0,4.3,34.0,22.0
0.0,4.6,35.0,24.0
0.0,5.4,36.5,23.5
0.0,3.2,36.5,26.0
0.0,4.2,36.0,22.0
0.0,4.8,36.0,26.0
0.0,3.6,33.0,20.5
0.0,4.8,36.0,21.0
0.0,7.8,35.0,24.0
19.0,2.2,29.5,23.0
0.0,2.8,32.0,22.0
19.5,4.1,31.5,22.0
0.0,3.0,31.5,22.0
0.0,5.3,34.5,22.0
0.0,3.5,35.0,21.0
0.0,6.0,35.5,21.0
0.0,5.2,36.0,22.0
0.0,4.7,38.0,23.0
57.5,3.9,32.5,25.0
0.0,3.1,31.0,22.5
0.0,2.8,32.0,23.0
18.5,2.2,31.0,24.5
0.0,2.7,30.5,22.5
0.0,3.4,33.0,22.5
1.0,3.3,34.0,23.0
9.0,6.7,35.0,24.0
0.0,3.5,33.0,21.0
2.5,4.0,36.0,23.0
0.0,4.3,34.0,21.5
0.0,3.5,35.0,21.0
0.0,2.7,36.0,22.0
0.0,5.7,36.0,23.0
0.0,3.9,37.0,22.0
16.5,4.3,35.0,24.0
0.0,4.6,34.5,23.0
0.0,3.2,33.0,21.5
0.0,1.0,31.0,23.0
0.0,5.1,33.0,21.0
0.0,3.6,33.5,19.0
0.0,3.9,33.5,16.0
0.0,3.9,35.0,15.5
0.0,4.3,35.0,16.0
0.0,5.0,34.0,18.0
0.0,3.9,36.0,17.0
0.0,5.1,35.0,12.0
0.0,2.1,34.0,13.0
0.0,3.1,33.0,18.0
0.0,2.2,30.0,18.0
0.0,1.9,30.0,14.5
0.0,4.3,34.5,16.5
0.0,3.4,36.0,11.5
0.0,3.8,35.0,14.0
0.0,2.6,34.0,13.5
0.0,3.4,31.5,15.0
0.0,3.3,31.0,16.0
0.0,2.6,29.5,18.0
0.0,3.2,34.0,17.0
0.0,4.0,33.0,12.0
0.0,2.1,30.0,12.0
0.0,2.9,32.0,11.0
0.0,2.2,29.5,14.0
0.0,3.0,32.5,14.5
20.5,0.2,26.0,17.0
19.5,0.8,22.5,18.0
59.0,3.4,23.0,20.0
0.0,1.9,26.5,20.5
0.0,2.7,30.0,17.0
0.0,3.0,31.0,15.0
0.0,3.0,33.0,12.0
0.0,3.0,33.0,11.5
0.0,2.2,31.5,12.0
0.0,2.9,31.5,12.5
0.0,2.7,32.0,12.5
0.0,2.7,32.5,12.0
0.0,2.8,31.0,13.5
0.0,2.2,30.0,15.5
0.0,2.2,35.5,12.5
0.0,1.1,30.0,15.5
0.0,2.6,31.0,18.0
0.0,2.3,31.0,17.0
0.0,3.7,33.0,13.0
0.0,2.3,31.5,6.0
0.0,2.3,29.5,6.0
0.0,2.5,31.0,6.5
0.0,2.2,30.5,6.0
0.0,1.9,28.0,4.0
0.0,1.3,27.0,4.0
0.0,0.7,22.0,9.0
0.0,3.0,29.0,11.0
0.0,2.1,31.0,9.0
0.0,1.4,28.5,11.0
0.0,2.6,30.5,9.0
0.0,1.5,30.0,7.0
0.0,2.2,30.0,10.0
0.0,2.3,28.5,6.5
0.0,3.3,28.0,6.0
0.0,2.8,27.0,6.0
0.0,0.4,24.0,8.0
0.0,2.5,29.5,7.0
0.0,2.1,30.0,5.0
0.0,0.9,26.0,5.5
0.0,2.0,28.0,6.0
0.0,2.1,28.5,2.0
0.0,2.3,31.0,2.5
0.0,0.7,22.5,6.0
0.0,1.3,27.0,10.5
0.0,2.4,28.0,5.5
0.0,2.5,32.0,4.5
0.0,2.2,32.5,4.5
0.0,2.8,30.0,6.0
3.0,0.6,25.0,11.5
35.5,1.9,15.0,14.0
2.5,0.9,16.5,10.5
0.0,0.9,21.0,11.5
0.5,1.5,26.5,14.0
0.0,2.3,27.0,13.5
0.0,2.3,22.0,14.0
0.0,2.3,24.0,9.0
0.0,1.6,20.0,11.0
0.0,1.9,21.5,5.0
0.0,2.2,27.0,6.0
0.0,1.2,30.0,5.5
0.0,1.5,30.0,8.0
3.5,0.9,24.0,12.0
0.0,2.2,27.0,12.0
0.0,1.9,28.0,10.0
0.0,2.8,25.5,9.5
0.0,2.2,25.0,9.5
0.0,2.0,25.0,7.5
0.0,2.2,25.5,6.0
0.0,3.2,31.5,6.0
0.0,2.4,31.0,5.0
0.0,2.8,30.0,5.5
0.0,2.6,31.0,5.0
0.0,2.8,30.0,5.5
0.0,1.4,28.0,7.0
0.0,2.1,24.0,10.0
0.0,2.9,28.5,9.0
0.0,1.6,29.0,6.0
0.0,3.4,28.0,7.0
0.0,4.4,28.0,9.0
0.0,3.3,30.5,5.0
0.0,2.9,33.5,4.0
0.0,3.2,34.5,5.0
0.0,1.8,27.5,7.5
0.0,3.5,32.0,9.5
1.0,1.9,29.0,11.5
3.5,3.1,25.0,5.0
6.5,0.3,24.5,13.0
7.5,0.8,19.5,14.0
1.5,1.3,23.5,16.0
0.0,1.1,23.5,16.0
0.0,2.6,28.0,7.0
0.0,3.0,29.0,5.5
0.0,2.7,29.5,6.0
0.0,3.3,28.5,8.0
0.0,2.6,29.0,7.0
0.0,3.4,30.5,8.0
0.0,4.3,30.0,6.0
0.0,2.8,29.0,6.0
0.0,2.7,32.0,6.0
0.0,5.4,35.0,6.0
0.0,4.0,32.0,8.0
0.0,2.0,26.5,9.5
0.0,3.2,29.0,8.5
0.0,2.7,28.5,7.0
0.0,3.8,29.0,7.0
0.0,1.4,25.5,9.5
0.0,5.0,29.5,6.0
0.0,5.4,28.5,7.0
0.0,3.1,28.0,6.0
0.0,4.3,30.0,3.0
0.0,4.3,33.0,1.5
0.0,5.1,32.5,3.5
0.0,4.7,32.5,4.5
0.0,2.4,28.0,9.5
0.0,4.5,34.5,6.5
0.0,3.7,36.0,7.5
0.0,6.1,36.0,7.0
0.0,4.4,35.0,7.0
0.0,4.2,33.5,8.5
0.0,3.9,33.5,7.0
0.0,5.1,35.0,7.0
0.0,6.1,39.0,8.5
0.0,5.6,35.5,11.5
0.0,6.0,35.0,12.5
0.0,5.2,33.0,9.0
0.0,5.1,30.0,9.0
0.0,5.2,27.0,11.0
0.0,3.4,31.5,6.0
0.0,6.4,32.0,5.5
0.0,4.6,32.0,7.0
0.0,3.2,31.0,7.0
0.0,5.7,33.5,5.0
0.0,7.5,35.0,6.0
0.0,6.8,36.0,8.0
0.0,7.3,35.5,8.0
0.0,5.6,34.5,8.5
0.0,4.5,33.5,12.0
0.0,7.2,34.0,14.0
0.0,6.4,36.5,8.5
0.0,6.9,35.0,10.5
0.0,7.4,32.5,7.0
0.0,5.7,30.0,13.0
0.0,5.7,29.0,18.0
0.0,5.7,28.0,17.0
0.0,3.8,26.5,11.0
0.0,6.5,30.0,7.0
0.0,6.9,33.5,6.0
0.0,7.4,36.5,6.0
0.0,5.5,35.0,8.0
0.0,4.1,32.5,14.0
0.0,4.4,36.0,16.0
0.0,7.5,38.0,11.5
0.0,2.8,33.5,17.5
0.0,7.5,31.5,13.0
0.0,4.9,32.0,7.0
0.0,7.1,34.0,8.0
0.0,6.6,34.0,11.0
0.0,8.3,34.5,16.0
0.0,6.2,33.0,8.0
0.0,7.4,36.0,9.0
0.0,6.3,36.5,11.0
0.0,9.1,39.5,10.0
0.0,7.9,35.5,17.0
0.0,8.0,35.0,11.0
0.0,5.4,32.5,9.5
0.0,8.5,37.5,8.5
0.0,9.1,38.0,10.5
0.0,8.3,38.5,11.0
0.0,9.8,40.0,11.5
0.0,8.5,39.0,11.0
0.0,10.1,37.5,12.0
0.0,9.0,37.0,11.5
0.0,8.2,37.0,12.5
0.0,9.0,35.5,10.5
0.0,8.7,35.5,9.0
0.0,8.5,36.0,7.0
0.0,8.3,36.0,11.0
0.0,8.2,35.0,12.0
0.0,7.7,35.0,10.5
0.0,8.2,35.0,10.5
0.0,8.9,35.5,12.0
0.0,8.7,34.0,13.0
0.0,8.5,34.0,13.0
0.0,8.7,36.0,12.5
0.0,7.5,35.0,13.5
0.0,8.4,33.0,13.5
0.0,6.7,34.0,15.0
0.0,6.2,36.0,16.5
0.0,6.9,35.0,17.0
0.0,7.7,34.0,15.0
0.0,15.8,34.0,13.0
,,37.5,
0.0,9.2,37.0,23.0
0.0,8.9,37.0,24.0
0.0,8.9,36.5,23.0
0.0,7.1,36.0,24.5
0.0,8.9,35.0,23.0
0.0,7.2,37.0,20.5
0.0,8.9,37.0,24.0
0.0,8.9,37.0,21.0
0.0,9.1,33.5,20.0
0.0,9.1,37.0,20.5
0.0,9.1,35.0,22.0
0.0,8.9,37.0,23.5
0.0,9.2,37.5,25.0
0.0,8.9,35.0,23.5
0.0,8.3,37.5,25.5
0.0,6.6,38.0,26.5
0.0,6.1,38.0,25.0
40.0,6.1,38.5,21.0
46.0,8.0,38.5,24.0
20.5,7.9,36.0,22.0
0.0,6.6,37.0,22.0
0.0,4.9,34.5,25.0
4.5,6.3,37.5,24.5
0.0,4.4,35.0,23.0
6.5,6.9,36.5,24.5
0.0,6.9,37.5,22.0
10.5,5.7,37.5,25.0
0.0,8.3,35.5,23.0
0.0,3.8,34.5,24.0
0.0,5.2,32.0,25.0
3.0,3.0,33.0,23.0
10.0,6.3,34.5,24.5
40.0,6.5,34.0,25.0
20.0,4.9,33.5,22.5
4.5,4.9,31.0,22.5
0.0,3.6,32.5,24.0
20.5,0.8,29.0,24.0
26.5,5.9,33.0,24.0
1.5,1.6,31.0,21.5
0.0,5.1,33.0,22.0
1.5,4.9,34.0,24.5
8.5,4.2,34.0,23.0
20.5,1.5,34.0,22.0
0.0,10.4,34.5,22.0
0.0,3.7,35.0,25.0
8.5,0.8,28.0,24.0
0.0,5.9,34.0,23.5
0.0,4.4,34.0,24.0
18.5,5.0,34.5,24.5
0.5,3.7,33.0,24.0
0.0,5.5,34.5,24.0
46.5,6.4,35.0,25.0
3.5,6.7,34.0,24.0
0.0,5.0,34.0,24.5
18.5,5.6,34.0,21.5
8.0,4.7,34.0,24.0
0.0,4.6,34.0,22.5
0.0,4.8,33.0,23.0
31.5,7.4,35.0,23.0
0.0,5.0,33.0,19.5
0.0,5.3,35.0,21.5
82.5,4.5,34.0,24.0
0.0,1.9,30.5,22.5
0.0,4.9,34.0,22.0
0.0,5.0,35.0,23.0
0.0,5.1,30.5,23.5
0.5,5.2,34.0,21.0
0.0,4.9,35.0,21.0
0.0,4.6,36.0,22.0
0.0,6.3,37.0,25.0
37.5,5.4,37.0,23.0
0.5,3.9,34.0,22.5
0.0,4.3,34.5,23.0
38.0,7.1,35.5,23.5
1.0,3.1,33.0,22.0
16.5,3.5,30.5,24.0
1.0,3.4,32.0,22.0
0.0,4.2,32.5,21.5
23.0,3.2,32.0,24.0
5.5,8.7,33.0,21.5
0.0,3.5,34.0,17.5
0.0,4.1,34.5,15.0
0.0,4.1,35.0,16.0
0.0,3.3,32.0,16.0
0.0,4.9,37.0,18.0
0.0,4.4,36.5,17.5
0.0,6.0,35.5,18.5
0.0,4.6,36.5,17.0
0.0,3.8,38.0,14.0
0.0,4.5,38.0,14.0
0.0,4.5,38.0,15.5
0.0,4.6,35.0,19.0
0.0,5.8,35.0,22.0
0.0,4.9,36.5,18.0
0.0,5.1,36.0,12.0
0.0,3.7,36.5,10.0
0.0,4.9,38.0,11.0
0.0,4.4,36.0,12.0
0.0,3.9,34.5,17.0
0.0,4.4,36.0,19.0
0.0,5.1,35.0,19.5
0.0,4.6,35.0,17.5
1.5,3.2,33.0,16.5
0.0,3.0,30.5,19.0
0.0,3.7,34.0,20.0
0.0,5.1,36.0,15.0
0.0,4.3,35.0,12.0
0.0,4.6,35.0,11.0
0.0,4.3,37.5,12.0
0.0,4.9,39.0,13.0
0.0,4.1,36.0,13.0
0.0,3.8,32.0,15.0
0.0,4.8,34.5,15.0
0.0,3.8,35.0,11.0
0.0,5.3,38.0,10.0
0.0,4.4,37.5,12.5
0.0,3.8,37.0,14.0
0.0,4.6,37.0,12.0
0.0,5.8,36.0,10.0
0.0,4.2,35.0,8.0
0.0,2.9,35.5,8.0
0.0,3.6,35.0,10.0
0.0,4.8,37.5,11.0
0.0,4.2,36.0,12.0
0.0,4.4,37.5,12.0
0.0,4.1,36.0,11.0
0.0,3.7,34.0,10.0
0.0,3.2,32.5,13.0
0.0,3.7,31.0,15.5
0.0,2.7,31.0,12.0
0.0,3.8,32.5,10.0
0.0,2.9,32.5,8.0
0.0,2.8,34.0,7.5
0.0,3.6,35.0,8.0
0.0,2.8,33.0,13.0
0.0,3.5,33.5,8.5
0.0,2.9,31.5,8.5
0.0,3.4,31.5,8.5
15.5,0.4,24.5,8.5
0.0,1.7,26.0,11.0
0.0,2.5,31.0,10.0
0.0,3.9,33.0,6.5
0.0,2.1,34.0,7.5
0.0,3.9,33.5,6.5
0.0,2.9,33.0,8.0
0.0,3.2,33.5,7.0
0.0,3.2,34.0,7.0
0.0,3.1,34.0,6.5
0.0,3.3,33.5,7.5
0.0,2.4,34.5,7.5
0.0,2.9,35.0,7.5
0.0,1.9,32.0,7.0
0.0,4.0,32.5,11.0
0.0,2.8,32.0,9.5
0.0,0.9,27.0,12.0
0.0,1.4,32.5,16.0
0.0,2.5,29.5,10.5
0.0,1.5,28.5,11.0
0.0,1.5,27.0,11.5
0.0,3.0,31.0,10.0
0.0,1.1,28.5,11.0
0.0,2.1,33.5,14.0
5.5,3.0,32.0,15.5
0.0,2.9,29.0,17.0
0.0,2.5,24.5,9.0
0.0,3.2,26.5,3.5
0.0,1.7,26.0,3.0
0.0,3.3,26.5,4.0
0.0,2.3,26.0,5.0
0.0,2.6,24.5,4.0
0.0,2.6,23.0,1.5
0.0,2.9,27.0,1.5
0.0,2.2,25.0,2.0
0.0,2.6,26.0,5.5
0.0,2.6,28.0,5.0
0.0,1.7,27.5,4.5
0.0,3.8,29.0,4.0
0.0,1.8,30.5,4.5
0.0,2.4,31.0,3.0
0.0,4.3,33.0,2.0
0.0,4.2,31.5,5.0
0.0,2.0,28.0,6.0
0.0,2.1,34.0,6.5
0.0,3.6,34.0,7.0
0.0,3.1,32.0,6.0
0.0,3.8,33.0,8.0
0.0,4.5,35.0,6.0
0.0,5.1,37.0,7.0
0.0,4.8,37.0,7.0
0.0,3.7,34.0,7.5
1.5,3.2,33.0,10.5
0.0,3.4,33.0,10.5
0.0,3.2,34.0,11.5
0.0,3.6,34.0,8.5
1.5,0.5,26.5,11.5
0.0,4.0,27.5,16.0
0.0,3.2,28.0,7.0
0.0,3.0,30.0,5.0
0.0,3.3,31.0,4.0
0.0,3.2,28.0,6.0
0.0,3.3,28.5,13.0
0.0,1.6,31.0,7.0
0.0,4.2,32.0,7.0
0.0,5.5,35.0,5.0
0.0,3.3,32.5,4.0
0.0,2.7,30.0,8.0
0.0,3.2,28.0,13.0
0.0,4.4,31.0,16.0
0.0,5.4,34.0,11.0
0.0,5.7,38.0,10.0
0.0,3.5,34.0,10.0
0.0,5.3,33.0,15.0
0.0,5.1,35.5,12.0
0.0,4.3,37.0,10.0
0.0,5.2,34.0,10.0
0.0,5.4,34.0,11.0
0.0,5.1,34.0,9.0
0.0,5.7,33.0,10.0
0.0,6.3,33.5,7.0
0.0,4.1,37.5,4.0
0.0,5.5,34.0,4.0
0.0,4.9,33.5,5.0
0.0,5.5,33.0,12.0
0.0,5.2,34.0,5.5
0.0,6.7,34.0,5.0
0.0,6.5,34.5,3.0
0.0,6.0,33.5,5.0
0.0,6.0,35.0,5.0
0.0,6.4,36.0,6.0
0.0,6.7,35.0,6.5
0.0,4.5,34.0,8.0
0.0,6.0,33.5,7.0
0.0,6.8,35.5,6.0
0.0,5.7,35.5,6.0
0.0,5.5,33.5,7.5
0.0,5.8,32.0,6.0
0.0,5.0,32.0,7.0
0.0,7.4,32.0,9.0
0.0,6.0,31.0,7.0
0.0,7.3,31.0,7.0
0.0,4.1,31.0,8.5
0.0,4.9,30.5,9.0
0.0,6.3,32.5,9.0
0.0,7.5,36.0,9.0
0.0,6.0,35.0,10.0
0.0,6.8,37.0,11.0
0.0,7.3,36.5,11.0
0.0,8.5,39.0,10.5
0.0,7.2,38.5,10.0
0.0,8.3,38.0,10.0
0.0,5.4,34.0,9.0
0.0,6.0,36.0,6.0
0.0,6.8,35.5,8.0
0.0,7.9,35.0,10.0
0.0,7.4,34.5,7.0
0.0,7.1,35.0,7.0
0.0,8.0,35.0,7.0
0.0,5.2,34.0,7.0
0.5,4.3,31.0,11.0
0.0,3.8,26.0,16.0
0.0,6.8,32.5,7.0
0.0,7.2,34.5,10.5
0.0,9.4,37.0,11.5
0.0,6.2,33.0,10.0
0.0,7.9,35.0,14.0
0.0,4.4,33.0,13.0
0.0,4.7,31.0,18.5
0.0,6.9,35.0,12.0
0.0,7.0,33.0,12.0
0.0,8.1,35.0,10.5
0.0,9.0,37.0,14.0
0.0,8.1,34.5,20.0
0.0,7.9,36.0,11.0
0.0,6.2,34.0,14.0
0.0,5.6,35.0,19.0
0.0,9.2,38.0,13.0
0.0,7.0,36.0,15.5
0.0,3.8,27.5,18.0
0.0,7.8,31.0,10.0
0.0,8.3,32.0,7.0
0.0,8.4,35.0,9.0
0.0,8.1,35.0,9.0
0.0,7.4,38.0,11.0
0.0,9.3,36.0,11.0
0.0,3.8,32.0,13.0
0.0,3.7,29.0,19.0
0.0,8.3,37.0,11.0
0.0,10.0,36.5,12.0
0.0,8.6,35.0,11.0
0.0,7.9,35.0,9.0
0.0,8.8,35.5,12.5
0.0,8.2,35.0,17.5
0.0,9.1,37.5,14.0
0.0,9.9,37.0,15.5
0.0,8.8,35.0,18.5
0.0,7.7,34.0,14.5
0.0,4.1,35.0,22.0
0.0,8.0,33.0,21.0
0.0,7.4,31.5,13.0
0.0,8.8,36.0,11.0
0.0,9.2,38.0,12.0
0.0,10.7,39.0,11.0
0.0,8.8,41.0,12.0
0.0,9.7,43.0,15.0
0.0,8.0,39.0,13.0
0.0,10.5,41.0,15.0
0.0,10.5,40.0,16.0
0.0,9.1,38.0,16.0
0.0,5.6,35.0,21.0
0.0,10.3,37.0,17.0
0.0,9.8,31.0,15.0
0.0,8.4,35.0,15.0
0.0,9.8,37.0,12.0
0.0,9.8,36.0,16.0
0.0,10.0,39.0,16.0
0.0,9.8,38.5,15.0
0.0,10.1,40.0,15.5
0.0,6.8,36.0,21.0
0.0,9.4,39.0,20.0
0.0,11.4,42.0,15.5
0.0,9.6,34.0,19.0
0.0,11.2,40.0,24.0
0.0,11.6,40.0,15.0
0.0,10.6,41.5,13.0
0.0,11.1,42.0,13.0
0.0,10.6,40.0,11.0
0.0,11.0,39.0,16.0
0.0,10.8,40.0,15.0
0.0,7.8,40.0,17.0
0.0,10.1,41.5,19.5
0.0,11.2,42.0,27.0
0.0,10.8,40.5,21.0
0.0,10.2,41.5,27.5
0.0,9.1,38.5,27.0
0.0,6.8,37.5,24.0
0.0,9.1,39.0,26.5
38.0,14.7,40.0,25.0
4.5,0.3,29.5,22.0
1.0,5.6,35.5,22.5
0.0,7.6,36.5,23.0
2.5,2.9,33.0,26.0
1.5,5.3,35.0,23.5
0.0,7.0,37.5,25.0
0.0,8.6,38.0,27.0
0.0,7.8,37.0,26.0
0.0,3.4,35.0,28.0
0.0,7.5,35.5,26.0
0.0,6.8,37.5,23.5
4.5,8.5,40.0,24.0
0.0,7.4,39.5,21.0
2.0,8.3,39.0,23.5
16.0,7.1,39.0,24.0
0.0,2.6,32.0,24.0
16.5,6.3,38.0,25.5
27.5,12.1,36.5,22.0
3.5,4.3,31.0,23.0
5.0,0.3,34.0,23.0
0.0,3.1,34.0,23.0
0.0,6.6,36.5,25.0
13.5,7.5,36.5,24.0
45.0,4.3,33.5,22.5
25.5,5.7,33.0,21.5
0.0,5.3,33.5,22.0
0.0,6.7,34.0,22.0
0.0,4.4,34.0,23.5
0.0,5.9,35.0,22.0
0.0,6.5,35.5,26.0
1.0,3.1,32.5,24.0
0.0,5.0,35.0,24.0
13.5,5.5,33.0,24.0
0.0,5.6,35.0,24.0
12.0,2.7,32.0,24.0
0.0,2.8,34.0,22.0
0.5,4.0,35.0,23.0
0.0,5.1,34.5,20.0
0.0,4.7,34.0,21.5
0.0,5.8,35.0,21.0
27.5,8.3,37.5,22.0
4.0,5.3,35.5,22.0
9.5,5.3,36.0,22.5
0.0,5.3,35.5,19.0
1.0,3.8,37.0,22.0
0.0,5.8,36.0,22.0
0.0,6.0,36.5,21.5
0.0,4.9,37.0,22.5
0.0,7.6,37.0,21.0
37.0,8.2,39.0,22.0
0.0,4.8,35.0,22.0
3.5,6.5,38.5,22.5
0.0,4.8,35.0,23.5
0.0,4.7,36.5,24.0
0.0,5.2,38.0,26.0
2.5,3.7,34.0,24.0
0.0,6.2,36.5,23.0
1.5,5.5,37.0,23.0
0.0,6.3,37.0,24.0
0.0,6.4,40.0,23.5
6.0,6.5,40.0,26.0
0.0,5.0,36.5,23.0
7.0,6.1,39.5,24.5
4.0,5.6,36.0,24.5
0.0,5.8,37.0,21.0
37.0,5.1,35.5,24.0
2.0,5.2,35.0,23.0
5.0,3.9,33.0,23.5
40.0,5.4,35.0,22.5
3.0,4.1,33.0,21.5
0.0,4.4,33.0,23.5
43.0,6.4,35.5,24.5
76.5,9.1,34.5,21.0
7.5,5.3,34.0,21.0
0.0,5.1,34.0,20.0
4.5,3.0,34.0,23.5
0.0,4.9,34.0,23.5
0.0,1.8,32.0,21.0
3.5,3.6,35.0,24.0
6.0,3.5,34.0,21.0
0.0,3.6,33.0,22.0
0.0,4.3,35.5,23.0
16.0,5.5,36.0,23.0
0.0,3.2,32.5,21.0
0.0,2.2,34.0,24.0
4.5,3.1,33.0,23.0
0.0,3.9,34.0,21.0
0.5,4.4,35.0,22.0
0.0,5.0,35.0,23.5
0.0,6.1,36.0,24.0
0.0,5.5,37.0,21.0
0.0,4.5,37.0,23.0
0.0,5.2,37.0,23.0
14.0,5.9,39.0,24.0
1.5,6.0,35.0,21.5
0.0,3.9,35.0,21.0
34.5,4.6,34.5,21.5
1.0,0.3,29.5,20.0
12.5,5.3,32.0,22.0
9.5,0.1,28.0,21.5
12.0,3.0,29.0,22.0
0.0,1.7,30.5,23.0
0.0,1.9,34.0,20.5
0.0,3.8,34.5,19.0
0.0,3.6,33.5,21.0
0.0,5.1,34.5,21.0
0.0,1.7,32.5,19.0
0.0,2.0,34.0,19.5
19.0,3.2,31.0,20.5
0.0,2.9,32.5,11.0
0.0,2.9,35.0,12.0
0.0,2.8,33.0,13.0
23.0,4.1,31.5,15.0
0.0,2.6,31.5,14.0
0.0,3.0,31.5,12.5
0.0,2.5,33.0,17.0
0.0,2.3,35.0,10.0
0.0,3.3,33.5,12.0
0.0,3.6,32.0,10.0
0.0,2.0,30.0,11.0
0.0,2.4,28.5,10.0
0.0,0.9,27.0,10.0
0.0,5.1,33.5,8.0
0.0,2.3,32.0,8.0
6.5,0.5,34.0,13.0
42.5,1.6,26.0,14.5
25.0,0.9,29.0,15.0
0.0,2.0,30.5,13.0
0.0,1.8,29.5,10.0
0.0,2.4,29.5,10.0
0.0,2.3,26.0,14.5
0.0,0.4,27.0,15.5
0.0,1.3,30.5,17.5
0.0,1.1,30.5,17.0
0.0,2.1,28.0,12.0
0.0,3.1,28.5,15.0
0.0,1.2,29.5,17.0
0.0,2.0,28.5,9.0
0.0,2.0,29.0,8.0
0.0,2.5,29.0,8.0
0.0,4.4,34.0,19.0
0.0,3.4,36.0,16.0
0.0,3.9,34.0,15.0
0.0,5.2,35.0,16.0
0.0,3.6,35.5,16.0
31.0,4.3,33.0,17.5
1.5,1.4,27.5,19.5
0.0,2.8,30.5,11.0
0.0,1.9,32.5,12.5
0.0,3.8,33.5,13.0
0.0,1.8,35.0,12.0
0.0,4.1,35.0,13.0
0.0,3.6,35.0,11.5
4.5,2.1,34.0,10.0
0.0,5.9,28.0,13.0
0.0,1.0,37.0,13.0
0.0,2.2,32.5,13.0
0.0,1.3,32.0,12.0
0.0,2.4,30.5,15.0
0.0,1.9,35.0,14.5
0.0,3.7,33.0,12.0
0.0,2.8,33.0,9.5
0.0,2.4,35.0,8.0
0.0,4.3,34.0,10.0
0.0,1.5,36.0,8.5
0.0,3.7,36.0,12.0
0.0,2.5,33.0,9.0
0.0,3.0,33.0,10.5
0.0,2.9,36.0,10.0
0.0,3.9,31.0,10.0
0.0,1.8,34.0,9.5
0.0,1.8,38.0,8.5
0.0,3.3,34.0,6.0
0.0,3.3,33.0,6.0
0.0,2.1,38.0,5.0
0.0,2.9,38.0,8.0
0.0,2.8,34.5,7.0
0.0,2.8,33.5,6.0
0.0,4.5,34.0,9.0
0.0,2.7,38.0,8.0
0.0,3.4,38.0,9.0
0.0,4.7,40.5,9.0
0.0,1.7,33.0,9.0
0.0,3.6,33.5,6.0
0.0,2.9,32.5,5.0
0.0,2.0,31.0,5.5
0.0,3.1,36.0,5.0
0.0,3.0,37.5,5.0
0.0,2.8,33.5,5.5
0.0,2.8,33.5,4.0
0.0,4.0,35.0,7.0
0.0,2.8,32.0,6.0
0.0,3.1,34.0,6.5
0.0,4.0,32.5,8.5
0.0,3.7,34.0,10.0
0.0,2.3,34.0,11.5
0.0,4.4,33.5,10.0
0.0,1.7,36.0,11.0
0.0,3.2,34.0,11.5
0.0,1.8,35.0,13.0
0.0,3.3,29.0,10.0
0.0,1.9,34.0,14.0
0.0,5.3,33.5,13.0
0.0,2.0,38.0,5.0
0.0,5.0,36.0,7.5
0.0,3.8,34.0,8.5
0.0,1.6,26.0,11.5
0.0,4.1,28.0,8.0
0.0,3.7,29.5,7.5
0.0,3.6,37.0,7.0
0.0,4.1,29.5,7.0
25.0,1.5,24.0,10.5
0.0,1.5,22.0,9.5
0.0,3.3,27.0,5.5
0.0,4.5,27.0,5.5
0.0,4.0,27.0,5.5
0.0,3.2,34.0,5.0
0.0,2.9,28.0,6.0
0.0,4.3,27.0,4.0
0.0,4.0,26.0,4.0
0.0,4.2,28.0,5.0
0.0,4.1,33.0,6.0
0.0,2.9,34.0,8.0
0.0,4.1,34.0,9.5
0.0,2.1,32.0,10.5
0.0,4.2,33.0,8.5
0.0,4.8,35.0,9.5
0.0,4.0,28.0,12.0
0.0,5.1,33.0,8.5
0.0,3.1,33.0,8.0
0.0,2.7,30.0,9.0
0.0,3.0,29.0,9.0
0.0,3.9,30.0,9.0
0.0,3.0,28.0,7.0
0.0,1.5,25.0,6.5
0.0,5.5,27.0,13.0
0.0,4.2,24.0,8.0
0.0,1.8,28.0,2.0
0.0,4.2,29.0,5.5
0.0,2.0,31.0,6.0
0.0,2.4,33.0,10.0
0.0,5.7,34.0,11.0
0.0,2.7,34.0,18.0
0.0,4.1,33.0,12.0
0.0,3.6,32.0,13.0
0.0,3.8,34.0,11.0
0.0,2.9,32.0,11.0
2.0,0.9,26.0,14.0
0.0,1.4,28.0,17.0
0.0,4.7,28.5,9.0
0.0,0.3,26.0,7.0
0.0,2.8,25.0,5.0
0.0,3.1,29.0,7.0
0.0,1.1,29.0,6.0
0.0,1.7,26.0,10.0
0.0,3.5,26.0,7.0
0.0,1.3,27.0,9.0
1.0,2.5,26.0,10.5
14.0,1.0,21.0,13.0
0.0,1.9,25.0,16.0
0.0,3.4,34.0,15.0
0.0,3.2,35.0,12.0
0.0,4.4,35.0,11.0
0.0,5.5,37.0,7.0
0.0,5.7,34.0,8.0
0.0,4.0,32.0,9.0
0.0,3.9,30.0,11.0
0.0,3.5,27.0,13.0
0.0,4.7,29.0,9.0
0.0,3.0,27.0,9.0
0.0,2.6,22.5,11.5
0.0,2.7,27.0,7.0
0.0,3.0,29.0,12.0
0.0,5.7,33.0,14.0
0.0,4.0,31.0,16.0
0.0,5.4,33.0,10.0
0.0,5.2,32.0,11.0
0.0,4.6,33.0,11.0
0.0,6.8,34.0,11.0
0.0,6.0,33.0,13.0
0.0,6.5,33.0,8.0
0.0,5.6,33.0,5.0
0.0,6.0,32.0,6.0
0.0,6.1,34.0,7.0
0.0,6.3,36.0,9.0
0.0,4.6,34.0,14.0
4.0,4.3,31.0,15.0
0.0,4.4,31.0,6.5
0.0,5.8,33.0,11.0
0.0,6.6,35.0,8.0
0.0,6.1,34.0,10.0
0.0,10.0,33.0,14.0
0.0,3.4,33.0,12.0
0.0,6.3,34.0,10.0
0.0,4.2,33.0,11.0
0.0,5.7,31.0,12.0
0.0,4.9,35.0,15.0
0.0,6.9,38.5,15.0
0.0,5.1,36.0,12.5
0.0,7.2,31.0,14.0
0.0,7.2,35.0,11.0
0.0,4.7,34.0,10.0
0.0,4.9,33.0,12.0
0.0,7.9,36.0,9.0
0.0,8.3,32.0,10.0
0.0,2.8,35.0,14.0
0.0,5.1,29.0,9.0
0.0,5.4,33.0,10.0
0.0,7.4,35.0,8.0
0.0,7.7,37.0,10.0
0.0,7.7,35.0,11.0
0.0,3.8,29.0,18.0
0.0,3.3,27.0,18.0
0.0,6.9,31.5,17.5
0.0,5.5,30.5,13.0
0.0,6.7,30.0,11.0
0.0,6.2,33.0,9.0
0.0,7.7,34.0,6.0
0.0,6.9,34.0,7.0
0.0,3.7,31.0,11.0
0.0,3.9,33.0,8.0
0.0,8.7,34.0,4.0
0.0,7.4,31.0,8.0
0.0,8.6,32.0,9.0
0.0,9.1,35.0,10.0
0.0,9.6,39.0,11.0
0.0,10.4,38.0,10.0
0.0,8.6,39.0,11.0
0.0,7.5,37.0,13.5
0.0,8.1,36.0,13.0
0.0,8.6,35.0,10.5
0.0,6.8,32.0,11.0
0.0,9.4,33.0,9.0
0.0,7.9,34.0,10.0
0.0,6.6,34.0,11.0
0.0,10.0,36.0,9.0
0.0,9.9,39.0,10.0
0.0,7.1,40.0,14.0
0.0,8.8,39.0,17.0
0.0,7.0,37.0,21.0
0.0,11.6,40.0,22.0
0.0,9.6,39.0,20.0
0.0,11.2,38.0,12.0
0.0,9.5,40.0,9.0
0.0,7.5,35.0,8.5
0.0,8.0,37.0,11.0
0.0,7.9,34.0,14.0
0.0,8.0,37.0,15.0
0.0,4.5,32.0,20.5
0.0,6.4,29.0,20.0
0.0,9.4,31.5,18.5
0.0,9.1,33.0,16.5
0.0,9.7,34.5,16.0
0.0,9.3,35.0,13.0
0.0,7.8,35.5,14.5
0.0,9.4,35.0,14.5
0.0,9.5,34.0,16.0
0.0,10.5,35.5,16.5
0.0,10.1,,
0.0,8.9,,
0.0,7.4,,
0.0,8.9,,
0.0,10.4,,
0.0,9.4,,
0.0,10.6,,
0.0,8.9,,
0.0,10.8,,
0.0,7.6,,
0.0,10.2,,
0.0,9.8,,
0.0,10.8,,
0.0,9.8,,
0.0,9.9,,
0.0,10.5,,
0.0,13.5,,
0.0,11.4,,
0.0,11.0,,
0.0,10.4,,
0.0,12.9,,
0.0,11.8,,
0.0,9.5,,
0.0,10.8,44.0,19.0
0.0,10.4,40.0,20.0
0.0,10.1,40.0,19.0
0.0,8.3,40.0,22.0
0.0,8.9,39.0,25.0
1.5,8.4,39.0,28.0
0.0,10.3,42.0,26.0
0.0,10.6,44.0,29.0
0.0,12.3,32.0,25.0
0.0,11.1,44.0,17.0
0.0,11.0,41.0,30.0
0.0,10.8,41.0,27.0
0.0,10.7,42.0,29.0
0.0,10.6,39.0,15.0
0.0,10.1,39.0,25.0
0.0,10.7,39.0,24.0
0.0,10.2,38.0,25.0
0.0,11.4,40.0,26.0
0.0,9.1,41.0,29.0
0.0,8.5,38.0,26.0
0.0,8.9,39.0,27.0
0.0,9.4,38.0,26.0
0.0,8.9,39.0,27.0
0.0,10.0,40.0,24.0
5.0,8.3,41.0,27.5
0.0,6.3,38.0,25.0
0.0,11.1,40.0,25.0
0.0,8.4,38.0,27.0
30.0,8.5,38.5,27.0
0.0,7.3,40.0,23.5
0.0,11.0,41.0,24.0
0.0,10.1,43.0,27.0
9.0,10.2,40.0,27.5
0.0,6.1,37.0,27.0
0.0,10.6,41.0,26.0
0.0,6.2,38.0,27.0
21.0,7.4,43.5,25.0
0.0,5.4,37.0,23.0
8.5,5.4,34.0,28.5
46.0,8.0,35.5,25.0
4.5,4.6,34.0,21.5
0.0,7.9,36.0,23.0
0.0,9.6,40.0,25.0
4.5,7.2,39.5,25.0
16.0,8.0,39.5,24.0
0.0,5.5,35.0,23.5
0.0,5.1,36.0,26.0
25.0,8.2,37.0,25.0
4.0,3.9,33.0,23.0
0.0,5.0,35.0,24.5
0.0,5.5,36.5,26.0
19.0,3.8,36.0,25.0
0.0,7.1,35.0,24.0
27.0,0.6,36.0,26.0
0.0,2.2,35.0,23.0
0.0,3.6,36.0,26.0
0.0,6.9,36.5,27.0
13.5,6.3,36.0,25.0
2.0,3.8,33.0,23.0
0.0,4.4,33.5,23.0
0.0,4.5,33.0,24.0
0.0,6.5,35.0,24.0
68.0,6.4,32.0,25.0
0.0,4.5,32.0,21.0
0.0,3.9,34.0,23.0
0.0,4.1,35.0,26.0
0.0,5.3,35.0,27.0
40.0,10.2,37.5,25.0
15.5,3.3,34.0,22.0
89.0,10.2,33.0,24.0
20.0,4.0,31.5,24.0
1.0,3.6,32.0,23.0
1.0,3.7,33.0,22.0
13.0,4.5,32.0,24.0
1.0,2.8,31.0,23.5
16.0,5.2,33.5,24.0
74.0,1.3,32.0,24.0
57.0,6.0,30.0,23.0
26.0,4.3,32.0,23.0
3.0,5.8,32.5,24.0
14.0,4.5,31.5,23.5
5.0,2.4,28.5,23.5
0.0,1.5,33.0,22.0
5.5,5.8,34.0,24.0
2.0,5.5,33.0,23.0
40.5,7.5,34.0,24.0
0.0,3.7,33.0,22.5
1.0,3.3,34.0,25.0
0.0,6.9,33.0,23.0
0.0,2.8,34.0,24.5
16.0,6.1,36.0,25.0
0.0,3.3,32.0,22.0
45.5,7.1,33.0,24.0
2.0,2.7,31.0,22.0
2.5,0.8,30.0,22.5
0.0,5.2,33.0,23.0
7.5,4.8,35.0,24.0
14.5,3.7,31.0,22.5
12.5,4.1,33.0,23.0
0.0,3.2,33.0,23.0
0.0,5.7,34.0,23.0
78.0,9.2,35.0,23.0
0.0,3.6,34.0,23.0
0.0,3.4,33.0,23.0
2.0,2.6,34.0,22.0
0.0,5.3,33.0,23.0
0.0,3.8,36.0,23.0
0.0,4.2,35.5,24.0
6.5,5.6,36.5,26.0
0.0,4.5,33.0,25.0
2.0,3.5,34.0,25.0
0.0,3.1,34.0,21.0
2.0,1.2,30.0,24.5
0.0,1.2,31.0,24.0
4.5,6.2,35.0,24.0
5.0,2.1,31.0,22.0
0.0,3.9,33.0,22.0
0.0,1.9,33.0,22.0
0.0,0.6,32.0,22.0
7.0,2.0,30.0,24.0
4.0,3.0,31.0,24.0
0.0,1.3,31.5,24.0
13.0,4.3,33.5,24.0
0.0,5.2,34.0,21.5
0.0,3.1,34.0,23.0
0.0,3.8,35.0,21.0
0.0,4.3,36.0,22.0
0.0,4.6,36.0,21.0
0.0,2.0,30.0,23.0
26.5,5.9,33.0,18.0
4.0,3.8,32.0,19.0
0.0,4.9,33.0,17.0
0.0,2.7,34.0,17.5
0.0,5.3,34.0,16.0
0.0,1.8,32.0,16.0
43.0,4.4,34.0,17.0
32.0,2.3,23.0,18.0
4.0,1.6559999999999988,25.0,20.0
4.0,3.2,30.5,20.0
0.0,2.5,32.0,21.5
4.5,0.8,28.0,21.0
0.0,4.5,31.5,18.0
0.0,3.7,31.0,15.5
0.0,7.5,33.0,15.0
0.0,0.9,33.0,15.0
0.0,1.3,34.0,13.0
0.0,3.7,32.0,16.0
0.0,2.9,33.0,15.0
0.0,4.2,32.0,17.0
0.0,2.7,32.5,17.0
0.0,3.5,32.0,17.5
4.0,2.6,31.0,15.0
0.0,4.2,30.0,17.0
0.0,2.3,33.0,15.0
0.0,4.7,32.5,14.0
0.0,2.3,33.5,10.5
0.0,2.9,36.0,10.5
0.0,3.7,34.0,13.0
0.0,3.3,34.0,14.0
0.0,4.1,34.0,15.0
0.0,2.3,35.0,13.0
0.0,3.2,34.0,14.0
0.0,2.7,34.0,15.0
0.0,3.0,34.0,16.0
0.0,3.6,35.0,16.0
0.0,3.5,33.0,12.0
0.0,2.0,33.0,14.0
1.0,0.3,22.0,16.0
0.0,2.8,25.0,17.0
0.0,0.3,28.0,9.0
0.0,3.4,28.0,11.0
0.0,2.9,28.0,12.0
0.0,4.4,28.0,8.0
0.0,1.4,28.0,7.5
0.0,1.8,29.0,7.0
0.0,3.8,31.0,7.0
0.0,3.3,31.0,6.0
0.0,2.6,29.0,6.5
0.0,2.8,29.0,4.0
0.0,2.6,32.0,3.0
0.0,6.6,33.0,3.0
0.0,2.2,33.0,2.0
0.0,4.2,31.0,7.0
0.0,3.9,30.5,7.0
0.0,1.8,33.0,6.0
0.0,2.9,33.0,7.0
0.0,3.2,33.0,8.0
0.0,2.7,33.0,8.0
0.0,2.0,30.0,9.0
12.0,0.5,20.0,12.0
0.0,1.5,27.0,14.0
0.0,2.4,26.0,8.0
0.0,2.5,30.0,8.0
0.0,2.2,31.0,11.0
0.0,1.6,29.0,15.0
0.0,3.0,32.0,17.0
0.0,3.6,32.0,14.0
0.0,5.4,31.0,9.0
0.0,7.2,34.0,7.0
0.0,7.3,34.5,7.0
0.0,2.3,32.0,7.5
0.0,3.5,32.0,8.0
0.0,2.1,32.0,7.0
0.0,2.4,32.0,8.0
0.0,1.1,30.0,9.0
0.0,1.6,27.5,10.0
0.0,2.6,32.0,11.0
0.0,1.2,29.0,9.0
0.0,2.5,34.0,8.0
0.0,2.9,34.0,10.0
0.0,3.0,36.0,8.0
0.0,2.1,35.0,8.0
0.0,3.6,32.0,8.0
0.0,2.9,32.0,8.0
0.0,1.4,33.0,6.0
0.0,4.2,32.0,6.0
0.0,2.0,32.0,7.0
0.0,1.5,29.0,9.0
36.5,2.4,20.5,14.0
30.0,3.2,21.5,17.5
9.0,2.6,24.0,12.5
0.0,3.1,26.0,13.0
0.0,0.7,27.0,13.0
0.0,1.5,32.0,13.0
1.0,1.2,28.0,15.0
0.5,0.5,24.0,17.0
0.0,0.6,28.0,11.0
0.0,1.8,37.0,11.0
1.5,1.3,27.0,9.0
9.5,0.5,31.0,11.0
27.5,1.9,29.0,16.0
32.0,1.0,26.0,10.0
0.0,2.0,25.0,9.0
0.0,2.3,26.0,8.0
0.0,2.6,25.0,8.0
0.0,3.3,26.0,7.0
0.0,0.9,28.0,5.0
0.0,4.2,29.0,5.0
0.0,1.5,26.0,8.0
9.5,1.1,17.0,9.0
0.0,2.5,24.0,10.0
0.0,1.1,29.0,8.0
0.0,3.3,28.0,9.0
0.0,2.2,29.0,10.0
0.0,3.0,29.0,12.0
0.0,3.3,27.0,8.0
0.0,3.0,30.0,6.5
1.0,0.4,29.0,8.5
0.0,2.8,29.0,7.0
0.0,4.0,30.5,7.0
0.0,1.4,29.0,7.5
0.0,2.5,31.0,9.0
0.0,3.4,32.0,8.0
0.0,2.0,29.0,8.0
0.0,3.5,29.0,8.0
0.0,3.0,34.0,7.0
0.0,5.4,32.0,7.0
0.0,3.7,34.0,8.0
0.0,3.0,36.0,8.0
0.0,3.9,34.0,8.0
0.0,2.9,33.0,9.0
0.0,3.9,32.0,9.0
0.0,3.6,33.0,8.0
0.0,1.3,24.0,10.0
0.0,1.0,27.0,12.0
0.0,3.6,31.0,9.0
0.0,5.1,35.0,10.0
0.0,2.5,34.0,9.0
0.0,5.4,32.0,11.0
0.0,3.6,31.0,14.0
0.0,2.6,32.0,16.0
3.0,2.4,37.0,18.0
0.0,1.3,35.0,18.0
0.0,3.8,31.0,14.0
10.5,1.5,32.0,15.5
15.0,0.9,27.0,15.0
0.0,2.5,26.0,8.5
0.0,1.5,25.0,9.0
0.0,2.8,24.0,10.0
0.0,3.9,27.0,7.0
0.0,3.9,30.5,6.0
0.0,5.3,32.0,7.0
0.0,3.5,32.0,9.5
0.0,4.3,28.0,10.0
0.0,4.9,30.0,11.0
0.0,6.6,30.0,8.5
0.0,3.1,31.5,11.0
1.5,1.6,26.0,13.5
0.0,3.1,32.0,11.5
0.0,5.1,33.0,10.5
0.0,5.9,34.0,11.0
0.0,5.7,33.5,8.0
0.0,4.6,30.0,9.5
0.0,4.4,29.0,9.0
0.0,5.3,33.0,10.0
0.0,5.9,32.0,11.0
0.0,5.3,32.0,9.5
0.0,6.0,35.0,12.0
0.0,6.2,34.0,11.0
0.0,5.0,34.0,10.0
0.0,6.9,32.0,9.0
0.0,6.0,31.5,6.0
0.0,5.4,33.0,7.0
0.0,5.5,34.0,8.0
0.0,6.8,36.0,11.0
0.0,10.0,35.0,11.0
0.0,1.5,33.5,10.0
0.0,7.4,38.0,8.5
0.0,4.3,39.0,10.0
0.0,6.7,35.5,14.5
0.0,6.1,35.5,17.5
0.0,5.6,36.0,14.5
0.0,4.7,38.5,13.5
0.0,6.2,35.0,13.0
0.0,8.0,38.5,13.0
0.0,7.6,38.0,13.5
0.0,9.1,38.5,16.5
0.0,8.0,41.0,19.5
0.0,8.6,39.0,16.0
0.0,5.5,36.5,19.0
0.0,8.1,38.0,14.0
0.0,7.0,38.0,14.0
0.0,8.8,38.5,14.0
0.0,8.2,38.0,15.0
11.5,4.0,28.0,20.0
0.0,2.7,24.5,17.0
0.0,5.5,29.0,9.0
0.0,7.3,38.5,11.0
0.0,7.5,36.5,13.0
0.0,6.8,35.5,14.0
0.0,8.6,39.0,18.0
0.0,8.2,34.0,13.0
0.0,6.3,33.5,17.0
0.0,6.3,34.0,18.5
0.0,5.5,33.0,20.0
0.0,7.1,30.0,15.0
0.0,4.9,32.0,12.0
0.0,6.3,35.0,15.0
0.0,7.6,36.0,15.0
0.0,7.2,37.0,18.0
0.0,6.5,32.0,18.0
0.0,7.6,35.0,20.0
0.0,7.0,35.0,17.0
0.0,8.6,35.0,17.0
0.0,7.4,34.0,16.0
0.0,7.2,38.0,15.0
0.0,9.5,40.0,18.0
0.0,9.6,41.0,17.0
0.0,5.5,37.0,18.0
0.0,8.9,37.0,15.0
0.0,6.1,38.0,13.0
0.0,8.7,41.0,14.0
0.0,11.5,41.0,18.0
0.0,10.0,42.0,15.0
0.0,10.3,40.0,16.0
0.0,8.9,39.0,17.0
0.0,8.4,38.0,19.0
0.0,9.7,37.0,21.0
0.0,8.9,39.0,20.0
0.0,9.5,40.0,22.0
0.0,9.7,38.0,20.0
0.0,9.2,38.0,19.0
0.0,8.1,37.0,18.0
0.0,9.6,39.0,18.0
0.0,9.4,38.0,18.0
0.0,8.8,37.0,25.0
0.0,8.0,37.0,20.0
0.0,9.1,37.5,20.0
0.0,7.6,35.5,20.0
0.0,5.4,34.0,23.5
0.0,7.7,25.0,18.0
0.0,3.1,28.0,23.0
0.0,5.6,34.0,23.0
0.0,4.9,32.0,21.0
0.0,2.6,27.0,13.0
0.0,2.5,30.0,22.0
0.0,4.9,33.0,22.0
0.0,5.3,33.0,22.0
0.0,4.2,30.0,22.0
0.0,3.6,32.5,24.0
0.0,8.3,39.0,23.0
0.0,3.3,35.0,25.0
0.0,9.4,40.0,24.0
0.0,9.4,39.0,25.0
0.0,4.7,34.0,25.0
0.0,5.1,35.0,24.0
0.0,5.8,37.0,24.5
2.0,7.5,39.0,23.0
0.0,8.0,40.0,23.0
0.0,10.6,39.0,24.0
0.0,10.3,41.0,25.0
0.0,6.6,37.0,29.0
2.0,5.0,34.5,28.0
0.0,6.7,38.5,22.5
4.5,5.3,38.0,26.0
17.0,9.3,38.0,24.0
21.0,5.3,36.0,24.0
0.0,4.9,36.0,21.5
0.0,4.4,34.0,26.0
1.0,2.8,35.0,24.0
78.0,7.4,34.5,25.0
2.0,4.0,33.5,22.0
7.0,4.6,34.5,24.0
7.5,3.5,33.0,24.0
11.0,2.9,28.0,23.0
0.0,2.3,34.0,22.0
6.5,3.2,33.0,23.0
0.5,3.3,33.0,23.0
3.0,3.2,37.0,22.5
3.0,6.3,36.0,22.0
0.0,4.0,34.5,23.5
80.0,8.1,34.0,23.5
6.5,3.5,32.0,22.0
0.0,4.4,32.5,24.0
0.0,5.7,35.0,24.5
0.0,3.2,36.5,26.5
2.0,5.5,34.5,26.5
6.5,3.0,32.5,24.0
6.0,4.0,33.0,25.0
0.0,4.1,33.5,21.0
8.0,4.8,35.5,24.0
10.0,4.2,33.0,24.5
32.0,3.9,32.0,24.5
5.0,3.6,33.0,22.0
0.0,4.4,36.0,24.0
0.0,6.1,37.0,24.0
0.0,4.1,37.0,25.0
0.0,6.4,36.0,26.0
0.0,2.1,35.0,25.0
0.0,5.2,35.0,23.0
0.0,6.1,37.0,24.0
19.5,7.7,36.5,25.0
10.0,4.4,31.0,22.0
0.0,4.1,35.0,24.5
13.0,6.4,36.5,24.0
0.0,3.8,34.5,22.0
7.0,3.3,35.0,24.5
1.0,5.2,35.0,23.0
5.5,5.9,34.0,21.0
0.0,2.4,33.0,22.0
0.0,3.9,35.0,23.0
0.0,2.2,32.0,25.0
1.0,4.5,35.0,24.0
0.0,4.0,35.0,25.0
7.0,4.3,35.0,24.0
50.5,10.5,32.0,26.0
3.0,2.1,35.0,22.5
1.0,2.6,33.0,24.0
0.0,4.6,35.0,24.0
26.0,6.0,35.5,26.0
0.0,3.2,33.0,23.0
0.0,6.6,36.0,25.0
0.0,5.2,38.0,24.0
0.0,4.3,38.0,22.5
46.0,5.5,33.0,25.0
6.0,3.3,32.0,23.0
0.0,3.5,32.0,24.0
109.5,8.1,31.0,24.5
6.5,0.9,30.0,23.0
1.0,2.8,31.5,24.0
0.0,1.7,32.0,25.0
0.0,3.0,32.0,24.0
0.5,1.4,31.0,25.0
0.0,4.5,33.5,25.0
8.0,4.1,34.0,23.5
0.0,4.3,35.0,21.0
0.0,4.7,34.0,23.0
0.0,2.6,34.0,23.0
0.0,4.1,36.0,23.0
0.0,4.6,35.5,22.0
59.5,8.2,36.0,23.5
1.0,4.3,33.5,21.5
1.5,4.4,34.0,24.0
0.0,4.6,36.0,22.0
0.0,3.6,38.0,21.0
0.0,3.4,35.0,21.0
3.0,1.4,29.0,24.0
0.0,1.1,25.5,21.0
0.0,3.1,33.5,21.0
0.0,5.4,35.5,20.0
0.0,4.0,36.0,21.0
0.0,3.3,37.0,22.0
0.0,4.3,37.0,23.0
0.0,5.1,36.0,22.0
0.0,3.6,37.0,21.0
35.0,6.1,37.0,22.0
0.0,1.6,31.0,22.0
0.0,2.3,32.0,23.0
3.5,4.4,35.0,24.0
0.0,3.1,34.0,21.0
6.0,4.8,33.5,21.0
4.0,3.7,34.5,22.0
17.0,1.2,24.5,21.5
335.0,10.925999999999998,34.0,21.0
0.0,6.213022010503032,36.0,20.0
0.0,4.425510635198134,33.0,19.0
0.0,4.260788102869634,33.0,18.0
0.0,3.846233484842383,33.0,23.0
30.0,3.6539999999999986,29.0,23.0
0.0,4.022424136484432,32.0,19.0
0.0,4.402394309087884,32.0,18.0
0.0,4.23399938842547,34.0,17.0
0.0,4.23399938842547,34.0,17.0
0.0,5.081072623811221,34.0,16.0
0.0,4.350144859063591,35.0,16.0
0.0,4.022424136484432,32.0,19.0
0.0,4.853148189291241,34.0,21.0
0.0,4.15634009869439,35.0,18.0
0.0,4.797097580614331,35.0,12.0
0.0,5.13271526765551,36.0,19.0
0.0,4.23399938842547,34.0,17.0
0.0,5.478168427405929,33.5,16.0
0.0,4.350144859063591,35.0,16.0
0.0,6.238801082200549,36.0,15.0
0.0,4.350144859063591,35.0,16.0
0.0,4.677037556971417,33.0,16.0
0.0,3.377751911976913,31.0,18.0
0.0,4.3329183144512875,33.0,17.0
0.0,5.157584842848192,35.0,17.0
0.0,5.157584842848192,35.0,17.0
12.0,4.579849313340272,35.0,18.0
0.0,3.780466197527961,33.0,20.0
0.0,4.991196975942874,35.0,19.0
0.0,5.298161344781885,34.0,13.0
0.0,5.495071725763821,35.0,11.0
0.0,5.055095361344786,34.0,12.0
0.0,5.298161344781885,34.0,13.0
0.0,4.797097580614331,35.0,12.0
0.0,4.058384451659452,31.0,15.0
0.0,5.081072623811221,34.0,16.0
0.0,4.9615926561901365,34.0,14.0
0.0,6.179343186329533,36.0,12.0
0.0,6.152967971802493,37.0,11.0
0.0,6.111302689728535,36.0,10.0
0.0,4.933216811298396,34.0,11.0
0.0,4.670146039375533,35.0,13.0
0.0,3.56449794389477,32.0,16.0
0.0,3.3116796492980707,32.0,13.0
0.0,5.055095361344786,34.0,12.0
0.0,5.321904447693234,35.0,10.0
0.0,5.435956655280291,35.0,9.0
0.0,5.452487078540986,34.0,9.0
0.0,3.052502654536608,31.0,10.0
0.0,5.482939304402774,34.0,10.0
0.0,3.19850476698604,31.0,12.0
0.0,2.9912577416048016,29.0,11.0
0.0,2.9912577416048016,29.0,11.0
0.0,2.9912577416048016,29.0,11.0
0.0,3.579493289352214,31.0,9.0
0.0,4.1647732738034575,33.0,8.0
0.0,3.579493289352214,31.0,9.0
0.0,5.087545479520479,35.0,11.5
0.0,5.050003312309589,34.0,13.5
0.0,5.086035918625203,33.0,14.0
0.0,4.581464487073812,33.0,11.5
0.0,5.482939304402774,34.0,10.0
0.0,6.145232564002319,36.0,9.0
0.0,7.150689285714286,35.5,9.0
0.0,6.145232564002319,36.0,9.0
0.0,5.435956655280291,35.0,9.0
0.0,4.039758847310535,32.0,8.0
0.0,5.1658932287011226,32.5,7.0
0.0,3.655281716231824,33.0,6.0
0.0,3.8370434569561285,33.0,7.0
0.0,4.23650898268398,31.5,8.0
0.0,3.7576023649553063,33.0,8.5
0.0,5.590435463891115,35.0,9.5
0.0,5.321904447693234,35.0,10.0
0.0,5.482939304402774,34.0,10.0
0.0,3.1055287091887247,30.0,9.0
0.0,3.4766245999123466,29.0,9.0
0.0,3.4010430118256334,29.0,10.0
0.0,3.1055287091887247,30.0,9.0
0.0,3.52657730025603,31.0,8.0
0.0,3.377277469091899,31.0,6.0
0.0,2.853105412601824,29.0,6.0
0.0,2.6541710317460314,25.0,7.0
0.0,3.52657730025603,31.0,8.0
0.0,3.7983215758140068,31.0,7.0
0.0,4.060948953823952,30.5,9.0
0.0,2.5425759712317513,28.0,9.0
0.0,2.467429726121831,27.0,9.0
0.0,3.8887187982577625,31.0,5.0
0.0,2.9772577256077266,30.0,3.0
0.0,3.4406789321789306,30.0,4.0
0.0,3.837033333333332,32.0,4.0
0.0,3.8887187982577625,31.0,5.0
0.0,6.145437994250119,36.0,11.0
0.0,3.2503070321692786,31.0,11.0
25.0,2.7286428571428565,27.0,14.0
0.0,2.4482568417589574,27.0,7.0
0.0,2.1627559523809525,26.5,12.0
0.0,3.0668361111111095,29.0,7.5
0.0,3.0851060049171455,28.0,8.0
0.0,3.2003658863299838,30.0,8.0
0.0,4.1647732738034575,33.0,8.0
0.0,2.853105412601824,29.0,6.0
0.0,3.7983215758140068,31.0,7.0
0.0,3.1055287091887247,30.0,9.0
1.0,1.9610833333333333,26.0,10.0
0.0,3.52657730025603,31.0,8.0
0.0,3.8887187982577625,31.0,5.0
0.0,4.426987121212122,35.0,5.0
0.0,4.212479944466066,34.0,6.0
0.0,5.452487078540986,34.0,9.0
0.0,3.486645207570206,33.0,5.5
0.0,4.262118023643025,32.0,5.5
0.0,2.9772577256077266,30.0,3.0
0.0,2.7202322738664857,27.0,4.0
0.0,2.901285064935063,32.0,2.0
0.0,4.164771989285224,29.0,3.0
0.0,3.2829531934960166,29.0,4.0
0.0,4.164771989285224,29.0,3.0
0.0,3.962104761904762,31.0,2.0
0.0,3.5078471907993958,33.0,5.0
0.0,3.377277469091899,31.0,6.0
0.0,3.8370434569561285,33.0,7.0
0.0,3.5775136337896316,32.0,6.0
0.0,3.5078471907993958,33.0,5.0
0.0,4.623040031446693,35.0,6.0
0.0,5.2840141413520225,35.0,7.0
0.0,5.421590404792146,36.0,7.0
0.0,4.060248048205252,33.0,9.0
0.0,3.579493289352214,31.0,9.0
0.0,3.7983215758140068,31.0,7.0
0.0,4.160419930601922,35.0,8.0
0.0,4.160419930601922,35.0,8.0
0.0,4.05159278452484,32.0,9.0
0.0,3.052502654536608,31.0,10.0
0.0,3.1224674722250585,32.0,12.0
0.0,6.145232564002319,36.0,9.0
0.0,6.179343186329533,36.0,12.0
0.0,6.145437994250119,36.0,11.0
0.0,7.304537949574011,37.0,12.0
0.0,5.482939304402774,34.0,10.0
0.0,4.1647732738034575,33.0,8.0
0.0,4.1647732738034575,33.0,8.0
0.0,5.452487078540986,34.0,9.0
0.0,6.946015291816089,37.0,10.0
0.0,4.797097580614331,35.0,12.0
0.0,5.435956655280291,35.0,9.0
0.0,4.871263793931407,33.0,10.0
0.0,4.871263793931407,33.0,10.0
0.0,3.579493289352214,31.0,9.0
0.0,4.060248048205252,33.0,9.0
0.0,4.753172383949647,33.0,9.5
0.0,6.111302689728535,36.0,10.0
0.0,4.933216811298396,34.0,11.0
0.0,6.179343186329533,36.0,12.0
0.0,6.111302689728535,36.0,10.0
0.0,4.933216811298396,34.0,11.0
0.0,6.145232564002319,36.0,9.0
0.0,4.846008488288955,33.0,11.0
0.0,5.482939304402774,34.0,10.0
0.0,4.933216811298396,34.0,11.0
0.0,4.933216811298396,34.0,11.0
0.0,5.495071725763821,35.0,11.0
0.0,5.592094688644688,34.0,10.5
0.0,6.145232564002319,36.0,9.0
0.0,6.152967971802493,37.0,11.0
0.0,6.111302689728535,36.0,10.0
0.0,6.238801082200549,36.0,15.0
0.0,8.124461060262771,38.0,13.0
0.0,8.451242882057743,39.0,12.0
0.0,6.152967971802493,37.0,11.0
0.0,7.909863045704437,38.0,15.0
0.0,4.350144859063591,35.0,16.0
0.0,6.152967971802493,37.0,11.0
0.0,8.618398015873016,40.0,11.0
0.0,8.439109523809522,40.0,11.5
0.0,8.54689694472195,39.0,11.5
0.0,8.497048520923519,39.0,10.5
0.0,8.963183333333332,40.0,10.5
0.0,9.151549755799758,41.0,11.0
0.0,8.124461060262771,38.0,13.0
0.0,7.576795900096636,38.0,14.0
0.0,8.774291508165035,39.0,14.0
0.0,9.4604,39.5,14.0
0.0,8.676143020868022,40.0,14.0
0.0,9.4604,39.5,14.0
0.0,7.406279126429129,38.0,17.0
0.0,10.322135790516672,40.0,19.0
0.0,8.840075688522,39.5,17.0
0.0,6.981015059945424,37.0,15.0
0.0,8.988098337309403,39.0,12.5
0.0,8.754209049284048,40.5,12.5
0.0,6.708454185123205,36.0,13.0
0.0,9.792431564513919,40.0,13.0
0.0,9.4604,39.5,14.0
0.0,8.59037457404138,37.0,17.5
0.0,8.912105952380953,38.0,17.5
0.5,4.745350000000001,31.5,17.5
0.0,5.393500256048549,36.0,16.0
0.0,8.274000877629584,38.0,12.0
0.0,7.680559523206267,38.5,12.0
0.0,5.265785817805383,36.5,15.0
0.0,5.584807142857146,36.5,17.0
0.0,8.352323100244485,38.0,18.0
0.0,4.461187301587304,35.5,19.0
0.0,4.15634009869439,35.0,18.0
0.0,4.352319093994083,35.0,15.5
0.0,6.401208292866554,35.0,17.5
0.0,3.7142251710549075,32.0,22.0
0.0,5.146001984126986,35.5,16.0
0.0,7.367937944801364,36.0,14.0
0.0,6.981015059945424,37.0,15.0
0.0,6.708454185123205,36.0,13.0
0.0,5.91908233584441,36.0,10.5
0.0,7.819515564406356,38.0,11.5
0.0,7.4273382556871335,37.0,18.0
0.0,8.59037457404138,37.0,17.5
0.0,7.273627922077919,37.0,14.5
0.0,8.774291508165035,39.0,14.0
0.0,7.909863045704437,38.0,15.0
0.0,9.787675367036234,40.0,15.0
0.0,9.792431564513919,40.0,13.0
0.0,9.463857142857144,41.0,14.0
0.0,10.322135790516672,40.0,19.0
0.0,9.388586281496362,39.0,22.0
0.0,9.510358333333334,41.0,22.0
0.0,10.483039646464652,41.0,18.0
0.0,10.483039646464652,41.0,18.0
0.0,10.322135790516672,40.0,19.0
0.0,8.352323100244485,38.0,18.0
0.0,6.616128484930962,37.0,20.0
0.0,3.846233484842383,33.0,23.0
0.0,5.7811185555283915,36.0,21.0
0.0,10.353866666666674,43.0,24.0
0.0,9.080873516796588,38.0,20.0
0.0,9.320194721582649,39.0,20.0
0.0,6.698510645974202,37.0,22.0
0.0,9.388586281496362,39.0,22.0
0.0,9.391670368603705,40.0,22.0
0.0,9.510358333333334,41.0,22.0
0.0,10.353866666666674,43.0,24.0
0.0,10.431061111111115,43.0,25.0
0.0,9.391670368603705,40.0,22.0
0.0,8.150174603174603,41.0,21.0
0.0,9.348104287765898,39.0,21.0
0.0,7.7864374831290375,40.0,21.0
0.0,8.29400073566416,39.0,23.0
0.0,9.797480457042962,41.0,25.0
0.0,9.926128948828936,41.5,25.0
0.0,9.795374306249306,41.0,20.0
0.0,10.269167676767681,40.0,21.5
0.0,9.498256807081802,41.5,23.0
0.0,7.120714285714286,39.0,26.0
0.0,7.120714285714286,39.0,26.0
0.0,9.192876587301578,41.0,28.0
0.0,9.20176666666668,40.5,29.0
0.0,8.808484779982622,39.5,25.0
0.0,9.918627697302698,40.5,26.0
0.0,9.447999206349202,41.5,28.0
0.0,9.463141297866219,40.0,23.0
0.0,11.178272619047616,42.0,23.5
0.0,9.20176666666668,40.5,29.0
0.0,7.884159523809524,38.5,29.0
0.0,9.697846121933617,40.0,26.0
0.0,8.899999999999984,39.0,27.0
0.0,8.808484779982622,39.5,25.0
0.0,9.697846121933617,40.0,26.0
19.0,6.929000000000002,39.0,25.0
0.0,7.120714285714286,39.0,26.0
46.5,7.5230000000000015,34.0,27.0
0.0,5.157908851437967,34.5,23.0
0.0,8.053523694279576,38.0,24.5
0.0,9.697846121933617,40.0,26.0
14.0,7.661000000000004,39.0,28.0
69.5,9.397000000000007,37.0,23.0
0.0,4.875732354397967,35.0,23.0
0.0,4.403228319904399,34.0,25.0
39.0,7.740000000000002,36.0,25.5
0.0,4.611146783493878,34.0,22.0
0.0,7.053357913867189,38.0,24.0
2.0,4.748533333333336,36.0,24.0
3.0,5.160719540998216,36.0,23.5
3.0,4.881016666666662,36.0,23.0
0.0,3.3818046123231618,33.5,24.0
10.0,7.184000000000005,35.5,24.5
0.5,3.991137246184922,34.0,24.0
0.0,5.0088366584839505,35.0,24.0
0.0,5.0088366584839505,35.0,24.0
3.5,9.056166666666666,39.0,24.0
4.0,5.041366666666665,35.0,23.0
0.0,4.291658208050968,34.0,23.0
0.0,6.331585714285714,35.5,22.0
0.5,1.555880952380953,31.0,25.5
0.0,5.953031992849211,37.0,23.0
0.0,7.444262995782494,37.5,23.0
0.0,9.855229131652662,39.0,25.5
0.0,8.507828751803748,38.0,27.0
6.0,5.362099999999999,36.0,27.0
0.0,3.3818046123231618,33.5,24.0
0.0,3.2585301587301587,30.5,25.0
10.0,5.6200000000000045,37.0,24.0
0.0,5.694139861948023,36.0,22.0
0.0,7.053357913867189,38.0,24.0
13.0,6.833783333333331,38.0,26.0
0.0,5.0088366584839505,35.0,24.0
0.5,5.808450465570872,35.0,24.0
0.5,2.6619311445907043,31.0,24.0
0.0,6.275764178346594,35.5,23.0
0.0,7.641604956154957,38.0,22.0
10.0,4.2455,31.5,24.0
9.0,5.903714285714288,36.0,22.5
0.0,5.2083164086106395,36.0,23.0
0.0,5.2083164086106395,36.0,23.0
0.0,7.053357913867189,38.0,24.0
2.5,6.5926000000000045,38.5,25.0
37.0,9.688000000000011,38.0,25.0
0.0,5.098277522789198,35.0,22.0
3.5,5.917933333333334,36.0,25.0
0.0,5.694139861948023,36.0,22.0
0.0,5.098277522789198,35.0,22.0
0.0,6.616128484930962,37.0,20.0
1.0,6.410733682983691,37.0,23.0
0.0,6.698510645974202,37.0,22.0
0.0,9.463141297866219,40.0,23.0
9.0,9.53499999999999,41.0,24.0
0.0,7.6293854341736695,36.0,22.5
0.0,7.053357913867189,38.0,24.0
0.0,6.159893565838189,37.0,25.0
1.0,6.810938455988455,38.0,27.0
0.0,9.697846121933617,40.0,26.0
23.5,10.418000000000006,40.0,24.0
0.0,4.755155011435458,35.0,21.0
3.0,5.7955166666666695,37.0,24.0
0.0,5.953031992849211,37.0,23.0
1.0,3.082453571428571,33.0,24.0
11.0,6.599999999999998,36.0,24.0
5.0,6.254083333333329,36.5,22.0
31.0,5.454500000000004,32.0,24.0
2.0,3.0923000000000007,30.5,23.0
0.0,4.875732354397967,35.0,23.0
0.0,5.2083164086106395,36.0,23.0
0.0,6.698510645974202,37.0,22.0
0.0,7.790931502094228,37.5,21.0
0.0,7.641604956154957,38.0,22.0
0.0,8.29400073566416,39.0,23.0
0.0,9.743127357025497,41.0,24.0
25.0,9.477000000000002,42.0,26.0
0.0,9.867659007659011,41.0,23.0
8.0,8.874990476190474,42.0,22.0
15.0,7.054285714285714,38.5,24.0
0.0,3.6,36.0,24.0
0.0,4.2,38.0,24.0
2.3,6.7,38.0,26.0
0.0,2.1,36.0,25.0
11.5,4.2,35.0,25.0
11.0,1.1,28.0,24.0
127.0,4.6,29.5,22.0
96.0,12.6,24.1,22.0
0.0,2.7,31.5,17.5
0.0,3.1,34.0,18.0
0.0,3.6,34.5,22.0
0.0,4.8,35.0,22.0
0.0,2.4,34.0,23.0
0.0,4.3,34.0,22.0
0.0,3.2,33.0,23.0
0.0,4.0,35.0,24.0
0.0,4.8,35.0,23.0
0.0,3.9,33.0,21.0
0.0,2.7,33.0,17.0
0.0,4.0,33.0,14.0
0.0,3.3,35.0,13.0
0.0,4.4,35.0,16.0
0.0,2.7,35.0,17.0
0.0,3.6,36.0,18.0
0.0,3.6,35.0,18.0
0.0,3.9,35.0,18.5
0.0,4.0,35.0,17.0
0.0,3.3,35.0,18.0
0.0,3.5,36.0,17.0
0.0,3.9,36.0,18.0
0.0,3.5,36.0,18.0
0.0,4.0,37.0,19.0
0.0,3.6,36.0,18.0
0.0,3.0,35.0,17.0
0.0,3.7,35.5,15.0
0.0,3.8,34.0,12.0
0.0,3.0,34.0,12.0
0.0,3.4,35.0,12.0
0.0,3.2,35.0,12.0
0.0,3.2,34.0,12.0
0.0,3.9,34.0,14.0
0.0,3.6,34.0,12.0
0.0,2.8,35.0,10.0
0.0,4.3,37.0,8.0
0.0,3.7,37.0,10.0
0.0,3.7,35.0,11.0
0.0,2.1,32.0,10.5
0.0,3.0,34.0,13.0
0.0,3.4,35.0,17.0
0.0,4.8,35.0,16.0
0.0,2.3,34.0,12.0
0.0,3.1,37.0,11.0
0.0,3.9,37.0,13.0
0.0,3.0,36.0,11.0
0.0,3.3,33.0,11.5
16.0,3.2,28.0,15.0
7.0,0.3,22.0,17.0
0.0,2.2,30.0,12.0
0.0,2.4,31.0,11.0
0.0,2.5,31.0,12.0
0.0,2.5,32.0,12.0
0.0,2.1,29.0,12.0
46.0,5.0,30.0,15.0
35.5,2.3,28.0,16.5
5.0,2.6,24.0,12.0
0.0,2.0,27.0,11.0
0.0,1.7,27.0,11.0
0.0,2.1,26.0,10.0
0.0,2.2,27.0,9.0
5.0,2.2,27.0,9.0
3.5,0.9,19.0,11.0
0.0,1.6,25.0,6.0
0.0,1.8,27.0,7.0
0.0,2.0,28.0,7.0
0.0,3.2,29.0,8.0
0.0,0.5,28.0,8.5
20.0,1.7,20.0,10.5
10.5,0.5,20.0,14.0
4.0,0.5,24.0,14.0
0.0,2.0,27.0,15.0
0.0,1.8,27.0,13.0
0.0,2.1,27.0,14.0
0.0,3.6,28.0,10.0
0.0,1.7,28.0,9.0
0.0,2.3,31.5,9.0
0.0,0.4,33.0,8.0
0.0,2.2,33.0,8.0
0.0,1.9,32.0,8.0
0.0,3.0,30.5,8.0
0.0,2.6,29.5,8.5
0.0,2.3,29.0,10.0
0.0,0.2,27.0,8.0
4.0,0.6,23.0,10.0
0.4,0.5,17.0,12.5
0.0,0.9,19.0,5.0
0.0,2.1,22.0,3.0
0.0,2.9,23.5,5.0
0.0,0.3,27.0,6.0
9.8,2.0,24.0,7.5
0.0,1.4,23.0,11.0
0.0,2.2,26.0,7.0
0.0,2.0,27.0,7.0
0.0,2.0,37.0,8.0
0.0,2.0,27.0,9.0
0.0,2.5,30.0,7.5
0.0,2.2,33.0,9.0
0.0,1.8,33.0,11.0
0.0,2.4,31.0,9.0
0.0,1.7,29.0,8.5
0.0,2.1,31.0,10.0
0.0,1.9,26.0,9.5
1.0,1.0,23.0,12.0
4.0,0.2,20.0,15.0
0.0,0.5,28.0,11.0
0.0,2.6,30.0,12.0
0.0,1.6,27.0,12.0
0.0,2.3,28.0,14.0
5.0,2.2,29.0,14.0
0.2,2.6,23.0,14.0
10.0,2.3,20.0,13.0
0.0,0.5,21.0,8.0
0.0,2.0,24.0,4.0
0.0,2.2,27.0,4.0
0.0,2.3,29.0,4.5
0.0,2.5,31.0,6.0
0.0,1.9,29.0,6.0
0.0,3.9,28.0,7.0
0.0,3.2,29.0,8.0
0.0,2.5,29.0,9.0
20.0,2.1,28.0,10.0
0.0,2.5,24.0,13.0
0.0,2.4,23.0,6.0
0.0,1.7,25.0,4.0
0.0,2.9,28.0,6.0
32.0,1.0,27.0,8.0
0.0,2.7,24.0,9.5
0.0,2.0,25.0,10.0
0.0,2.4,28.0,6.0
0.0,2.8,28.0,8.0
0.0,3.0,28.0,8.5
0.0,2.0,28.0,9.0
0.0,4.4,29.0,9.0
0.0,2.5,30.0,9.0
0.0,3.1,32.0,8.5
0.0,4.5,29.0,8.5
0.0,3.5,30.0,7.0
0.0,3.1,31.0,7.0
0.0,3.8,30.0,7.0
0.0,3.7,32.0,9.0
0.0,3.5,30.0,9.0
0.0,3.8,30.0,9.5
0.0,3.4,31.0,9.0
0.0,4.6,31.0,9.0
0.0,3.3,35.0,10.0
0.0,2.7,25.0,9.0
6.0,1.4,24.0,12.0
0.0,3.4,27.0,6.0
0.0,3.9,29.0,8.0
0.0,4.0,32.5,8.0
0.0,4.1,31.0,9.0
6.0,3.9,27.0,13.0
41.0,5.0,23.0,17.0
9.0,1.1,22.0,15.0
0.0,2.4,23.0,10.5
0.0,4.6,27.0,9.0
0.0,3.0,29.0,8.0
0.0,4.3,32.0,9.0
0.0,4.4,31.5,11.0
0.0,5.4,32.5,13.0
0.0,4.3,31.0,14.5
0.0,4.3,28.0,18.0
0.0,3.9,29.0,14.0
0.0,5.1,32.0,14.0
0.0,4.0,29.0,12.0
0.0,5.0,28.0,9.0
0.0,4.9,31.0,7.5
0.0,4.9,29.0,8.0
0.0,3.7,35.5,10.0
0.0,3.9,30.0,9.0
0.0,5.1,31.0,9.0
0.0,5.7,29.0,9.0
0.0,5.1,30.0,9.0
0.0,6.2,34.0,9.0
0.0,6.6,31.0,9.0
0.0,6.4,31.0,7.0
0.0,4.8,34.0,6.0
0.0,5.9,34.5,7.0
0.0,6.4,34.0,10.0
0.0,6.4,37.0,10.0
0.0,6.7,38.0,12.0
0.0,6.9,36.0,13.0
0.0,6.8,36.0,12.0
0.0,7.0,33.0,14.0
0.0,6.8,30.0,12.0
0.0,6.3,29.0,16.0
11.0,4.9,28.0,17.0
2.5,2.1,19.0,15.0
0.0,4.1,25.0,9.0
0.0,5.7,30.0,7.5
0.0,6.1,34.0,9.0
0.0,6.9,33.0,11.0
0.0,7.8,31.5,10.0
0.0,6.1,30.0,9.0
0.0,6.6,32.0,8.0
0.0,7.1,34.0,9.0
0.0,7.4,35.0,10.0
0.0,7.5,37.0,11.0
0.0,5.4,32.0,16.0
0.0,7.3,36.0,13.0
0.0,7.8,35.0,14.0
0.0,7.8,34.0,11.5
0.0,7.8,35.0,12.0
0.0,7.8,37.0,11.5
0.0,8.6,36.0,13.0
0.0,7.6,34.0,10.0
0.0,7.0,34.0,15.0
0.0,8.1,36.0,15.5
0.0,6.3,34.5,13.5
0.0,7.9,37.0,16.0
0.0,9.9,31.0,16.0
0.0,10.2,40.0,16.5
0.0,9.1,38.5,13.0
0.0,8.8,39.0,10.5
0.0,9.0,39.0,13.0
0.0,9.8,39.0,15.0
0.0,9.5,40.0,15.0
0.0,10.8,42.0,15.5
0.0,10.0,40.5,14.0
0.0,9.4,38.5,14.5
0.0,9.4,39.0,12.5
0.0,10.6,39.0,11.5
0.0,8.1,40.0,13.0
0.0,10.0,39.5,13.5
0.0,9.3,37.0,11.0
0.0,10.7,39.0,12.0
0.0,8.6,38.0,13.0
0.0,10.4,39.0,16.5
0.0,9.7,40.0,15.0
0.0,9.0,39.0,15.0
0.0,9.6,39.0,11.0
0.0,10.1,42.0,14.0
0.0,10.5,43.0,16.0
0.0,8.6,39.0,16.0
0.0,8.9,39.0,20.0
0.0,8.3,39.0,17.0
0.0,8.4,39.0,23.0
0.0,9.5,41.0,27.0
0.0,4.0,33.0,23.0
2.5,6.1,36.0,24.0
0.8,8.3,36.0,23.0
1.5,6.9,34.0,23.0
0.0,5.5,33.5,21.0
0.0,4.5,36.0,23.0
0.0,7.3,28.0,14.0
0.0,10.1,42.0,12.0
0.0,9.0,40.0,25.0
0.0,8.7,40.0,23.0
0.0,9.1,40.0,24.0
0.0,8.9,39.0,25.0
0.0,9.1,42.0,27.0
0.0,11.0,42.0,25.0
0.0,6.9,38.0,26.0
0.0,9.1,38.0,28.0
0.0,9.2,40.0,28.0
0.0,8.9,39.0,26.0
0.0,9.4,41.0,24.0
0.0,9.6,41.0,24.0
0.0,9.3,42.0,28.0
0.0,10.0,42.0,29.0
0.0,10.7,42.0,23.0
0.0,9.3,41.0,27.0
0.0,10.3,39.0,30.0
1.2,9.0,44.5,26.0
0.0,7.3,40.0,21.0
36.0,10.8,41.0,26.0
0.0,6.6,39.0,20.0
0.0,8.8,40.5,25.5
0.0,10.2,40.5,27.5
0.0,9.1,41.5,21.0
0.0,10.6,42.0,21.5
0.0,9.4,41.0,20.0
0.0,10.4,42.0,25.0
0.0,10.3,41.0,27.0
0.0,10.0,41.0,26.0
0.0,8.9,42.0,28.0
8.7,9.3,41.5,28.0
33.5,7.0,37.0,24.0
0.0,5.0,36.0,24.0
67.0,5.4,40.0,25.0
11.5,5.9,37.0,25.5
0.0,6.1,38.0,21.0
32.0,10.6,38.0,23.5
30.5,10.0,36.0,22.0
23.5,5.7,36.0,22.5
5.4,5.5,36.0,23.5
0.0,6.3,37.0,23.5
5.2,5.9,38.0,25.0
0.0,6.1,37.0,23.5
21.0,6.4,37.0,25.0
42.0,8.9,35.0,24.0
1.0,3.0,33.0,23.0
0.0,2.4,31.0,24.0
0.0,3.2,34.0,24.0
0.0,4.8,37.0,24.0
6.2,6.7,38.0,27.0
0.0,5.1,36.0,23.5
11.5,6.4,36.0,26.0
0.0,4.6,34.0,23.0
5.2,3.9,36.0,24.5
0.0,4.7,36.0,24.0
0.0,2.6,31.0,25.0
0.0,3.6,36.0,24.0
0.0,5.6,37.0,23.5
18.5,6.3,39.0,24.0
32.5,5.1,33.0,24.0
0.0,4.3,34.0,23.0
14.0,6.9,34.0,25.0
23.0,7.7,34.5,22.0
23.0,4.8,34.0,22.5
0.0,5.2,32.0,23.0
0.0,3.8,33.0,23.0
0.0,4.4,35.0,24.0
5.0,7.5,36.0,25.5
8.7,4.8,35.0,23.5
5.2,2.7,30.0,24.0
0.0,4.3,30.0,24.0
6.5,2.5,30.5,23.0
0.3,2.2,32.0,24.0
0.0,4.7,34.0,18.0
0.0,5.4,36.0,22.0
0.0,4.9,35.0,23.0
1.5,5.6,35.0,24.0
27.2,7.2,36.0,22.0
0.0,3.6,34.0,22.0
6.2,5.2,36.0,24.0
0.0,5.0,35.0,23.0
0.0,5.1,37.0,24.0
8.5,4.3,37.0,25.0
1.5,4.4,35.0,22.0
0.0,4.7,35.0,24.0
19.0,6.7,36.0,25.0
0.0,2.9,33.0,23.5
0.0,4.0,34.0,25.0
0.0,4.1,36.0,24.0
1.5,5.5,38.0,26.0
0.0,4.9,36.0,25.0
8.2,3.1,33.0,24.0
12.5,3.4,30.0,25.0
16.0,3.4,34.0,25.0
0.0,4.3,34.5,23.0
0.0,3.5,34.0,25.0
0.5,1.5,31.0,25.0
0.0,2.1,34.0,24.0
0.5,2.6,32.0,24.0
0.0,4.0,34.0,24.0
121.5,13.9,35.0,25.0
0.0,3.4,32.0,24.0
23.0,4.1,34.0,25.0
0.0,3.3,34.0,23.0
0.0,2.7,34.0,24.0
4.0,5.0,35.0,24.0
63.0,10.6,34.0,26.0
0.8,4.3,34.0,22.0
49.0,7.8,34.0,24.0
1.5,3.6,34.0,22.0
0.0,4.2,34.0,22.0
0.0,3.8,36.0,24.0
0.0,4.2,37.0,26.0
7.5,6.2,38.0,23.0
0.0,2.6,35.0,21.0
0.0,3.8,36.0,23.0
0.0,4.2,33.0,24.0
3.5,0.5,34.0,25.0
0.0,4.3,35.0,22.0
0.0,3.5,35.5,22.5
0.0,3.7,35.0,22.5
0.0,4.0,35.0,22.0
0.0,4.4,36.5,24.5
0.0,4.9,37.0,25.0
0.0,4.4,38.0,25.0
0.0,4.4,37.0,27.0
0.0,3.9,36.0,24.0
0.0,4.1,35.5,21.0
0.0,4.4,35.5,23.0
0.0,3.9,35.5,19.5
0.0,3.6,36.0,19.5
0.0,3.7,35.0,21.0
0.0,4.4,34.0,20.0
0.0,3.6,35.0,18.0
0.0,5.1,34.5,19.0
32.5,3.1,33.5,21.0
10.5,0.6,28.0,23.0
0.0,3.7,31.0,21.0
0.0,2.0,33.0,17.0
0.0,4.3,34.0,18.0
0.0,3.4,34.0,19.5
0.0,3.3,33.0,21.0
0.8,3.2,35.0,21.0
0.0,3.8,33.0,21.5
0.0,1.7,33.0,20.0
0.0,3.6,34.0,20.0
0.0,3.4,35.0,17.0
0.0,3.0,36.0,16.0
0.0,3.4,36.0,16.0
0.0,4.2,36.0,15.0
6.0,2.3,32.0,15.0
34.5,2.8,22.5,17.0
4.5,1.7,29.0,18.5
0.0,4.4,31.0,19.0
0.0,0.9,32.0,16.0
0.0,2.9,31.5,15.0
0.0,2.2,31.5,13.0
0.0,3.0,32.5,14.0
0.0,3.4,33.0,13.5
0.0,1.7,33.0,13.0
0.0,2.6,32.0,12.0
0.0,2.6,33.0,12.0
0.0,3.8,34.0,12.0
0.0,1.6,33.0,11.0
0.0,2.5,33.0,10.5
0.0,2.9,30.5,12.5
0.0,1.6,31.0,11.5
0.0,2.3,30.0,11.0
0.0,3.5,31.0,12.0
18.0,3.1,28.0,11.0
0.5,0.9,24.0,15.5
0.0,1.2,25.0,12.0
0.0,2.0,30.0,8.0
0.0,1.9,29.0,9.0
0.0,2.1,26.0,12.0
0.0,3.2,26.0,9.0
0.0,1.3,28.0,9.0
0.0,2.3,29.0,8.0
0.0,2.7,28.0,8.5
2.5,1.4,27.0,12.0
14.5,2.2,26.72166666666667,16.0
0.0,1.1,28.0,12.0
0.0,2.0,29.0,9.0
0.0,2.9,29.0,10.0
0.0,1.2,31.0,8.0
0.0,2.1,32.0,6.0
0.0,2.1,32.0,7.0
0.0,3.0,32.0,9.0
0.0,1.5,33.0,12.0
0.0,3.0,34.0,10.0
0.0,0.6,29.0,11.0
0.0,2.3,31.0,12.0
0.0,2.4,30.0,10.0
0.0,2.5,30.0,8.5
0.0,1.4,31.0,9.0
0.0,3.6,32.0,7.0
0.0,2.3,30.0,8.0
0.0,2.4,31.0,6.0
0.0,2.4,29.0,5.5
0.0,1.3,27.0,6.5
0.0,3.3,31.0,7.0
0.0,2.4,33.0,4.0
0.0,2.5,35.0,5.0
0.0,2.5,33.0,5.0
0.0,3.0,31.0,9.0
0.0,2.4,30.0,8.0
0.0,2.7,28.0,8.0
0.0,2.4,30.5,8.0
0.0,2.3,31.5,7.0
0.0,1.4,33.0,7.0
0.0,2.1,31.0,9.0
4.3,2.6,27.0,11.0
2.4,1.2,37.0,14.0
2.0,1.5,24.0,17.0
0.0,0.9,22.0,15.0
0.0,0.6,27.0,16.0
0.0,3.3,28.5,18.0
0.0,1.5,27.0,9.0
0.0,2.3,28.0,7.0
0.0,2.7,29.0,9.0
0.0,3.9,29.0,6.0
0.0,1.7,29.0,4.0
0.0,2.6,28.0,6.0
0.0,3.1,29.0,8.0
0.0,3.4,31.0,9.0
0.0,3.1,31.0,8.0
0.0,2.6,23.0,7.0
0.0,2.1,29.0,7.0
0.0,3.8,31.0,9.0
0.0,1.5,29.0,8.5
0.0,3.0,31.0,7.0
0.0,2.1,28.0,8.0
0.0,3.1,29.0,8.0
0.0,3.3,26.0,3.0
0.0,2.7,29.0,4.0
0.0,3.4,30.5,4.5
0.0,3.3,30.0,6.0
0.0,6.9,32.0,10.0
53.0,0.5,28.0,11.0
0.0,2.6,25.0,13.0
0.0,2.9,28.0,11.0
0.0,2.0,28.0,10.0
0.0,2.5,30.0,12.0
0.0,2.7,30.0,12.0
0.0,3.3,30.0,14.0
0.0,3.2,30.0,12.0
0.0,3.9,31.0,10.0
0.0,3.5,30.0,9.0
0.0,4.7,31.0,9.0
0.0,2.7,33.0,9.0
0.0,3.9,31.5,10.0
0.0,3.8,30.0,9.0
0.0,4.6,31.0,7.0
0.0,2.8,32.0,7.0
0.0,3.7,33.0,8.0
0.0,4.1,34.0,8.0
0.0,3.9,34.0,9.0
0.0,3.6,32.5,9.5
0.0,3.8,33.0,8.0
0.0,4.5,30.0,8.0
0.0,5.0,30.0,4.0
0.0,4.2,29.0,3.0
0.0,3.2,30.0,5.0
0.0,4.0,29.0,8.0
0.0,4.4,31.0,8.5
0.0,5.0,32.0,7.0
0.0,5.6,30.0,7.0
0.0,3.8,33.0,4.5
0.0,5.1,35.0,2.0
0.0,3.9,31.0,2.0
0.0,4.3,32.0,11.0
0.0,4.6,32.5,11.0
0.0,3.4,32.0,11.0
0.0,6.5,30.0,11.0
0.0,5.1,31.0,10.0
0.0,4.4,32.0,9.0
0.0,5.4,34.0,8.0
0.0,5.5,30.0,7.0
0.0,5.7,35.5,7.0
0.0,5.9,35.0,10.0
0.0,6.0,34.0,8.0
0.0,6.4,34.0,8.0
0.0,5.3,36.0,7.0
0.0,7.6,38.0,8.5
0.0,6.3,38.0,9.0
0.0,7.0,39.5,9.0
0.0,6.1,39.0,10.0
0.0,6.8,38.0,10.5
0.0,7.0,36.0,9.0
0.0,6.7,37.0,11.0
0.0,8.4,35.0,10.0
0.0,6.8,34.0,7.0
0.0,4.559009668243971,34.0,8.0
0.0,5.321904447693234,35.0,10.0
0.0,3.052502654536608,31.0,10.0
0.0,6.374595836353189,34.0,11.5
0.0,5.495071725763821,35.0,11.0
0.0,5.495071725763821,35.0,11.0
0.0,3.959429033365041,33.0,13.0
0.0,3.959429033365041,33.0,13.0
0.0,5.298161344781885,34.0,13.0
0.0,4.3739142135642135,32.0,15.0
0.0,4.871263793931407,33.0,10.0
0.0,5.482939304402774,34.0,10.0
0.0,6.145232564002319,36.0,9.0
0.0,7.304537949574011,37.0,12.0
0.0,4.060248048205252,33.0,9.0
0.0,5.7380670773139695,36.0,18.0
0.0,6.922899762737262,35.0,10.5
0.0,10.4,36.0,11.0
0.0,8.5,37.0,11.0
0.0,8.8,36.0,13.0
0.0,8.3,36.0,10.0
0.0,8.1,37.0,12.0
0.0,7.7,36.0,14.0
0.0,7.2,38.5,15.0
0.0,8.3,37.0,16.0
0.0,7.3,35.0,18.0
0.0,7.5,34.0,18.0
0.0,7.9,37.0,13.0
0.0,8.5,36.0,15.0
0.0,7.7,35.0,12.0
0.0,9.2,36.0,14.0
0.0,9.6,38.0,12.5
0.0,9.2,36.0,10.0
0.0,6.7,32.0,19.0
0.0,8.0,34.0,18.0
0.0,7.0,34.0,15.5
0.0,6.4,34.0,14.0
0.0,8.6,35.0,15.0
0.0,7.8,36.0,13.5
0.0,9.8,36.0,13.0
0.0,9.3,37.0,10.0
0.0,10.7,39.0,10.0
0.0,8.6,39.0,12.0
0.0,9.7,37.0,14.0
0.0,10.0,38.0,12.0
0.0,8.9,39.0,16.0
0.0,10.5,41.5,18.0
0.0,11.9,42.0,19.0
0.0,8.9,39.0,18.5
0.0,7.7,38.0,19.0
0.0,9.3,38.0,19.0
0.0,8.5,37.0,22.5
0.0,8.6,38.0,19.0
0.0,8.4,36.0,20.0
0.0,8.1,34.0,19.0
0.0,8.8,37.0,16.0
0.0,10.8,39.0,19.0
0.0,11.5,40.0,19.0
0.0,10.7,40.0,16.0
0.0,11.4,40.0,18.0
0.0,10.0,41.0,18.0
0.0,9.0,41.0,20.0
0.0,8.6,36.0,23.5
0.0,10.4,39.0,20.0
0.0,8.6,40.0,22.0
0.0,8.9,38.0,23.0
0.0,9.1,38.0,24.0
2.0,7.5,42.0,23.0
0.0,9.0,42.0,23.0
4.5,10.0,41.0,23.0
0.0,8.2,40.0,21.0
0.0,8.4,38.0,21.0
0.0,9.4,37.0,24.0
0.0,6.9,36.0,24.0
0.0,7.0,35.0,21.0
0.0,8.6,38.0,19.0
0.0,9.0,38.0,18.5
0.0,10.4,39.0,21.0
0.0,10.4,38.0,23.0
0.0,11.4,38.0,21.0
0.0,8.6,38.5,21.5
9.0,9.3,40.0,26.0
0.0,8.4,38.0,22.5
0.0,9.4,40.0,24.0
27.0,11.5,40.0,24.0
51.5,8.4,40.0,24.0
0.0,4.2,31.0,24.0
10.0,4.2,32.0,24.0
7.5,4.6,35.0,24.5
16.5,6.4,35.0,23.0
0.0,3.8,33.0,24.0
52.5,8.7,33.0,24.0
62.5,8.4,33.0,23.0
0.0,6.6,35.0,22.0
0.0,5.9,36.0,22.0
0.0,6.6,36.0,24.0
1.0,4.7,37.0,24.0
90.5,13.1,36.0,23.0
0.0,5.3,34.0,22.0
9.5,4.9,34.5,24.0
0.0,3.0,32.0,24.0
16.0,6.3,35.0,23.0
0.0,4.2,34.0,22.0
67.0,13.3,36.0,26.0
10.0,5.6,35.0,21.5
20.0,4.6,34.0,23.0
8.5,3.6,34.0,23.0
0.0,6.4,34.0,22.0
0.0,5.0,35.0,23.0
34.5,7.5,35.5,25.0
0.0,4.0,33.0,22.0
67.5,9.3,34.0,24.0
12.0,4.2,30.0,23.0
19.0,4.3,31.0,22.0
28.0,5.4,32.0,22.0
128.0,16.0,31.5,21.0
31.5,4.7,30.0,21.0
58.0,11.0,35.0,22.0
9.0,4.2,35.0,21.0
0.0,4.8,33.0,23.0
0.0,5.3,35.0,22.5
11.5,5.7,36.0,23.0
42.5,7.4,33.0,23.0
2.5,3.5,33.0,22.0
1.0,3.3,33.0,21.0
9.0,3.4,33.0,21.0
13.7,6.0,35.0,21.0
25.2,6.7,32.5,24.5
1.0,4.7,35.0,22.5
0.0,6.5,35.0,24.0
73.8,12.5,36.0,24.0
0.0,5.2,33.0,21.0
0.0,5.2,35.0,24.0
0.5,5.2,36.0,23.0
4.5,5.8,36.0,25.0
0.0,4.0,34.5,23.0
0.0,1.2,31.0,26.0
15.5,7.0,33.0,24.0
3.8,1.6,30.0,22.0
7.0,1.0,30.0,22.0
0.0,5.3,35.0,22.5
2.5,4.7,34.0,24.5
6.8,5.6,33.5,24.5
0.0,4.2,34.0,23.0
0.0,5.5,35.0,24.0
56.0,13.5,34.0,24.0
7.5,0.9,32.0,20.0
24.2,2.8,33.0,20.5
0.0,4.6,34.0,22.0
0.0,5.4,33.0,23.0
0.0,3.4,35.0,23.0
1.5,5.7,35.0,23.0
1.0,4.8,35.0,23.0
0.0,4.9,35.0,23.0
55.0,4.6,34.0,22.0
10.7,4.2,33.0,22.0
5.5,3.0,32.0,22.0
1.0,3.9,33.0,24.0
2.0,4.9,34.0,24.0
14.2,6.0,34.0,24.0
1.0,3.8,35.0,24.0
8.5,4.3,33.0,24.0
0.0,5.2,35.0,22.0
0.0,3.9,34.0,23.0
0.0,5.4,35.0,22.0
0.0,5.7,39.0,23.0
0.0,5.6,40.0,21.0
0.0,2.0,40.0,21.0
0.0,4.9,33.0,20.5
3.5,3.8,32.0,22.5
0.0,4.3,34.0,23.0
14.5,6.4,36.0,25.0
0.0,2.6,33.0,22.0
0.0,6.1,35.0,22.0
0.0,5.0,35.0,21.0
0.5,3.4,35.0,23.0
0.0,4.4,36.0,22.0
0.0,4.6,38.0,24.5
0.0,3.5,38.0,23.0
0.0,5.2,39.0,20.5
0.0,5.5,37.0,20.0
0.0,5.0,37.0,23.0
0.0,4.9,35.0,22.0
0.0,5.1,36.5,20.5
5.5,2.2,31.0,23.0
0.0,1.7,32.0,22.5
0.0,2.8,32.0,23.0
0.0,4.7,36.0,22.0
0.0,5.4,38.0,23.0
15.0,6.0,38.0,24.0
13.5,5.8,34.0,22.0
0.0,4.2,34.0,21.0
0.0,4.5,35.0,23.0
58.5,5.7,33.5,22.5
44.2,5.0,33.5,20.5
0.0,4.2,32.0,20.0
0.0,4.4,32.0,20.0
0.0,4.4,32.0,18.0
0.0,3.7,35.0,16.0
0.0,3.1,34.0,16.0
0.0,4.2,34.0,17.0
0.0,3.7,34.0,19.0
0.0,4.0,34.0,20.0
0.0,5.3,35.0,20.0
0.0,4.0,34.0,20.0
0.0,2.3,34.0,18.0
9.0,4.4,33.0,17.0
0.0,3.2,31.0,20.0
0.0,3.8,32.0,19.0
0.0,2.7,33.0,17.0
0.0,4.8,33.0,16.0
0.0,2.3,33.0,18.0
0.0,3.2,33.0,18.0
0.0,3.4,32.0,21.0
0.0,2.7,31.0,20.0
0.0,0.8,29.0,21.0
0.0,3.7,28.5,19.0
0.0,2.6,28.0,18.5
0.0,3.2,32.0,14.0
0.0,3.3,33.0,12.5
0.0,3.5,34.0,12.0
0.0,3.7,35.0,11.0
0.0,3.2,37.0,11.0
0.0,2.3,37.0,12.0
0.0,4.4,34.0,14.0
0.0,2.9,34.0,15.0
0.0,3.2,35.0,15.0
0.0,3.6,35.0,13.0
0.0,3.8,35.0,13.0
0.0,2.4,35.0,14.0
0.0,2.3,35.0,14.0
0.0,5.0,35.0,12.0
0.0,3.1,35.0,10.0
0.0,2.2,34.0,10.0
0.0,2.8,34.0,12.0
0.0,2.3,34.0,13.0
0.0,3.3,33.0,13.0
0.0,2.8,34.0,12.0
0.0,3.3,33.5,10.0
0.0,3.1,29.5,12.5
0.0,3.2,29.5,12.0
0.0,3.0,30.0,8.0
0.0,3.5,31.0,7.5
0.0,3.3,31.5,7.0
0.0,0.8,29.5,11.0
34.0,3.9,23.0,13.5
0.0,2.8,24.0,14.0
0.0,3.0,27.0,7.0
0.0,1.4,28.0,8.0
0.0,2.3,28.5,6.0
0.0,2.3,30.0,6.0
0.0,2.6,28.0,9.0
0.0,2.4,29.0,8.0
0.0,2.3,29.0,7.5
0.0,3.8,30.0,8.0
0.0,1.5,25.0,9.0
0.0,0.7,27.0,10.0
0.0,2.4,28.0,10.0
0.0,2.6,34.0,8.0
0.0,1.0,34.0,12.0
0.0,2.6,30.0,12.0
0.0,2.3,31.0,12.0
0.0,2.4,32.0,12.0
8.2,2.0,29.0,14.0
25.5,3.7,18.0,16.0
22.5,0.1,20.0,9.0
7.2,1.9,18.0,12.0
0.0,0.7,22.0,14.0
0.0,1.7,27.0,10.0
0.0,2.0,30.0,9.0
0.0,3.0,28.0,12.0
0.0,0.1,30.0,15.0
0.0,2.9,32.0,12.5
0.0,2.3,31.5,13.5
0.0,1.8,31.0,12.0
0.0,2.3,31.0,11.0
0.0,1.4,28.0,13.5
0.0,2.8,30.0,13.0
0.0,2.2,28.5,13.5
0.0,1.8,28.0,15.0
36.5,0.5,28.0,15.0
0.0,1.3,29.0,16.0
0.0,3.4,26.0,17.0
0.0,1.8,27.0,13.5
0.0,2.1,28.0,9.0
0.0,1.5,27.0,8.0
0.0,3.6,27.0,6.0
0.0,2.6,28.5,4.0
0.0,1.8,29.0,2.5
0.0,2.8,30.0,3.0
0.0,2.2,29.0,4.0
0.0,2.3,29.0,6.5
0.0,2.1,28.0,9.5
0.0,2.1,28.0,8.0
10.7,0.8,23.0,10.0
45.0,3.9,19.0,13.5
0.0,1.1,22.0,16.0
5.5,0.9,19.0,13.0
0.5,1.1,20.0,12.5
0.0,2.3,23.0,7.0
0.0,2.0,24.0,6.0
0.0,2.1,26.0,7.0
0.0,2.4,27.0,7.0
0.0,1.2,26.0,10.0
0.0,2.2,26.0,11.0
0.0,2.7,27.0,10.0
5.0,0.1,28.0,10.0
0.0,1.3,26.0,10.0
0.6,2.9,30.0,12.0
2.0,0.2,22.0,14.5
0.0,2.9,28.5,9.0
0.0,1.0,25.0,7.0
0.0,1.8,27.0,8.0
0.0,4.0,27.0,10.0
0.7,0.8,27.0,11.0
0.4,2.6,22.0,9.5
0.0,1.5,19.5,7.0
0.0,1.1,25.0,5.0
0.0,2.4,26.0,5.0
0.0,2.5,25.0,6.0
0.0,2.8,27.0,4.0
0.0,1.8,27.0,6.0
0.0,3.8,31.0,8.0
0.0,2.5,32.0,7.0
0.0,3.8,32.0,9.5
0.0,3.1,34.0,8.5
0.0,2.6,33.0,9.0
0.0,3.1,31.0,10.0
0.0,3.3,35.0,11.0
0.0,3.0,35.0,10.0
0.0,3.3,31.0,10.0
0.0,3.4,33.0,11.0
0.0,2.4,34.0,11.0
0.0,4.6,34.0,13.0
0.0,4.1,31.0,11.0
0.0,3.4,27.0,13.0
0.0,3.0,27.0,10.0
0.0,3.0,28.0,7.0
0.0,1.3,32.0,8.0
0.0,1.9,31.0,8.0
0.0,3.0,32.0,9.0
0.0,3.2,32.0,12.0
0.0,5.2,34.0,16.0
0.0,4.4,33.5,13.0
0.0,4.0,37.0,11.0
0.0,4.5,33.0,11.0
0.0,2.5,32.0,9.0
0.0,4.1,34.0,9.0
0.0,5.6,37.0,11.0
0.0,3.9,36.5,11.0
0.0,5.6,38.0,12.0
0.0,3.9,36.0,12.0
0.0,4.9,35.5,14.0
0.0,6.5,38.0,13.0
0.0,4.1,36.0,11.0
0.0,4.5,34.0,12.0
0.0,3.7,32.0,11.5
0.0,2.9,26.0,13.0
0.0,5.4,30.0,14.0
0.0,4.4,34.0,14.0
0.0,5.3,35.0,12.0
0.0,5.3,32.0,13.0
0.0,4.2,31.0,11.0
0.0,6.3,31.5,11.0
0.0,5.2,30.5,9.0
0.0,4.8,34.0,8.0
0.0,5.2,35.0,10.0
0.0,5.4,36.0,12.0
0.0,3.2,32.0,12.0
0.0,6.9,37.0,12.0
7.5,3.0,30.0,16.0
0.0,1.4,24.0,18.0
0.0,6.5,29.0,13.0
0.0,4.3,35.0,10.0
0.0,7.6,34.0,11.0
0.0,5.3,38.0,11.5
0.0,7.1,36.0,14.0
0.0,7.0,29.0,15.0
0.0,3.5,34.0,12.5
0.0,4.2,34.0,13.5
0.0,5.1,36.0,15.0
7.5,8.1,35.5,18.0
0.0,6.9,34.0,17.0
0.0,7.6,35.0,15.0
0.0,6.3,37.0,14.5
0.0,6.8,38.5,15.0
0.0,7.9,38.0,15.5
0.0,7.7,38.0,16.0
0.0,8.1,37.0,17.0
0.0,6.0,38.0,15.0
0.0,7.4,36.0,12.5
0.0,4.1,32.5,16.5
0.0,5.4,35.0,17.0
0.0,6.7,34.0,15.0
0.0,4.2,34.5,17.0
0.0,7.1,35.5,16.0
0.0,7.8,38.0,15.0
0.0,2.2,31.0,18.0
0.0,7.4,34.0,16.0
0.0,3.8,35.5,19.0
0.0,5.8,30.0,17.0
0.0,8.0,33.0,15.0
0.0,8.0,38.0,13.0
0.0,8.2,38.5,15.0
0.0,8.0,28.0,19.5
0.0,8.0,30.4,20.0
0.0,8.2,29.0,17.0
0.0,9.8,30.5,14.0
0.0,7.4,31.5,15.5
0.0,8.0,31.0,21.0
0.0,5.8,29.0,21.0
0.0,8.0,29.5,18.0
0.0,7.6,31.5,20.0
0.0,6.4,37.5,20.5
0.0,8.6,37.5,16.0
0.0,9.0,,
0.0,7.6,,
0.0,7.8,,
0.0,7.9,,
0.0,8.3,,
0.0,8.0,,
0.0,8.3,,
0.0,10.5,,
0.0,2.6,,
0.0,7.9,,
0.0,8.4,,
0.0,8.1,,
0.0,9.7,,
0.0,9.1,,
0.0,7.2,,
0.0,9.8,,
0.0,8.2,,
0.0,9.3,,
0.0,7.4,,
0.0,7.8,,
0.0,9.0,42.0,26.0
0.0,6.6,39.0,24.0
0.0,9.4,38.5,21.0
0.0,9.2,38.0,19.0
0.0,9.8,38.0,16.0
0.0,9.3,40.0,18.0
0.0,10.4,41.0,21.0
0.0,12.2,40.0,19.0
0.0,11.0,39.0,23.0
0.0,10.2,38.0,20.0
0.0,9.9,41.0,20.0
0.0,11.2,40.0,25.0
0.0,9.1,40.0,22.0
0.0,10.4,41.0,24.0
0.0,8.2,39.0,24.0
0.0,11.2,38.5,24.0
0.0,10.7,38.0,25.0
3.2,9.9,38.0,25.0
3.7,6.8,38.0,24.0
7.0,5.4,36.0,23.0
0.0,5.1,35.0,23.0
0.0,5.4,37.0,25.0
0.0,6.9,39.0,25.0
1.7,5.8,34.0,25.0
5.5,5.3,35.0,24.5
11.0,6.2,37.5,19.5
10.5,7.2,35.0,24.0
0.5,6.4,35.0,24.0
0.0,5.6,38.0,24.0
0.0,8.1,39.0,25.0
0.0,9.4,40.5,24.0
0.0,6.8,38.0,26.5
4.7,5.3,37.0,25.0
4.5,6.9,35.0,22.0
0.0,9.8,39.0,22.0
0.0,7.9,40.0,27.0
4.8,6.3,36.0,26.0
47.3,10.0,36.5,23.0
1.0,3.4,34.0,22.0
0.0,5.9,38.0,22.0
20.2,10.6,39.5,25.0
23.5,7.8,36.0,21.0
0.0,4.5,35.0,22.0
0.0,5.6,36.0,24.5
1.0,3.4,32.0,24.0
1.5,1.2,28.0,24.0
2.5,3.6,33.0,22.0
3.5,3.0,36.0,23.0
0.0,5.5,34.0,24.0
4.0,5.9,36.0,24.0
55.0,5.4,28.0,22.0
7.0,5.2,34.0,21.0
32.0,6.3,32.0,24.0
5.0,3.1,32.0,23.0
61.5,8.0,32.0,24.0
3.5,2.4,29.5,23.0
0.0,5.4,34.0,23.0
0.0,4.3,36.0,24.0
15.0,5.8,37.0,24.0
10.5,6.6,35.5,23.0
5.0,0.5,26.0,23.0
0.0,4.4,33.0,23.5
7.5,6.0,34.0,24.0
0.0,4.7,34.0,23.0
8.5,4.0,34.0,24.0
7.5,5.7,35.0,23.0
33.0,7.1,33.0,23.0
0.0,3.3,33.0,22.5
23.0,4.4,34.0,25.0
10.7,5.0,34.0,23.0
19.0,3.9,33.0,23.0
0.0,3.5,33.0,22.0
0.0,5.0,35.0,24.0
0.0,4.7,36.0,25.0
23.5,7.1,35.0,24.0
7.5,5.3,35.0,23.0
2.5,3.7,33.0,23.0
45.5,9.0,34.0,23.0
6.5,5.0,34.0,24.0
0.0,4.9,35.0,23.0
0.0,5.2,35.0,23.0
0.0,4.9,35.0,25.0
0.0,4.6,37.0,25.5
0.0,6.3,39.0,26.0
0.0,4.6,39.0,24.0
0.0,2.8,33.0,25.0
8.0,4.1,35.0,25.0
0.0,5.1,38.0,25.0
0.0,3.5,37.0,25.0
40.0,10.2,38.0,26.0
15.0,5.0,33.0,21.0
0.0,4.0,34.0,23.0
0.0,4.9,35.0,24.5
47.5,8.8,35.0,24.0
9.0,4.3,32.0,21.0
0.0,2.9,31.5,21.0
0.0,3.6,35.0,21.5
0.0,5.1,35.0,23.0
0.0,6.2,35.0,22.0
0.0,1.3,33.0,23.0
38.0,6.7,33.0,24.0
2.0,3.1,33.0,21.0
27.5,5.8,34.0,21.0
0.0,4.5,33.0,22.0
0.0,4.8,35.0,23.0
0.0,4.2,37.0,23.0
0.0,5.2,39.0,24.0
0.0,4.7,37.0,23.0
2.0,1.2,32.0,23.0
0.0,4.6,35.0,22.0
0.0,1.6,33.0,23.0
0.0,4.0,34.0,22.0
0.0,2.5,34.0,22.0
6.0,6.0,35.0,22.0
0.0,4.3,35.0,23.0
0.0,3.7,34.0,23.5
0.0,4.2,36.0,24.0
0.0,6.2,36.0,23.0
8.8,0.7,35.0,23.0
1.0,3.7,31.0,21.5
48.8,4.4,32.0,19.0
0.0,3.7,33.5,19.0
0.0,3.9,34.0,18.0
0.0,3.6,34.0,15.0
0.0,3.3,35.0,16.0
0.0,3.3,36.0,18.0
0.0,3.0,38.0,18.0
0.0,4.8,35.0,18.0
64.5,7.4,34.0,22.0
80.0,6.3,27.0,22.0
44.5,4.3,28.0,22.0
0.0,3.0,32.5,21.0
0.0,3.2,33.0,21.0
0.0,4.1,33.0,19.5
0.0,3.5,34.0,18.0
0.0,3.2,34.0,17.0
0.0,2.9,34.0,20.0
0.0,2.9,32.0,21.0
0.0,3.7,33.0,19.0
0.0,3.0,34.0,15.0
0.0,3.8,33.0,15.0
0.0,1.2,33.0,15.5
0.0,5.4,34.0,16.5
0.0,3.7,34.0,15.0
0.0,3.1,35.0,15.0
0.0,2.5,35.0,14.0
0.0,2.8,36.0,16.0
0.0,2.8,36.0,16.5
0.0,3.2,36.0,18.0
0.0,2.0,35.0,18.5
0.0,5.0,34.0,19.0
0.0,2.6,34.0,17.0
4.5,2.2,34.0,15.0
0.0,4.2,29.0,16.0
0.0,3.0,31.0,12.5
0.0,3.6,32.0,10.5
0.0,2.9,34.0,10.0
0.0,2.6,33.0,10.0
0.0,2.6,33.0,10.5
0.0,3.0,32.0,10.5
0.0,2.5,32.5,9.0
0.0,1.4,31.0,10.5
0.0,3.8,30.5,12.0
0.0,4.1,32.5,16.0
0.0,1.2,34.0,13.0
0.0,2.7,33.0,12.0
0.0,2.8,32.0,14.0
0.0,2.6,32.0,10.0
0.0,1.8,26.0,13.0
0.0,0.7,28.0,15.0
0.0,1.5,32.0,10.5
0.0,2.9,33.0,8.0
0.0,1.3,33.0,9.0
1.0,3.5,33.0,10.0
0.0,0.3,28.0,10.0
0.0,2.5,30.0,15.0
0.0,1.6,31.0,17.0
0.0,1.1,28.0,17.5
0.0,3.6,30.0,14.0
0.0,1.6,30.0,10.5
0.0,2.8,31.0,8.0
0.0,1.3,28.0,11.0
0.0,4.0,27.0,13.0
0.0,3.6,31.0,9.0
0.0,1.1,31.0,7.0
0.0,3.2,31.0,7.0
0.0,2.7,32.0,9.5
0.0,2.5,34.0,6.0
0.0,1.1,31.0,8.0
0.0,1.1,31.0,10.0
0.0,3.5,32.0,9.0
0.0,1.5,33.0,8.5
0.0,2.8,26.0,8.0
0.0,2.8,27.0,10.0
0.0,1.2,27.0,11.0
0.0,1.2,29.0,6.0
0.0,3.4,32.0,3.0
0.0,2.7,32.0,2.0
0.0,2.6,32.0,2.0
0.0,0.9,24.0,2.5
0.0,2.9,31.0,8.0
0.0,3.0,34.0,7.0
0.0,2.1,28.0,9.0
0.0,3.1,31.0,9.0
0.0,1.1,31.0,10.0
0.0,3.6,33.0,10.0
0.0,3.0,32.0,10.0
0.0,2.3,33.0,8.5
0.0,3.5,32.0,8.0
0.0,3.0,32.0,10.0
0.0,2.8,33.0,8.5
0.0,2.4,34.0,8.0
0.0,1.3,35.0,8.0
0.0,1.8,33.0,7.0
0.0,3.1,32.0,8.5
0.0,3.0,33.0,10.0
0.0,4.5,32.0,10.0
0.0,3.0,30.0,8.0
0.0,1.7,33.0,8.5
0.0,1.9,32.0,9.0
0.0,4.2,29.0,9.0
0.0,3.3,28.0,5.0
0.0,2.9,29.0,4.0
0.0,2.4,31.0,6.0
0.0,4.3,33.0,8.0
0.0,1.9,33.0,6.5
0.0,3.7,35.0,6.0
0.0,2.0,30.0,10.0
4.5,0.8,29.0,9.0
0.0,1.2,29.0,6.0
0.0,2.1,33.0,6.0
0.0,4.3,34.0,6.0
0.0,2.4,36.0,6.0
0.0,3.8,35.0,8.0
0.0,4.5,33.0,7.0
0.0,2.9,32.0,8.0
0.0,3.5,35.0,9.0
0.0,3.2,35.0,9.0
0.0,4.7,35.0,9.0
0.0,4.0,38.0,8.0
0.0,2.3,32.0,9.0
0.0,4.6,32.0,10.0
0.0,3.4,33.0,11.0
0.0,4.0,34.0,11.0
0.0,3.7,31.0,12.0
1.5,1.1,27.0,16.0
2.5,0.8,27.0,16.0
1.6,2.7,27.0,16.0
6.5,2.7,25.0,12.5
0.0,3.1,25.0,11.0
0.0,4.3,28.0,6.0
0.0,1.9,25.0,6.0
0.0,3.6,25.0,8.0
0.0,2.8,36.0,10.5
0.0,3.7,28.0,9.0
0.0,3.8,29.0,7.0
0.0,3.2,30.0,6.0
0.0,2.7,30.0,7.0
0.0,4.7,35.0,5.0
0.0,4.6,35.0,7.0
0.0,4.6,35.0,9.0
0.0,5.5,36.0,8.0
0.0,5.9,37.0,10.0
0.0,3.5,35.0,11.0
0.0,5.4,34.0,13.0
0.0,5.2,34.0,13.0
0.0,5.1,35.0,11.0
0.0,4.5,33.0,11.0
0.0,4.6,36.0,12.0
0.0,4.8,39.0,11.5
0.0,6.5,36.0,10.5
0.0,3.2,34.0,12.0
0.0,6.7,34.0,13.0
0.0,6.3,34.0,14.5
0.0,4.9,34.0,13.0
0.0,7.0,35.0,10.5
0.0,5.5,35.0,8.0
0.0,5.0,32.0,8.0
0.0,6.3,35.0,9.0
0.0,5.7,33.0,9.0
0.0,5.4,32.0,10.5
0.0,5.3,33.0,10.0
0.0,6.2,35.0,11.0
0.0,6.3,31.0,9.5
0.0,4.7,30.0,11.0
0.0,5.3,29.0,7.0
0.0,4.2,29.0,7.0
0.0,5.8,32.5,8.5
0.0,6.7,35.0,7.0
0.0,6.0,34.0,8.0
0.0,6.1,29.0,6.0
0.0,5.7,29.0,6.0
0.0,7.5,36.0,5.5
0.0,7.7,37.0,5.0
0.0,7.2,37.0,8.0
0.0,7.4,29.0,10.0
0.0,7.9,38.0,12.0
0.0,5.8,36.0,11.0
0.0,7.1,38.0,11.0
0.0,8.2,38.0,12.0
0.0,7.2,38.5,12.0
0.0,8.9,39.0,11.0
0.0,7.7,42.0,12.0
0.0,8.6,37.0,15.0
0.0,7.3,38.0,13.0
0.0,8.0,35.0,13.0
0.0,6.5,35.0,12.0
0.0,6.9,35.0,11.0
0.0,8.8,36.0,10.5
0.0,7.1,40.0,11.0
0.0,6.6,37.0,16.0
0.0,9.2,41.0,17.0
0.0,8.2,40.0,16.0
0.0,8.0,41.0,14.0
0.0,7.6,37.0,14.0
0.0,5.7,37.0,18.0
0.0,9.9,41.5,18.0
0.0,9.5,42.0,17.0
0.0,9.5,41.0,19.0
0.0,9.5,39.0,20.0
0.0,7.6,37.0,21.0
0.0,8.1,38.5,16.0
0.0,9.9,40.0,12.0
0.0,10.1,41.0,12.0
0.0,9.5,41.5,11.5
0.0,8.9,37.5,14.0
0.0,8.9,39.5,15.0
0.0,8.5,41.0,16.0
0.0,6.2,36.0,16.0
0.0,5.8,31.5,21.0
0.0,1.7,30.0,18.0
20.0,7.6,38.0,18.0
0.0,6.1,32.0,18.5
0.0,7.2,35.0,18.0
0.0,7.3,39.0,18.5
0.0,9.5,39.0,21.0
0.0,7.4,37.0,20.0
0.0,8.2,39.0,21.0
0.0,8.9,37.0,21.0
0.0,5.9,35.0,20.0
0.0,7.6,38.0,16.0
0.0,9.1,38.0,12.0
0.0,5.5,32.0,14.0
0.0,8.0,39.0,15.0
0.0,9.1,41.0,15.0
0.0,6.3,40.0,15.0
0.0,9.9,42.0,16.0
0.0,9.3,40.0,21.0
0.0,10.8,41.0,15.0
0.0,7.8,40.0,17.0
0.0,9.2,41.0,11.0
0.0,7.2,40.0,15.0
0.0,5.6,37.0,18.0
0.0,8.3,38.0,19.0
0.0,9.0,38.0,18.0
0.0,8.6,36.0,17.0
0.0,8.4,37.0,16.0
0.0,8.4,37.0,17.0
0.0,8.3,37.0,20.0
0.0,9.3,38.0,18.0
0.0,8.0,37.0,19.0
0.0,6.0,35.0,22.0
0.0,3.6,30.0,22.5
0.0,5.6,33.0,23.0
0.0,3.3,33.0,21.0
0.0,5.1,33.5,22.0
0.0,3.8,30.0,22.0
0.0,5.6,34.0,21.0
0.0,6.9,35.0,20.0
0.0,6.2,33.0,22.0
0.0,8.0,36.0,20.0
0.0,9.3,37.0,21.0
0.0,8.3,37.0,23.0
0.0,5.6,34.0,24.0
0.0,9.7,36.0,21.0
0.0,7.3,39.0,21.0
0.0,9.3,37.0,22.0
0.0,9.7,40.0,24.0
0.0,9.3,41.0,25.0
0.0,9.3,40.0,26.0
0.0,10.8,39.0,24.5
0.0,10.9,40.0,22.0
0.0,11.6,42.0,24.0
15.0,10.8,43.0,25.0
14.0,7.3,38.0,25.0
30.5,6.3,35.5,24.0
0.0,6.7,38.0,23.0
0.0,8.1,38.0,24.0
0.0,9.1,40.0,23.0
0.0,8.1,31.0,23.0
0.0,7.3,39.0,24.0
0.0,4.9,38.0,24.0
22.5,6.5,37.0,24.0
0.0,4.7,34.0,23.0
0.0,4.5,36.0,24.5
5.5,5.2,38.0,24.5
0.0,5.1,38.0,24.0
63.5,13.4,38.0,24.0
0.5,3.7,32.0,22.5
2.0,4.7,33.0,22.0
7.0,4.4,36.0,23.0
19.0,7.4,35.0,24.0
1.0,2.5,28.0,23.0
0.0,3.9,34.0,23.0
0.0,4.2,35.0,22.0
16.5,5.3,35.0,23.0
2.5,4.0,32.0,22.5
0.0,5.5,35.0,23.0
23.0,8.5,36.0,23.0
60.0,6.4,33.0,23.0
0.0,2.7,30.0,23.0
15.5,3.0,30.0,22.0
0.0,1.8,33.0,22.0
0.0,3.3,34.0,22.0
18.5,5.6,30.5,22.5
0.0,4.2,34.0,20.5
0.0,4.9,35.0,21.0
0.0,8.0,37.0,23.0
0.0,3.9,37.0,21.0
0.0,7.8,38.0,23.0
3.0,4.8,35.0,25.0
5.5,4.0,33.0,22.0
0.0,4.5,34.0,22.5
0.0,5.4,36.0,24.0
2.0,3.5,35.0,25.5
14.5,5.5,35.0,24.0
0.0,5.6,35.0,22.0
0.0,6.2,36.0,22.0
0.0,6.5,37.0,24.0
56.5,10.3,38.0,25.0
0.0,4.7,34.0,21.0
0.0,5.3,35.0,22.0
34.5,4.6,36.0,23.0
0.0,4.6,34.0,22.0
9.5,5.4,35.0,22.0
0.0,4.8,35.0,23.0
1.0,4.6,35.0,24.0
0.0,4.6,36.0,24.0
8.5,3.5,35.0,24.0
2.5,3.1,33.0,22.0
19.5,5.9,36.0,23.0
1.5,3.3,34.0,21.0
1.0,6.5,36.0,22.0
0.0,3.7,34.0,23.0
0.0,5.5,35.0,22.5
0.0,5.7,38.0,22.0
0.0,5.2,39.0,23.0
17.0,3.5,31.0,24.0
93.5,10.4,32.0,20.5
0.0,3.6,33.0,21.0
3.0,7.0,37.0,24.0
5.5,3.1,34.0,23.0
7.0,6.8,34.0,22.0
0.0,4.8,33.0,23.0
0.5,3.2,33.0,23.0
0.0,4.8,35.0,23.0
3.2,3.1,34.0,23.0
32.0,5.2,34.0,24.0
0.0,4.9,33.0,23.0
0.0,4.3,35.0,24.0
0.0,4.8,36.0,25.0
14.0,5.5,37.0,23.0
0.0,3.6,32.0,23.0
0.0,2.3,31.0,23.0
0.0,3.2,34.0,23.5
0.0,5.0,35.0,23.5
0.0,5.1,36.0,24.0
2.0,5.4,36.0,23.0
0.0,4.8,37.0,23.5
7.5,2.2,31.0,24.0
2.0,5.2,35.0,21.5
0.0,4.5,35.0,21.0
0.0,5.3,37.0,22.0
3.0,4.1,37.0,24.0
20.0,6.5,36.0,22.0
0.0,4.2,34.0,20.5
0.0,3.6,35.0,21.0
43.5,5.9,35.0,22.0
0.0,4.4,34.0,22.0
7.5,4.7,32.0,23.0
0.0,4.0,34.0,22.0
0.0,4.4,34.0,20.5
0.0,3.4,35.0,20.0
0.0,4.1,35.0,19.5
0.0,5.0,37.0,20.0
0.0,4.6,37.0,20.0
6.0,4.1,37.0,18.0
46.0,1.7,30.0,20.0
150.0,0.4,31.0,20.0
0.0,4.4,30.0,19.0
0.0,3.4,31.0,20.0
0.0,4.8,32.0,20.0
0.0,2.2,31.0,20.0
0.0,4.0,33.0,22.0
0.0,5.6,34.0,23.0
0.0,2.5,34.0,20.5
144.0,8.1,34.0,20.0
4.5,0.1,28.0,20.0
0.0,4.2,31.0,20.5
0.0,2.8,33.0,20.0
0.0,4.9,33.0,19.0
0.0,3.8,34.0,18.0
0.0,2.5,34.0,17.0
0.0,4.3,35.0,18.0
0.0,3.7,34.0,18.0
0.0,1.9,33.0,21.0
0.0,2.1,31.0,20.0
16.0,2.6,30.0,21.0
7.8,1.2,34.0,21.0
0.0,3.8,30.0,20.5
0.0,3.3,30.0,19.0
0.0,3.4,31.0,18.0
0.0,1.6,32.0,18.0
0.0,4.3,33.0,17.0
0.0,3.2,33.0,15.0
0.0,2.8,34.0,14.0
0.0,3.2,35.0,15.0
0.0,2.8,33.0,13.0
0.0,3.1,33.0,13.0
0.0,3.2,34.0,13.0
0.0,2.3,32.0,14.0
0.0,3.1,31.0,13.5
0.0,2.8,31.0,11.0
0.0,2.6,32.0,15.0
0.0,3.1,32.5,13.0
0.0,2.2,32.0,11.5
0.0,3.0,33.0,11.5
0.0,1.6,32.0,11.0
0.0,1.7,32.0,11.0
0.0,2.3,33.0,12.0
0.0,2.9,35.0,13.0
0.0,2.7,35.0,12.0
0.0,2.8,35.0,14.0
0.0,2.5,35.0,17.0
0.0,1.1,36.0,16.0
0.0,2.0,36.0,16.0
0.0,3.0,35.0,16.0
0.0,3.1,34.0,16.0
0.0,4.1,33.0,14.0
0.0,2.0,32.0,13.0
0.0,3.3,25.0,16.0
0.0,2.7,27.0,4.0
0.0,2.4,28.0,2.0
0.0,2.9,31.0,7.0
0.0,2.7,30.0,6.0
0.0,2.8,30.5,4.0
0.0,2.5,33.0,4.0
0.0,2.4,32.0,5.0
0.0,2.2,31.0,8.0
0.0,2.5,32.0,8.0
0.0,2.5,32.0,9.0
0.0,1.3,32.0,9.0
0.0,2.6,33.0,9.0
0.0,1.5,32.0,12.0
0.0,1.7,31.0,12.0
0.0,2.1,25.0,13.0
0.0,0.9,27.0,15.0
0.0,3.6,25.0,9.0
0.0,2.2,27.0,7.0
0.0,1.6,30.0,5.0
3.0,0.6,22.0,5.0
1.0,1.0,23.0,15.0
1.5,0.9,30.0,12.0
0.0,1.5,26.0,12.0
0.0,0.9,29.0,16.0
0.0,3.0,30.0,14.0
0.0,1.6,28.0,9.0
0.0,1.4,22.0,9.0
7.0,0.9,17.0,13.0
0.0,1.3,23.0,6.0
0.0,1.4,26.0,4.0
0.0,2.0,26.0,5.0
0.0,2.4,27.0,7.0
0.0,1.3,28.0,5.0
0.0,3.4,27.0,4.0
0.0,2.2,26.0,4.0
0.0,2.6,27.0,8.0
0.0,2.4,28.0,5.0
0.0,2.4,28.0,4.0
0.0,2.3,29.0,4.0
0.0,2.5,29.0,4.5
0.0,2.2,31.0,5.0
0.0,2.5,32.0,6.0
0.0,2.0,29.0,6.0
0.0,2.8,30.0,8.0
0.0,2.5,31.0,8.0
0.0,3.2,31.0,8.0
0.0,2.6,27.0,4.0
0.0,1.1,24.0,5.0
0.0,2.3,27.0,4.0
0.0,2.8,24.0,4.0
0.0,2.5,27.0,5.0
0.0,2.9,24.0,5.5
0.0,2.7,27.0,7.0
0.0,2.1,25.0,7.0
0.0,3.4,19.0,7.0
0.0,1.2,22.0,-2.0
0.0,1.7,36.0,-1.0
1.5,1.9,24.0,1.0
0.0,3.4,23.0,2.0
0.0,2.9,29.0,2.0
0.0,3.6,29.0,2.0
0.0,1.8,26.0,3.0
0.0,3.1,33.0,4.0
0.0,3.8,26.0,4.5
0.0,2.9,38.0,5.0
0.0,4.0,36.0,5.0
0.0,3.3,32.0,6.0
0.0,3.0,32.0,8.0
0.0,3.6,31.0,7.0
0.0,8.4,30.0,4.5
0.0,0.6,31.0,5.0
0.0,1.5,31.0,8.0
0.0,2.9,28.0,9.0
0.0,2.4,28.0,9.5
0.0,4.9,29.0,7.0
0.0,4.6,33.0,8.0
0.0,4.7,34.0,5.0
0.0,3.4,33.0,6.0
0.0,3.0,30.0,9.0
0.0,4.1,34.5,10.5
0.0,3.3,34.0,10.0
0.0,5.1,34.0,10.0
0.0,4.2,32.0,10.0
0.0,4.6,33.0,8.0
0.0,4.0,30.0,6.0
0.0,4.2,30.0,5.0
0.0,4.4,29.0,4.0
0.0,3.1,27.0,5.0
0.0,3.5,31.0,5.0
0.0,4.0,28.0,1.0
0.0,3.8,26.0,5.0
0.0,1.8,23.0,8.0
0.0,1.3,22.0,7.0
3.5,1.2,22.0,7.0
4.5,2.2,23.0,15.0
0.5,2.9,23.0,12.0
0.0,3.3,28.0,4.0
0.0,4.3,29.0,4.0
0.0,4.2,31.0,5.0
0.0,6.0,34.0,7.0
0.0,6.2,36.0,7.0
0.0,3.5,36.0,6.0
0.0,5.0,34.0,6.0
0.0,5.1,33.0,7.0
0.0,5.3,31.0,7.0
0.0,5.2,30.0,9.0
0.0,4.9,31.5,9.0
0.0,5.4,34.0,9.0
0.0,5.1,36.0,9.0
0.0,5.9,35.0,10.0
0.0,6.8,34.0,10.0
0.0,5.8,32.0,8.0
0.0,8.3,28.0,9.0
0.0,6.2,28.0,6.0
0.0,3.0,21.0,6.0
0.0,5.6,30.0,7.0
0.0,5.8,33.0,11.5
0.0,4.0,31.0,12.0
0.0,4.1,32.0,11.0
0.0,5.9,32.0,6.5
0.0,5.2,31.0,7.0
0.0,6.1,29.0,7.5
0.0,5.8,30.0,5.0
0.0,7.5,32.5,5.0
0.0,4.7,33.0,5.0
0.0,7.6,33.0,6.0
0.0,5.8,35.0,7.0
0.0,7.8,39.0,7.0
0.0,6.7,37.0,7.0
0.0,8.3,35.5,7.0
0.0,7.3,34.0,7.0
0.0,5.3,32.0,5.0
0.0,5.6,31.0,6.0
0.0,3.4,28.0,14.0
0.0,7.9,34.0,10.0
0.0,6.4,33.0,11.0
0.0,7.0,34.0,12.0
0.0,7.2,37.0,13.0
0.0,7.8,35.0,13.5
0.0,6.1,35.0,9.0
0.0,8.6,37.0,8.5
0.0,7.8,39.0,10.0
0.0,8.1,40.0,12.0
0.0,7.4,41.0,12.0
0.0,5.7,39.0,12.0
0.0,5.4,38.0,12.0
0.0,3.7,37.0,14.0
0.0,4.8,36.0,16.0
0.0,8.8,36.0,15.0
0.0,6.6,35.0,10.0
0.0,7.1,35.0,11.0
0.0,7.0,38.0,13.0
0.0,7.7,37.0,16.0
0.0,9.5,39.0,17.0
0.0,7.7,37.0,15.0
0.0,8.6,36.0,15.0
0.0,8.1,36.0,14.0
0.0,5.3,32.0,14.0
0.0,9.1,34.0,14.0
0.0,7.9,34.0,12.0
0.0,7.6,35.0,11.5
0.0,9.8,37.0,12.0
0.0,7.4,37.0,13.0
0.0,8.8,39.0,16.0
0.0,8.9,39.0,16.0
0.0,8.0,37.0,16.0
0.0,6.8,36.0,17.0
0.0,9.0,35.0,14.0
0.0,8.3,37.0,12.0
0.0,8.8,36.0,14.0
0.0,8.2,38.0,15.0
0.0,8.8,39.0,15.0
0.0,9.9,41.0,15.5
0.0,9.1,40.0,17.5
0.5,4.3,42.0,17.0
4.2,0.7,44.5,20.0
0.0,4.9,36.0,16.0
0.0,7.5,37.0,16.0
0.0,8.6,38.0,16.0
0.0,9.0,41.0,16.0
0.0,11.6,40.0,15.0
0.0,9.4,40.5,13.0
0.0,8.1,39.0,14.0
0.0,7.3,37.0,14.0
0.0,9.9,37.0,16.0
0.0,9.1,36.0,17.0
0.0,8.0,37.0,16.0
0.0,7.7,36.0,16.0
0.0,8.2,36.0,19.0
0.0,6.7,35.0,20.0
0.0,6.0,36.0,20.0
0.0,9.6,39.0,20.0
0.0,9.7,42.0,20.0
1.0,7.5,41.0,22.0
0.0,9.7,41.0,20.0
0.0,11.5,42.0,22.0
0.0,7.6,42.0,22.0
0.0,5.3,41.0,21.0
0.0,10.0,40.0,20.0
0.0,10.6,41.0,20.0
0.0,10.1,43.5,19.0
0.0,10.4,32.0,22.0
0.0,9.8,41.0,23.0
0.0,9.7,41.0,24.0
0.0,9.4,40.0,24.5
0.0,10.6,41.0,24.0
0.0,10.3,42.0,25.0
0.0,10.8,42.0,25.0
0.0,11.7,41.0,24.0
0.0,8.8,39.0,22.0
0.0,10.0,39.0,24.0
0.0,11.2,40.0,24.0
0.0,9.1,42.0,22.0
2.0,11.5,42.0,23.0
0.0,9.9,39.0,25.0
0.0,9.8,42.5,26.0
0.0,10.1,43.0,24.0
0.0,10.6,42.0,25.0
0.0,10.7,41.5,26.0
0.0,10.0,43.0,26.0
0.0,10.7,44.0,26.0
0.0,10.9,43.0,27.0
0.0,4.6,36.0,28.0
0.0,6.9,38.5,27.0
0.0,8.3,40.0,25.0
0.0,8.3,40.0,26.0
0.0,8.8,40.0,25.0
1.5,6.8,40.0,24.5
6.0,7.2,40.0,23.0
0.0,6.9,41.0,24.0
0.0,8.5,40.0,25.0
0.0,6.7,38.0,26.0
7.0,4.5,40.0,25.0
6.0,7.4,38.0,25.5
0.0,5.9,37.0,24.0
0.0,3.5,37.0,25.0
0.0,9.9,39.0,25.0
2.0,7.5,42.0,26.0
0.0,9.4,41.0,24.5
40.0,11.0,42.0,26.0
12.0,10.5,41.0,24.5
9.0,8.1,40.0,25.0
0.0,5.5,37.0,23.0
36.5,11.1,41.0,24.0
88.5,13.9,34.0,23.0
9.5,6.2,33.0,23.0
35.0,7.7,34.5,24.0
72.5,11.6,37.0,23.0
28.8,4.1,36.0,23.0
15.0,6.9,34.0,23.0
0.0,1.6,33.0,24.0
12.5,7.4,36.0,24.0
0.0,2.2,33.0,23.0
1.0,3.6,33.0,23.0
24.0,7.0,35.0,24.0
8.0,12.8,34.0,22.5
0.0,5.7,35.0,22.5
7.0,2.5,34.0,23.0
50.0,11.8,36.0,24.0
0.0,4.9,34.0,23.0
0.0,4.5,35.0,23.0
98.0,13.9,35.0,25.0
11.0,1.8,33.0,23.0
5.5,6.0,33.0,25.0
0.0,5.2,35.0,25.0
2.5,5.6,36.0,26.0
0.0,5.2,35.0,24.0
15.0,0.8,33.0,24.0
0.0,3.2,34.0,21.5
5.5,5.4,35.0,22.0
0.0,0.2,35.0,22.0
0.0,10.0,36.0,22.0
0.0,3.3,33.0,24.0
26.0,4.6,35.0,24.0
0.0,5.0,35.0,21.0
0.0,4.0,35.0,21.0
1.0,7.1,37.0,23.0
0.0,5.5,37.0,24.0
2.0,5.5,36.0,24.0
0.0,2.9,34.0,23.0
0.0,3.4,33.0,24.0
3.5,4.5,36.0,24.0
15.0,4.8,35.0,23.0
0.0,5.0,35.0,23.0
0.0,4.9,35.5,23.0
0.0,5.0,37.0,23.0
0.0,5.5,37.0,24.0
0.0,2.2,38.0,23.0
0.0,3.9,39.0,23.0
0.0,5.5,39.0,23.0
0.0,6.0,39.0,23.0
0.0,5.7,37.0,21.0
0.0,1.7,38.0,24.0
0.0,1.5,38.0,25.0
0.0,6.1,38.0,25.0
14.0,6.2,37.0,24.0
0.0,4.9,35.0,23.0
1.0,4.9,36.0,22.0
0.0,4.7,35.0,22.0
0.0,3.8,36.0,23.0
0.0,5.9,35.0,22.0
0.0,4.8,36.0,21.0
82.0,10.8,37.0,22.0
0.0,4.3,35.0,21.0
71.0,14.1,35.0,22.0
26.5,4.0,35.0,21.5
27.0,5.0,33.0,22.0
0.0,1.4,31.0,23.0
0.0,3.1,30.0,23.0
0.0,4.0,35.0,23.0
2.5,1.9,32.0,21.0
1.0,1.0,29.0,22.0
0.0,2.7,34.0,23.0
0.0,2.9,34.0,23.0
0.0,3.5,34.0,22.0
0.0,2.5,37.0,21.0
0.0,3.9,38.0,21.0
0.0,4.1,37.0,22.0
0.0,4.2,36.0,22.0
0.0,4.3,35.0,24.0
0.0,4.0,38.0,22.5
0.0,3.1,38.0,18.0
0.0,4.7,38.0,18.0
0.0,3.7,37.0,17.0
0.0,2.5,36.0,19.0
0.0,3.1,35.0,19.0
0.0,3.9,36.0,18.0
0.0,4.4,36.0,17.0
0.0,3.5,35.0,16.0
0.0,4.9,36.0,19.0
0.0,1.3,35.0,18.0
0.0,4.6,36.0,18.0
0.0,3.6,36.0,18.0
0.0,3.5,36.0,18.0
0.0,2.6,35.0,18.0
0.0,1.7,37.0,15.0
0.0,4.7,38.0,15.0
0.0,2.1,36.0,17.0
0.0,4.4,37.0,20.0
0.0,4.3,36.0,21.0
0.0,2.8,37.0,22.0
0.0,3.6,30.0,22.0
0.0,2.4,33.0,21.0
0.0,3.3,35.0,19.0
0.0,3.7,35.0,18.0
0.0,3.0,35.0,15.0
0.0,2.0,34.0,15.0
0.0,2.8,33.0,17.0
0.0,3.0,36.0,15.0
0.0,4.7,32.0,9.0
0.0,3.2,34.0,8.0
0.0,3.8,35.0,8.0
0.0,2.4,35.0,10.0
0.0,4.2,35.0,10.0
0.0,3.4,34.0,9.0
0.0,3.4,33.0,18.0
0.0,3.2,32.0,9.0
0.0,3.5,30.0,12.0
0.0,3.1,32.0,8.0
0.0,3.5,35.0,8.0
0.0,2.8,35.0,9.0
0.0,3.1,35.0,9.0
0.0,3.8,34.0,9.0
0.0,2.4,34.0,9.0
0.0,4.3,34.0,8.0
0.0,2.9,34.0,8.0
0.0,2.3,30.0,10.0
0.0,3.1,32.0,7.0
0.0,2.9,33.0,5.0
0.0,1.9,29.0,5.0
6.5,0.9,25.0,10.0
0.0,2.3,29.0,13.0
0.0,3.4,30.0,9.0
0.0,1.6,32.0,7.0
0.0,2.6,34.0,7.5
0.0,2.5,34.0,8.0
0.0,1.7,30.0,9.0
0.0,1.9,34.0,8.0
0.0,3.9,33.0,8.0
0.0,1.5,32.0,9.0
0.0,4.0,32.0,11.0
0.0,3.0,34.0,11.0
0.0,2.0,32.0,10.0
0.0,1.4,28.0,10.0
0.0,2.7,26.0,10.0
0.0,2.8,24.0,12.0
0.0,4.2,28.0,10.0
0.0,3.0,29.0,5.0
0.0,0.8,32.0,6.0
18.0,1.5,27.0,15.0
0.0,3.3,28.0,13.0
0.0,1.3,27.5,13.0
0.0,3.2,31.5,13.5
0.0,2.7,35.0,12.0
0.0,0.4,30.0,12.0
14.0,1.6,21.0,13.0
0.0,0.6,18.0,14.0
0.0,1.4,20.0,10.0
0.0,2.0,29.0,6.5
0.0,2.7,33.0,7.0
0.0,1.0,25.0,9.0
0.0,1.2,26.0,14.0
0.0,2.6,31.0,11.0
0.0,2.4,30.0,11.0
0.0,2.7,31.0,10.0
0.0,2.9,32.0,9.0
0.0,3.2,34.0,10.0
0.0,3.3,34.0,9.0
0.0,1.7,29.0,9.0
0.0,3.0,33.0,8.0
0.0,2.4,27.0,7.0
0.0,2.6,32.0,6.0
0.0,3.1,33.0,6.0
0.0,2.3,31.0,6.0
0.0,2.2,30.0,8.0
0.0,3.6,33.0,10.0
0.0,2.4,35.0,11.0
0.0,5.1,32.0,9.0
0.0,0.9,30.0,7.0
0.0,4.4,29.0,4.0
0.0,2.6,24.0,5.0
0.0,2.4,24.0,4.0
0.0,2.7,22.0,3.0
0.0,3.1,27.0,0.0
0.0,3.4,26.5,0.0
0.0,3.2,27.0,1.0
0.0,3.1,29.0,2.0
0.0,2.7,33.0,2.0
0.0,3.8,35.5,4.0
0.0,5.0,36.0,5.0
0.0,3.0,36.0,7.0
0.0,4.6,34.0,7.0
0.0,3.6,33.0,7.0
0.0,2.2,29.0,7.0
0.0,3.6,33.0,8.0
0.0,4.4,35.0,8.0
0.0,4.5,36.0,9.0
0.0,2.8,32.0,9.0
0.0,3.3,33.0,14.0
0.0,5.3,33.0,9.0
0.0,4.2,33.0,9.0
0.0,1.5,31.0,10.0
0.0,5.1,35.0,9.0
0.0,5.7,34.0,8.0
0.0,4.0,32.0,7.0
0.0,4.7,35.0,10.0
0.0,6.1,34.0,10.0
0.0,2.2,29.0,11.0
0.0,3.2,33.0,9.0
0.0,3.8,31.0,8.5
0.0,2.8,26.0,12.0
0.0,4.8,31.0,8.0
0.0,4.9,27.0,6.0
0.0,5.2,31.0,5.0
0.0,5.4,32.0,3.0
0.0,5.3,32.0,7.0
0.0,6.2,34.0,7.0
0.0,3.9,35.0,7.0
0.0,4.2,36.0,12.0
0.0,2.9,27.0,12.0
0.0,6.5,36.0,10.0
0.0,4.6,37.0,10.0
0.0,3.8,31.0,11.0
1.0,3.9,32.5,12.0
0.0,5.2,28.0,11.0
0.0,4.9,29.0,9.0
0.0,6.1,29.0,7.0
0.0,4.3,31.0,8.0
0.0,5.1,31.0,9.0
0.0,4.3,29.0,9.0
0.0,5.6,29.0,9.0
0.0,5.8,34.0,10.0
0.0,6.3,33.0,10.0
0.0,5.8,30.0,8.0
0.0,5.4,31.0,8.0
0.0,5.8,32.5,9.0
0.0,6.5,33.0,10.0
0.0,5.9,31.0,8.0
0.0,5.8,32.0,8.0
0.0,6.2,32.0,8.0
0.0,7.9,35.0,6.0
0.0,7.6,37.0,7.0
0.0,7.9,37.0,10.0
0.0,7.2,35.0,9.0
0.0,7.2,37.0,6.0
0.0,7.6,39.0,6.0
0.0,6.2,38.0,8.0
0.0,8.6,39.0,10.0
0.0,7.1,39.0,11.0
0.0,6.2,39.0,16.0
0.0,8.5,38.0,12.0
0.0,6.8,38.0,11.5
0.0,8.2,37.0,12.0
0.0,8.6,35.0,8.5
0.0,6.4,35.0,7.0
0.0,8.7,36.0,7.0
0.0,6.3,35.0,8.5
0.0,3.9,32.0,9.0
0.0,6.2,38.0,11.0
0.0,9.2,38.0,14.0
0.0,9.4,37.0,14.0
0.0,7.0,37.0,13.0
0.0,8.7,36.0,13.0
0.0,6.4,33.0,14.0
0.0,5.2,36.0,19.0
0.0,7.4,35.0,17.0
0.0,4.0,29.0,17.0
0.0,7.6,32.0,14.5
0.0,6.1,32.0,15.0
0.0,7.4,32.0,16.0
0.0,8.1,32.5,14.0
0.0,7.5,35.0,10.0
0.0,8.2,37.0,11.5
0.0,7.2,35.5,12.0
0.0,4.3,29.0,13.0
0.0,5.0,31.0,12.0
0.0,7.6,37.0,12.0
0.0,6.7,36.0,10.0
0.0,10.0,38.5,11.0
0.0,9.7,40.0,13.0
0.0,9.6,40.0,13.0
0.0,8.0,36.0,14.0
0.0,8.4,38.0,13.5
0.0,9.4,39.0,12.0
0.0,10.1,38.0,10.0
0.0,8.8,39.0,12.0
0.0,9.5,39.0,14.0
0.0,9.0,38.0,13.0
0.0,8.6,38.0,17.0
0.0,8.8,39.5,14.0
0.0,7.9,38.0,19.0
0.0,9.9,40.0,18.0
0.0,11.5,38.0,16.0
0.0,8.3,42.0,23.0
0.0,8.7,38.0,15.0
0.0,9.1,38.0,19.0
0.0,9.2,37.0,20.0
0.0,8.8,37.0,19.0
0.0,8.1,36.0,18.0
0.0,8.2,38.0,17.0
0.0,10.2,37.0,15.0
0.0,6.8,34.0,16.0
0.0,7.8,32.0,18.0
0.0,7.9,33.0,18.0
0.0,8.8,38.0,15.0
0.0,10.1,40.0,18.0
0.0,10.5,40.0,18.0
0.0,10.1,40.0,20.0
0.0,9.7,39.0,19.0
0.0,9.1,39.0,17.0
0.0,11.6,41.0,18.0
0.0,9.8,37.0,18.0
0.0,8.6,35.0,17.0
0.0,9.6,35.0,21.0
0.0,8.4,35.0,14.0
0.0,9.5,39.0,17.0
0.0,10.2,40.0,18.0
0.0,9.5,38.0,18.0
0.0,9.2,39.0,20.0
0.0,8.9,36.0,22.0
0.0,8.8,38.0,20.0
0.0,10.2,41.0,20.0
0.0,9.1,40.0,19.5
0.0,8.6,40.0,23.0
0.0,9.8,39.0,23.0
0.0,10.5,38.0,24.0
0.0,8.8,39.0,22.0
0.0,8.2,40.0,22.0
0.0,9.9,41.0,24.0
0.0,10.8,42.0,24.0
0.0,10.2,42.5,24.5
0.0,10.9,41.0,25.0
0.0,10.7,41.0,25.0
5.5,7.5,40.0,16.0
0.0,8.2,39.0,23.0
0.0,9.9,40.0,23.0
0.0,10.4,40.5,24.0
0.0,10.2,38.0,25.0
0.0,6.7,38.0,25.0
0.0,7.9,40.0,24.0
0.0,8.8,39.0,23.0
0.0,9.1,38.0,25.0
0.0,9.6,39.0,25.0
15.5,9.1,39.0,25.0
10.5,6.2,36.0,25.0
0.0,2.4,33.0,24.0
0.0,5.3,33.0,24.0
0.0,4.3,32.0,25.0
6.0,3.9,35.0,25.0
0.0,3.9,35.0,25.0
0.0,4.9,33.0,24.0
2.5,4.1,33.0,25.0
0.0,2.4,33.0,25.0
26.5,0.2,28.0,25.0
3.0,1.8,30.0,23.0
0.0,4.5,35.0,23.0
0.0,8.2,39.0,23.0
2.5,6.9,39.5,24.5
0.0,6.3,37.0,24.0
0.0,6.0,37.0,24.0
2.5,2.2,32.0,25.0
13.0,2.2,30.0,24.0
0.0,4.2,35.0,25.0
0.8,5.1,36.0,23.0
0.0,4.1,35.5,24.0
14.0,5.9,38.0,24.0
0.0,4.0,34.0,23.5
0.0,4.4,33.0,24.0
32.0,6.4,35.0,24.0
0.0,4.7,36.0,22.0
0.0,5.9,36.0,21.0
1.0,3.4,36.0,23.0
0.0,4.7,35.0,23.0
0.0,7.2,36.0,23.0
2.0,9.8,35.0,23.0
0.0,3.0,35.0,23.0
0.0,4.2,35.0,23.5
0.0,4.8,36.0,23.0
0.0,5.2,37.0,23.0
0.0,5.9,38.0,23.0
0.0,7.8,38.0,23.5
69.8,5.6,36.5,24.0
0.0,4.0,34.5,23.0
0.0,5.4,35.0,24.5
0.0,4.7,36.0,25.0
19.0,4.9,37.0,25.5
0.0,4.5,35.0,23.5
0.0,5.4,36.0,24.0
3.0,5.1,37.0,25.0
0.0,4.5,36.0,23.0
6.0,5.6,38.0,25.0
55.0,9.8,37.0,24.0
26.0,4.7,35.0,23.0
50.0,6.2,31.0,23.0
98.0,9.1,31.0,23.5
0.0,2.1,30.0,23.5
39.8,4.9,30.0,23.0
6.0,2.3,31.0,22.0
20.0,5.8,33.0,23.0
0.0,5.9,35.0,23.0
0.0,5.0,36.0,24.0
12.5,5.2,36.0,25.0
0.0,4.0,33.0,22.5
1.0,3.5,35.0,23.0
0.0,5.5,36.0,24.0
20.0,5.7,39.0,25.0
17.0,7.6,35.0,24.0
3.0,2.2,32.0,24.0
1.5,2.4,33.0,25.0
0.0,4.7,34.0,25.0
28.5,6.4,35.0,24.0
53.5,5.2,32.0,23.5
0.0,2.2,31.0,23.0
0.5,1.8,29.0,23.0
0.0,3.7,34.0,23.0
0.0,3.2,35.0,23.0
0.0,4.4,35.0,25.0
0.0,3.9,35.0,25.0
0.0,5.2,34.0,24.0
0.0,4.4,36.0,23.0
0.0,3.8,37.0,24.0
0.0,4.8,36.0,20.0
0.0,5.0,37.0,23.0
35.0,8.1,36.0,23.0
0.0,4.1,33.0,24.0
9.0,3.5,33.0,24.5
24.5,5.2,34.0,23.0
0.0,2.8,35.0,23.0
0.0,5.4,34.0,23.0
7.0,5.4,34.0,24.0
0.0,2.4,32.0,22.0
10.5,2.9,35.0,22.5
0.0,4.3,35.0,23.0
0.5,4.4,36.0,23.0
0.0,3.3,32.0,23.0
30.0,4.6,33.0,23.0
0.0,3.2,33.0,20.5
0.0,3.7,34.0,21.0
0.0,4.1,36.0,23.0
0.0,4.2,35.0,20.0
0.0,5.3,35.0,21.0
0.0,2.4,35.0,20.5
0.0,4.9,36.0,19.0
0.0,2.6,35.0,20.0
0.0,4.2,38.0,18.0
0.0,3.9,37.0,18.5
0.0,3.3,34.0,20.0
0.0,4.6,35.0,19.0
0.0,3.7,35.0,20.5
0.0,4.1,36.0,20.0
0.0,4.2,36.0,21.0
0.0,3.8,35.0,20.5
0.0,3.8,35.0,20.0
0.0,3.9,36.0,19.0
0.0,3.9,36.0,19.0
0.0,1.8,36.0,19.0
0.0,3.8,34.0,19.0
0.0,4.4,33.0,19.0
0.0,3.6,33.0,19.5
0.0,3.5,33.0,18.0
0.0,3.9,35.0,17.0
0.0,3.7,33.0,17.0
0.0,3.0,32.0,18.0
0.0,3.8,32.0,18.0
0.0,4.2,34.0,20.0
0.0,2.2,36.5,15.5
0.0,4.0,37.0,14.0
0.0,4.8,37.0,13.0
0.0,3.5,37.0,13.0
0.0,4.8,37.0,14.0
0.0,3.4,35.0,14.0
0.0,3.0,35.0,15.0
0.0,4.0,36.0,15.0
0.0,3.9,35.0,15.0
0.0,2.6,34.0,18.0
0.0,3.6,35.0,18.0
0.0,4.8,36.0,14.0
0.0,2.6,37.0,14.0
0.0,4.1,36.0,14.0
0.0,3.2,35.0,12.0
0.0,3.9,36.0,10.5
0.0,2.0,31.0,11.0
0.0,3.5,36.0,13.0
0.0,2.8,35.0,9.0
0.0,4.9,33.0,9.0
0.0,2.0,30.0,9.0
0.0,4.3,30.0,9.0
0.0,3.3,32.0,6.0
0.0,3.2,32.0,6.0
0.0,2.9,33.0,6.0
0.0,2.9,33.0,8.0
0.0,4.0,32.0,8.5
0.0,5.1,30.0,11.0
0.0,4.6,29.5,12.0
0.0,2.8,31.5,8.5
0.0,3.1,33.0,8.0
0.0,2.9,32.0,8.0
0.0,2.3,33.0,9.0
0.0,3.4,35.0,6.0
0.0,2.1,33.0,7.0
0.0,3.3,36.0,9.0
0.0,3.0,36.0,11.0
0.0,4.1,35.0,9.0
0.0,2.7,35.0,10.0
0.0,2.4,28.0,9.0
0.0,1.6,26.0,9.0
43.5,2.7,22.0,14.0
0.0,1.9,26.0,16.0
0.0,0.8,28.0,12.0
0.0,3.6,30.0,10.0
0.0,1.5,31.0,9.0
0.0,3.4,30.0,9.0
0.0,1.7,32.0,8.5
0.0,3.4,33.0,8.0
0.0,2.1,33.0,8.0
0.0,2.3,30.0,11.0
0.0,0.9,30.0,13.0
0.0,3.1,29.0,13.0
0.0,2.6,31.5,11.0
0.0,2.5,32.0,10.0
0.0,2.6,33.0,8.0
0.0,2.6,32.0,7.0
0.0,1.5,32.0,7.0
0.0,2.0,27.0,8.0
0.0,3.5,27.0,8.0
0.0,1.6,29.0,4.0
0.0,2.0,20.0,4.0
0.0,2.3,26.0,9.0
0.0,2.4,27.0,9.0
16.5,0.7,16.0,10.0
10.0,0.5,19.0,14.0
0.0,1.2,28.0,15.0
0.0,2.0,30.0,14.0
0.0,1.6,30.0,13.0
0.0,3.3,30.0,10.0
0.0,0.6,27.0,10.0
0.0,3.5,29.0,9.0
0.0,2.9,29.0,9.0
0.0,1.7,30.0,10.0
0.0,3.6,31.0,8.5
0.0,2.2,28.0,9.0
0.0,3.3,35.0,3.5
0.0,2.3,30.0,2.0
0.0,1.7,32.0,1.5
0.0,3.8,34.0,1.0
0.0,3.1,33.0,5.0
0.0,3.2,32.0,7.0
0.0,3.3,30.0,9.0
0.0,2.3,33.0,5.5
0.0,4.4,33.0,5.0
0.0,2.2,28.0,7.0
0.0,4.7,28.0,9.0
0.0,2.8,29.0,4.0
0.0,2.6,26.0,4.0
0.0,4.3,30.0,2.0
0.0,3.4,29.0,4.0
0.0,3.0,29.0,1.0
0.0,3.0,28.0,2.0
0.0,1.1,24.0,8.0
6.5,1.0,28.0,10.0
35.0,2.6,19.0,12.0
0.0,0.3,25.0,17.0
0.0,2.9,30.0,12.0
0.0,4.3,31.0,12.0
0.0,2.6,31.0,10.5
0.0,3.3,30.0,10.0
0.0,4.2,31.0,8.5
0.0,3.1,33.0,8.5
0.0,3.0,35.0,11.0
0.0,4.9,37.0,12.0
0.0,3.8,36.0,13.0
0.0,4.1,32.0,13.0
0.0,1.1,25.0,11.0
2.0,0.7,26.0,12.0
0.0,1.3,25.0,15.5
0.0,4.2,32.0,16.0
0.0,4.2,35.0,10.0
0.0,4.3,33.0,10.0
0.0,4.2,31.0,11.0
0.0,4.4,32.0,8.0
0.0,5.5,34.0,7.0
0.0,4.2,37.0,7.0
0.0,7.3,37.0,8.0
0.0,2.8,36.0,9.5
0.0,5.1,37.0,12.0
0.0,5.3,35.0,11.0
0.0,5.0,38.0,12.5
0.0,4.1,32.0,12.0
0.0,2.3,31.0,10.0
0.0,6.8,34.0,9.0
0.0,3.5,30.0,9.0
0.0,4.7,30.0,8.5
0.0,1.8,30.0,6.0
0.0,6.7,33.0,7.0
0.0,5.5,31.0,8.5
0.0,5.0,33.0,8.5
0.0,5.2,36.0,10.0
0.0,5.1,39.0,12.0
0.0,7.2,38.0,12.0
0.0,5.3,33.0,16.0
0.0,4.5,33.0,16.0
0.0,6.3,32.0,14.0
0.0,6.3,32.0,14.5
0.0,5.6,34.0,14.5
0.0,3.5,32.0,16.0
0.0,5.2,34.0,16.0
0.0,7.5,35.0,13.0
0.0,6.4,35.0,11.0
0.0,5.2,36.0,9.0
0.0,6.8,36.0,9.5
0.0,5.8,33.0,12.0
0.0,8.1,34.0,12.0
0.0,7.0,34.0,11.0
0.0,7.9,32.0,10.0
8.2,2.7,24.0,11.0
0.0,4.9,29.0,7.0
0.0,5.3,35.0,8.0
0.0,7.9,37.0,10.0
0.0,7.8,37.0,12.0
0.0,6.4,37.0,12.0
0.0,8.5,38.0,11.0
0.0,7.7,38.0,11.0
0.0,7.1,40.0,11.5
0.0,10.1,41.0,12.0
0.0,7.7,39.0,15.0
0.0,8.7,39.0,17.0
0.0,9.5,39.0,17.0
0.0,8.3,39.0,16.0
0.0,8.4,39.0,15.0
0.0,7.8,36.0,14.0
0.0,8.4,36.0,14.0
0.0,7.6,35.0,13.0
0.0,10.1,38.0,12.0
0.0,7.3,38.0,10.0
0.0,9.6,36.0,15.0
0.0,8.6,36.0,15.0
0.0,7.9,40.0,14.0
0.0,8.8,40.0,15.0
0.0,8.5,42.0,17.0
0.0,9.9,42.0,18.0
0.0,7.1,39.0,19.0
0.0,7.5,37.0,17.0
0.0,6.9,36.0,18.0
0.0,9.1,39.5,14.0
0.0,7.7,40.0,13.0
0.0,6.7,38.0,14.0
0.0,9.4,37.0,14.0
0.0,8.2,38.0,14.0
0.0,8.0,38.0,13.0
0.0,8.0,39.0,13.0
0.0,8.3,37.0,14.0
0.0,7.9,37.0,15.0
0.0,9.0,38.0,15.0
0.0,7.8,38.0,15.0
0.0,8.8,40.0,17.0
0.0,8.2,43.0,19.0
22.5,11.1,40.0,19.0
0.0,7.2,36.0,19.0
0.0,7.4,38.0,20.0
0.0,8.5,39.0,19.0
0.0,8.8,37.0,14.0
0.0,8.2,36.0,14.0
0.0,8.5,36.0,11.0
0.0,8.7,37.0,12.0
0.0,7.9,34.0,13.0
0.0,8.3,35.0,13.5
0.0,8.4,39.0,13.0
0.0,8.9,41.0,16.0
0.0,9.7,40.0,17.0
0.0,10.2,40.0,13.0
0.0,7.8,39.0,18.5
0.0,8.9,39.0,20.0
0.0,9.6,38.0,20.0
0.0,7.1,36.0,20.0
0.0,6.6,36.0,20.0
0.0,7.1,35.0,23.0
0.0,9.7,37.0,23.0
0.0,8.1,38.0,20.5
0.0,7.8,38.0,21.0
0.0,9.4,39.0,20.0
0.0,9.6,40.0,20.0
0.0,10.2,41.0,17.0
0.0,9.2,39.0,18.0
0.0,8.9,39.0,18.0
0.0,9.6,40.0,16.0
0.0,9.7,41.0,17.0
0.0,8.9,39.0,20.0
0.0,9.0,38.0,21.0
0.0,9.9,39.0,21.5
0.0,8.2,38.0,24.0
0.0,7.8,39.0,21.0
0.0,9.3,39.0,20.0
0.0,10.8,39.0,24.0
0.0,9.7,37.0,22.0
0.0,7.6,39.0,22.0
0.0,9.2,41.0,24.0
0.0,10.3,39.0,25.0
0.0,8.5,40.0,24.0
0.0,9.2,40.0,24.0
0.0,9.2,41.0,25.0
0.0,8.6,40.0,26.0
0.0,8.2,40.0,25.0
1.0,4.3,37.0,26.0
2.0,4.0,34.0,23.0
0.0,3.6,34.0,24.0
0.0,4.4,35.0,24.0
0.0,7.5,35.0,24.0
0.0,8.6,35.0,25.0
0.0,8.4,41.0,25.0
0.0,10.5,37.0,26.0
0.0,5.8,35.0,26.5
0.0,6.8,38.0,25.0
0.0,5.2,36.0,27.0
24.0,2.8,38.0,27.0
8.0,7.7,37.0,23.0
0.0,5.7,33.0,24.0
8.5,3.6,37.0,24.0
0.0,4.1,34.0,24.0
15.0,5.0,36.0,23.0
0.0,6.8,37.0,22.5
8.5,5.0,35.0,23.0
0.0,5.2,37.0,25.0
70.5,12.9,38.0,25.5
0.0,4.5,35.0,21.0
1.5,4.9,35.0,23.0
0.0,4.5,37.0,20.5
0.0,7.7,40.0,21.0
10.0,2.8,39.0,23.0
0.0,5.1,35.0,24.0
0.0,5.8,36.0,24.0
1.0,4.7,36.0,25.0
0.0,4.8,37.0,25.0
0.0,3.8,36.0,25.0
0.0,4.7,38.0,24.0
36.0,1.7,35.0,24.0
0.0,3.3,32.0,23.0
19.5,6.6,34.0,24.0
0.0,2.8,35.0,22.0
0.0,5.6,37.0,24.0
0.0,6.7,35.0,23.0
34.0,5.7,36.0,24.0
29.0,6.7,34.0,22.0
0.0,4.7,34.0,23.0
13.5,5.8,34.0,23.0
0.0,4.1,33.0,22.0
22.0,2.3,32.0,23.0
1.0,2.9,33.0,24.0
16.0,4.8,33.0,24.0
17.5,5.5,33.0,21.0
11.0,4.9,33.0,23.0
0.0,3.5,34.0,24.0
20.5,4.9,33.0,24.0
0.0,4.5,35.0,21.0
1.5,3.3,32.0,24.0
9.4,5.1,34.0,24.0
0.0,4.3,34.0,22.0
1.5,4.2,35.0,23.0
0.5,2.2,33.0,24.0
1.5,2.9,34.0,24.0
1.5,3.0,31.0,23.5
36.5,4.4,31.0,24.0
24.5,6.4,33.0,21.0
20.0,3.3,30.5,22.5
7.5,3.2,33.0,23.0
4.0,4.4,33.0,23.0
21.0,4.1,32.0,24.0
3.0,2.8,31.0,23.0
0.0,5.9,34.0,24.0
0.5,3.2,34.0,24.0
0.0,2.6,33.0,24.0
0.0,1.8,32.0,25.0
39.0,5.8,35.0,25.0
4.0,2.8,30.5,23.0
0.0,3.2,33.0,23.0
13.0,5.3,35.0,24.0
0.0,4.8,34.0,22.0
0.0,4.3,35.0,23.0
3.5,2.8,35.0,25.0
0.0,4.7,33.0,23.0
27.0,5.4,34.0,24.0
0.0,3.7,34.0,23.0
6.0,2.4,31.0,24.0
39.0,8.1,33.0,26.0
15.8,4.1,31.0,24.0
0.0,4.1,34.0,22.5
0.0,2.0,32.0,23.0
0.0,4.6,35.0,22.5
0.0,4.2,36.0,22.0
7.0,4.0,36.0,23.5
3.5,3.8,35.0,22.0
0.0,4.0,35.0,22.0
0.0,5.4,37.0,23.0
0.0,4.4,38.0,23.0
6.5,3.8,36.0,24.0
0.0,5.3,35.0,25.0
0.0,4.9,35.0,22.0
0.0,4.4,36.0,19.0
0.0,3.3,37.0,17.0
0.0,5.6,38.0,13.0
0.0,3.4,38.0,12.0
0.0,4.2,36.0,12.0
0.0,5.4,37.0,13.0
0.0,4.1,36.0,14.0
0.0,2.4,34.0,20.0
0.0,5.5,36.0,21.0
7.5,1.8,32.0,23.0
0.0,3.9,33.0,23.0
0.0,4.2,35.0,21.0
0.0,4.4,36.0,21.0
0.0,4.6,37.0,21.0
0.0,4.8,38.0,21.0
0.0,4.9,38.0,22.0
0.0,3.5,37.0,21.0
0.0,4.9,39.0,20.0
0.0,5.7,39.0,19.0
0.0,4.4,37.0,18.0
0.0,4.8,37.0,20.0
0.0,4.0,37.0,14.0
0.0,4.6,35.0,15.0
0.0,3.9,37.0,14.0
0.0,4.5,37.0,15.0
0.0,2.8,35.0,18.0
0.0,4.3,37.0,20.0
0.0,2.6,34.0,20.5
0.0,3.6,38.0,20.0
0.0,5.3,37.0,19.0
0.5,3.3,37.0,20.0
0.0,3.8,35.0,19.0
0.0,4.9,35.0,18.0
0.0,4.2,35.0,17.0
0.0,2.8,34.5,14.0
0.0,3.7,35.0,13.0
0.0,4.0,34.0,15.0
0.0,3.7,34.5,13.0
0.0,3.4,36.0,12.0
0.0,1.9,30.0,13.0
0.0,2.9,31.0,14.0
7.5,2.9,29.0,19.0
0.0,3.4,33.0,15.0
0.0,2.3,33.0,12.0
0.0,4.3,34.0,12.0
0.0,3.3,34.0,13.0
0.0,3.6,34.0,13.0
0.0,3.2,31.0,13.0
0.0,1.4,33.0,12.5
0.0,3.0,33.0,13.0
0.0,3.9,35.0,12.0
0.0,1.4,33.0,13.0
0.0,2.8,34.0,13.0
0.0,1.1,25.0,13.0
13.5,2.2,28.0,9.0
66.0,5.0,19.0,10.0
0.0,1.0,30.0,16.0
0.0,3.0,32.0,16.0
0.0,2.6,31.0,14.0
0.0,1.7,31.0,14.0
0.0,3.1,28.0,13.0
0.0,2.7,30.0,13.5
0.0,3.3,31.0,10.0
0.0,1.2,31.0,10.0
0.0,0.8,26.0,12.0
0.0,0.8,23.0,14.0
0.0,3.8,30.0,13.0
0.0,2.6,30.0,12.0
4.0,2.2,31.0,11.0
1.5,1.7,30.0,12.0
0.0,2.6,29.0,14.0
0.0,1.2,26.5,12.0
0.0,2.7,29.0,9.5
0.0,1.5,28.0,9.0
0.0,3.7,31.0,8.0
0.0,3.6,32.0,5.0
0.0,1.4,33.0,5.0
0.0,2.1,30.0,6.0
0.0,2.8,28.0,5.0
0.0,2.5,29.0,4.0
0.0,2.4,30.0,4.0
0.0,1.6,29.0,2.5
0.0,1.4,30.0,3.0
15.0,0.9,19.0,3.0
2.0,1.6,21.0,5.0
0.0,1.8,27.0,12.0
0.0,1.5,29.0,10.0
0.0,3.3,28.0,10.0
0.0,2.6,28.0,9.0
0.0,1.2,30.0,7.0
0.0,2.1,33.0,7.0
0.0,2.8,33.0,9.0
0.0,0.9,27.0,8.0
1.0,2.0,27.0,10.0
0.0,2.9,30.0,9.0
0.0,0.2,25.0,11.0
4.5,0.7,21.0,13.0
0.0,3.4,24.0,12.0
0.0,2.7,25.0,8.0
0.0,1.8,27.0,8.0
0.0,1.8,28.0,7.0
0.0,2.9,26.0,10.0
0.0,0.5,15.5,11.0
0.0,2.0,21.5,3.0
0.0,2.4,26.0,0.0
0.0,1.9,30.0,1.0
0.0,4.0,32.0,1.0
0.0,2.9,35.0,2.0
0.0,2.0,29.0,5.0
0.0,2.5,33.5,8.0
0.0,4.2,32.0,8.0
0.0,2.0,33.0,6.5
0.0,4.2,32.0,7.0
0.0,2.6,30.0,7.0
0.0,2.2,28.0,10.0
0.0,2.7,23.0,9.0
0.0,1.5,23.0,6.0
0.0,2.5,27.0,7.0
0.0,3.0,33.0,7.0
0.0,2.4,33.0,9.0
0.0,3.0,33.0,8.0
0.0,5.7,30.0,11.0
0.0,4.4,36.0,12.0
0.0,6.1,37.0,8.0
0.0,2.3,33.0,12.0
0.0,4.1,34.0,13.5
0.0,3.0,31.0,11.0
0.0,3.3,31.0,11.0
0.0,1.5,21.0,11.5
0.0,3.8,28.0,10.0
0.0,3.4,27.0,4.0
0.0,3.5,31.0,3.0
0.0,4.4,33.0,3.0
0.0,3.3,29.0,6.0
0.0,3.9,31.0,6.0
4.5,0.9,21.0,11.0
0.0,2.7,30.0,11.0
0.0,3.9,29.0,14.0
0.0,2.2,29.0,7.0
0.0,4.4,35.0,4.0
0.0,4.1,30.0,6.0
0.0,2.7,31.0,8.5
28.5,1.7,28.0,11.0
0.0,2.5,21.0,14.0
0.0,2.8,26.0,7.0
0.0,4.4,26.0,8.0
0.0,2.3,28.0,8.0
0.0,3.9,30.0,8.0
0.0,4.2,29.0,8.0
0.0,3.8,29.0,5.0
0.0,4.2,30.0,6.0
0.0,5.4,34.0,6.5
0.0,5.1,35.0,7.0
0.0,3.7,33.0,8.0
0.0,4.0,33.0,10.0
0.0,4.0,33.0,10.0
0.0,3.9,30.0,14.0
0.0,5.1,33.5,11.0
0.0,5.1,34.0,8.0
0.0,3.6,34.0,9.0
0.0,6.4,34.0,10.0
0.0,7.9,34.0,10.0
0.0,5.2,33.0,10.0
0.0,3.7,34.0,11.0
0.0,6.8,36.0,10.5
0.0,3.7,36.0,11.0
0.0,2.5,34.0,11.0
0.0,6.4,33.0,10.0
0.0,4.9,35.0,8.5
0.0,2.5,28.0,9.0
0.0,6.6,31.0,8.0
0.0,5.7,31.0,5.0
0.0,5.9,32.0,4.5
0.0,5.7,36.0,5.0
0.0,6.6,34.0,7.0
0.0,6.7,36.0,8.0
0.0,9.0,39.0,8.0
0.0,6.3,36.0,12.0
0.0,8.5,38.0,11.0
0.0,7.1,38.0,10.0
0.0,6.4,36.0,9.0
0.0,8.7,38.0,9.0
0.0,5.4,37.0,9.0
0.0,6.9,36.0,12.0
0.0,3.6,35.0,12.0
0.0,4.1,30.0,12.0
0.0,7.1,32.0,11.0
0.0,5.8,33.0,9.0
0.0,2.9,25.0,10.0
0.0,6.2,34.0,12.0
0.0,6.9,37.0,14.0
0.0,7.4,37.0,13.0
0.0,7.4,36.0,13.0
0.0,7.4,36.0,12.0
0.0,5.6,35.0,12.0
0.0,5.6,36.5,14.0
0.0,8.5,37.0,12.0
0.0,9.5,40.0,13.0
0.0,9.1,40.0,12.0
0.0,6.3,37.0,14.0
0.0,8.6,39.0,12.0
0.0,8.4,40.0,12.0
0.0,10.4,40.0,13.0
0.0,9.3,39.0,14.0
0.0,9.2,40.0,13.5
0.0,9.0,40.0,13.0
0.0,8.1,39.0,15.0
0.0,9.4,40.0,15.0
0.0,10.4,40.0,9.0
0.0,9.1,39.0,11.0
0.0,8.5,37.0,12.0
0.0,8.5,37.5,13.0
0.0,8.1,34.0,12.0
0.0,7.7,35.5,11.0
0.0,8.8,37.0,13.0
0.0,8.3,39.0,15.0
0.0,9.7,39.0,15.0
0.0,9.1,38.0,14.0
0.0,6.3,36.0,14.0
0.0,8.1,33.0,12.0
0.0,8.3,35.0,12.0
0.0,8.2,36.0,13.0
0.0,8.9,36.0,14.5
0.0,9.8,35.0,15.0
0.0,7.2,36.0,15.0
0.0,8.5,37.0,15.0
0.0,8.0,38.0,16.0
0.0,8.5,40.0,15.0
0.0,7.4,38.0,15.0
0.0,10.2,40.0,21.0
0.0,9.3,40.0,20.0
0.0,7.9,40.0,21.0
0.0,8.8,39.0,22.0
0.0,10.5,40.0,22.0
0.0,8.4,41.0,21.0
0.0,9.6,41.0,18.0
0.0,10.1,40.5,15.0
0.0,10.9,41.0,15.0
0.0,11.8,42.0,19.0
0.0,10.2,40.0,18.0
0.0,9.5,43.0,20.0
0.0,9.1,39.0,23.0
0.0,9.1,38.0,19.0
0.0,8.3,41.0,19.0
0.0,9.1,42.0,19.0
0.0,11.0,40.0,18.0
0.0,8.7,38.0,17.0
0.0,9.8,39.0,16.0
0.0,10.4,40.0,18.0
0.0,10.3,42.0,18.0
0.0,8.5,40.0,18.0
0.0,10.0,41.0,20.0
0.0,10.1,39.0,20.5
0.0,9.3,39.0,24.0
0.0,9.3,40.0,27.0
0.0,7.3,39.0,25.0
0.0,8.4,39.0,22.0
0.0,7.0,40.0,25.0
0.0,9.1,39.0,24.5
17.0,6.9,38.0,25.0
29.5,4.2,34.0,24.0
29.0,5.2,30.0,25.0
1.0,6.1,37.0,23.0
0.0,4.8,38.0,24.0
0.0,9.2,39.0,24.0
0.0,8.0,40.0,25.5
0.0,8.7,40.0,25.0
0.0,10.2,40.0,24.0
0.0,7.7,38.0,25.0
7.5,5.2,36.0,26.0
0.0,5.2,36.0,23.0
0.0,6.8,38.0,24.0
0.0,7.0,38.5,27.0
0.0,7.2,42.0,27.0
0.0,10.0,40.0,26.0
0.5,9.0,41.0,26.0
16.5,3.5,36.0,26.0
0.0,5.1,36.0,25.0
18.3,6.2,38.0,25.0
0.0,3.1,31.5,23.0
32.5,7.7,34.5,23.0
1.5,4.5,36.0,22.0
57.0,9.3,36.0,23.0
15.0,3.7,32.0,23.0
2.5,4.5,34.0,23.0
59.0,7.6,33.0,23.0
0.0,5.2,34.0,23.0
48.0,4.7,34.0,24.0
0.0,2.3,34.0,22.0
13.5,6.7,35.0,23.0
10.5,3.2,32.0,23.0
8.0,5.8,35.0,23.0
17.5,4.6,33.0,23.0
4.0,2.3,30.0,23.0
79.2,7.9,32.0,22.0
60.0,6.2,30.0,22.0
11.5,4.3,32.0,23.0
16.5,8.9,34.0,23.0
2.5,5.3,35.0,21.5
0.5,5.0,34.5,21.0
4.7,2.2,31.0,23.0
0.0,4.0,34.0,23.0
23.0,6.5,34.0,23.0
0.0,5.1,34.0,22.0
29.0,6.3,34.0,23.0
2.0,7.2,33.0,23.0
3.0,4.8,35.0,24.0
0.0,4.9,34.0,23.0
0.0,6.2,35.0,23.0
0.0,5.7,35.0,23.0
0.0,6.1,34.0,23.0
0.0,5.3,34.0,24.0
0.0,5.4,35.0,24.0
34.0,4.5,33.0,24.0
1.0,1.4,33.0,23.0
0.0,5.2,36.0,23.5
0.0,6.9,36.0,23.0
0.0,4.1,38.0,22.5
18.5,2.7,31.0,23.0
0.0,4.4,33.0,23.0
0.0,3.1,32.5,23.0
0.0,6.3,35.0,24.0
0.0,6.9,35.0,23.0
0.0,4.4,35.0,22.0
0.0,4.7,35.0,22.0
0.0,5.8,36.0,23.5
0.0,6.46158917383614,37.0,23.5
17.0,7.713999999999995,36.5,24.0
0.0,5.694139861948023,36.0,22.0
0.0,5.953031992849211,37.0,23.0
0.0,5.953031992849211,37.0,23.0
4.0,5.989893341679298,38.0,23.0
0.0,4.679631529581531,32.0,22.5
23.0,7.6514999999999995,36.0,23.0
21.0,6.04625,35.0,23.0
0.0,4.875732354397967,35.0,23.0
29.0,5.4682095238095245,34.0,24.0
5.0,5.151299999999999,33.0,21.0
16.5,6.515542857142851,36.0,21.0
0.0,3.846233484842383,33.0,23.0
3.8,3.9785119047619,34.0,22.0
0.0,4.291658208050968,34.0,23.0
2.0,3.6990440476190476,34.0,23.0
23.5,5.316499999999996,34.0,22.0
0.0,4.611146783493878,34.0,22.0
0.0,5.098277522789198,35.0,22.0
0.0,6.302844196073828,36.0,23.5
2.0,4.748533333333336,36.0,24.0
11.0,4.516999999999995,35.0,22.5
22.5,6.22025,35.0,22.5
10.5,4.022666666666663,33.0,21.0
13.5,4.858433333333329,33.0,22.0
1.0,3.345663997113996,33.0,23.5
0.0,3.106631992787915,31.0,20.0
0.0,3.780466197527961,33.0,20.0
0.0,4.853148189291241,34.0,21.0
0.0,4.853148189291241,34.0,21.0
0.0,4.755155011435458,35.0,21.0
0.0,5.098277522789198,35.0,22.0
10.5,3.158999999999998,30.0,23.5
0.0,5.2083164086106395,36.0,23.0
15.0,3.234,30.0,23.0
0.0,3.846233484842383,33.0,23.0
0.0,6.389630025530028,34.5,22.0
9.0,6.408500000000001,35.0,23.0
0.0,4.611146783493878,34.0,22.0
0.0,5.694139861948023,36.0,22.0
1.0,6.410733682983691,37.0,23.0
0.0,5.844850058219545,36.0,24.0
0.0,4.416783322943347,34.0,24.0
0.0,5.0088366584839505,35.0,24.0
63.0,7.6949999999999985,32.0,24.0
0.0,2.2040999999999986,27.0,22.0
0.0,4.630859581164936,32.0,21.0
0.0,2.270047619047622,30.0,20.0
0.0,3.9929282099359598,33.0,21.0
0.0,4.291658208050968,34.0,23.0
6.5,5.954999999999997,34.0,22.5
0.0,4.611146783493878,34.0,22.0
0.0,4.611146783493878,34.0,22.0
0.0,4.875732354397967,35.0,23.0
0.0,4.291658208050968,34.0,23.0
0.0,4.23399938842547,34.0,17.0
0.0,5.081072623811221,34.0,16.0
0.0,4.23399938842547,34.0,17.0
0.0,4.23399938842547,34.0,17.0
0.0,3.130968996689586,32.0,17.0
0.0,4.119345221121135,34.0,20.0
0.0,4.15634009869439,35.0,18.0
0.0,4.15634009869439,35.0,18.0
0.0,4.3663661664845,34.0,18.0
0.0,4.119345221121135,34.0,20.0
0.0,4.991196975942874,35.0,19.0
0.0,4.119345221121135,34.0,20.0
0.0,4.991196975942874,35.0,19.0
0.0,7.4273382556871335,37.0,18.0
0.0,4.15634009869439,35.0,18.0
0.0,5.7380670773139695,36.0,18.0
0.0,7.6574636469657715,37.0,16.0
0.0,5.393500256048549,36.0,16.0
0.0,5.081072623811221,34.0,16.0
0.0,6.213022010503032,36.0,20.0
0.0,4.119345221121135,34.0,20.0
73.0,8.098000000000004,34.0,20.0
0.0,4.229866666666663,31.0,19.0
0.0,4.458969047619046,30.0,17.0
0.0,4.677037556971417,33.0,16.0
0.0,3.6567809523809536,30.0,15.0
0.0,3.6567809523809536,30.0,15.0
0.0,3.3371857142857158,28.0,16.0
0.0,4.27589186469114,32.0,11.0
0.0,4.846008488288955,33.0,11.0
0.0,4.933216811298396,34.0,11.0
0.0,3.2503070321692786,31.0,11.0
0.0,5.087545479520479,35.0,11.5
0.0,5.055095361344786,34.0,12.0
0.0,4.925792604617605,34.0,12.5
0.0,6.145437994250119,36.0,11.0
0.0,6.152967971802493,37.0,11.0
0.0,7.304537949574011,37.0,12.0
0.0,6.238801082200549,36.0,15.0
1.0,6.886415673485967,33.0,15.0
1.5,3.8521537133212704,33.0,18.0
0.0,3.379000000000005,27.0,19.0
0.0,3.736709141512085,33.0,18.5
0.0,4.402394309087884,32.0,18.0
2.0,3.4390032098749184,32.0,18.0
0.0,3.5765613997113985,29.0,18.0
0.0,4.748215079365077,29.0,17.0
0.0,3.8151315480142483,31.0,14.0
0.0,5.055095361344786,34.0,12.0
0.0,4.933216811298396,34.0,11.0
0.0,5.436975325499805,35.0,14.0
0.0,5.298161344781885,34.0,13.0
0.0,3.2503070321692786,31.0,11.0
0.0,4.846008488288955,33.0,11.0
0.0,4.018558786354195,32.0,10.0
0.0,3.052502654536608,31.0,10.0
0.0,4.871263793931407,33.0,10.0
0.0,3.5078471907993958,33.0,5.0
0.0,3.5078471907993958,33.0,5.0
0.0,3.118338699042645,30.0,10.0
0.0,4.846008488288955,33.0,11.0
0.0,4.871263793931407,33.0,10.0
0.0,2.9912577416048016,29.0,11.0
0.0,4.363463569102043,33.0,15.0
0.0,2.8255429473304474,31.0,13.0
9.5,2.9939999999999993,27.0,13.0
10.0,0.9606,21.0,15.0
0.0,2.5425759712317513,28.0,9.0
0.0,1.3112380952380958,21.0,9.0
0.0,1.188601082251083,24.0,11.0
0.0,1.7353293956043965,25.0,11.0
0.0,1.4745000000000013,20.0,10.0
0.0,3.299629437229437,26.0,6.0
0.0,1.7603833333333343,23.0,8.0
0.0,2.6073215367965368,26.0,12.0
0.0,1.8166972222222222,25.0,13.0
3.0,1.5030000000000001,25.0,14.0
170.0,5.3830000000000044,20.0,14.0
45.0,3.0650000000000013,20.0,18.0
0.0,3.379000000000005,27.0,19.0
0.0,3.4804301226551204,29.0,13.0
0.0,3.1224674722250585,32.0,12.0
0.0,3.1224674722250585,32.0,12.0
0.0,4.231305303030303,33.5,13.0
0.0,3.19850476698604,31.0,12.0
0.6,2.170666666666668,25.0,14.0
0.0,3.575943312466911,30.0,11.0
0.0,3.118338699042645,30.0,10.0
0.0,3.1055287091887247,30.0,9.0
0.0,3.1055287091887247,30.0,9.0
0.0,2.278514699530738,26.0,8.0
0.0,2.825032142857142,26.5,7.0
0.0,3.775915530915238,32.0,7.0
0.0,3.377277469091899,31.0,6.0
0.0,3.327484581094781,30.0,7.0
0.0,3.110474435937549,28.0,6.0
0.0,3.110474435937549,28.0,6.0
0.0,2.8129827187690193,28.0,7.0
0.0,1.817662698412699,25.0,3.5
0.0,2.6541710317460314,25.0,7.0
1.0,2.160499999999998,28.0,3.5
0.0,4.121466666666668,21.0,4.0
0.0,2.467429726121831,27.0,9.0
0.0,3.4766245999123466,29.0,9.0
0.0,3.4766245999123466,29.0,9.0
0.0,3.2801113840306555,29.0,8.0
0.0,3.2003658863299838,30.0,8.0
0.0,2.5275281581378715,27.0,8.0
0.0,2.5425759712317513,28.0,9.0
0.0,2.0202500000000017,22.0,12.0
0.0,2.529395114768347,28.0,10.0
1.0,2.411153484739805,28.0,6.0
0.0,3.040629466577289,30.0,6.0
0.0,3.377277469091899,31.0,6.0
0.0,3.1055287091887247,30.0,9.0
0.0,3.052502654536608,31.0,10.0
0.0,3.052502654536608,31.0,10.0
0.0,4.039758847310535,32.0,8.0
0.0,5.292681011010129,34.0,7.0
0.0,5.2840141413520225,35.0,7.0
0.0,3.052502654536608,31.0,10.0
1.5,1.5297499999999988,26.0,13.0
0.0,3.5765613997113985,29.0,18.0
0.0,4.677037556971417,33.0,16.0
0.0,5.086035918625203,33.0,14.0
0.0,5.086035918625203,33.0,14.0
0.0,4.058384451659452,31.0,15.0
0.0,5.055095361344786,34.0,12.0
0.0,3.0526890220890213,27.0,13.0
0.0,2.433583649541892,28.0,11.0
0.0,2.801713359007357,27.0,6.0
0.0,2.853105412601824,29.0,6.0
0.0,3.837033333333332,32.0,4.0
0.0,3.9319333333333315,35.0,4.0
0.0,3.5078471907993958,33.0,5.0
0.0,3.775915530915238,32.0,7.0
0.0,4.1647732738034575,33.0,8.0
0.0,3.959429033365041,33.0,13.0
0.0,4.871263793931407,33.0,10.0
5.5,2.0531072976559055,30.0,9.0
0.0,3.343089545177045,30.0,14.0
0.0,2.5425759712317513,28.0,9.0
0.0,4.1647732738034575,33.0,8.0
0.0,6.1758265873015805,38.0,7.0
0.0,3.8370434569561285,33.0,7.0
0.0,4.160419930601922,35.0,8.0
0.0,5.482939304402774,34.0,10.0
0.0,5.435956655280291,35.0,9.0
0.0,5.435956655280291,35.0,9.0
0.0,4.060248048205252,33.0,9.0
0.0,4.846008488288955,33.0,11.0
0.0,3.19850476698604,31.0,12.0
0.0,3.3116796492980707,32.0,13.0
0.0,2.7987842216349175,29.0,12.0
0.0,1.5699329365079366,27.0,14.0
0.0,4.105349725437962,31.0,8.5
0.0,5.292681011010129,34.0,7.0
0.0,4.846008488288955,33.0,11.0
0.0,3.036765692640693,30.0,12.5
0.0,2.5425759712317513,28.0,9.0
0.0,3.579493289352214,31.0,9.0
0.0,4.05159278452484,32.0,9.0
0.0,5.482939304402774,34.0,10.0
0.0,6.145232564002319,36.0,9.0
0.0,5.321904447693234,35.0,10.0
0.0,3.2801113840306555,29.0,8.0
0.0,3.8887187982577625,31.0,5.0
0.0,3.5728595485611736,29.0,5.0
0.0,1.694816666666666,22.0,5.0
0.0,3.2801113840306555,29.0,8.0
0.0,3.0851060049171455,28.0,8.0
0.0,5.300649818563791,36.0,8.0
0.0,7.923768001443006,39.0,10.0
0.0,7.4077041114986795,38.0,10.0
0.0,6.111302689728535,36.0,10.0
0.0,4.933216811298396,34.0,11.0
0.0,4.933216811298396,34.0,11.0
0.0,7.994197496539409,37.0,11.5
0.0,7.304537949574011,37.0,12.0
0.0,6.152967971802493,37.0,11.0
0.0,7.7998361043396445,38.0,11.0
0.0,6.946015291816089,37.0,10.0
0.0,6.111302689728535,36.0,10.0
0.0,5.590435463891115,35.0,9.5
0.0,5.421590404792146,36.0,7.0
0.0,7.7998361043396445,38.0,11.0
0.0,7.453452981787733,36.0,17.0
0.0,7.453452981787733,36.0,17.0
0.0,9.186104632363753,39.0,16.0
0.0,8.274000877629584,38.0,12.0
0.0,8.676143020868022,40.0,14.0
0.0,9.847787284937285,40.5,14.0
0.0,8.988098337309403,39.0,12.5
0.0,8.89903808252833,39.0,13.0
0.0,9.01460218392719,40.0,12.0
0.0,8.274000877629584,38.0,12.0
0.0,5.435956655280291,35.0,9.0
0.0,6.145437994250119,36.0,11.0
0.0,4.670146039375533,35.0,13.0
0.0,5.055095361344786,34.0,12.0
0.0,7.304537949574011,37.0,12.0
0.0,7.304537949574011,37.0,12.0
0.0,8.54689694472195,39.0,11.5
0.0,8.124461060262771,38.0,13.0
0.0,8.89903808252833,39.0,13.0
0.0,9.392533333333333,41.5,11.5
0.0,5.418306441239183,35.0,15.0
0.0,7.304537949574011,37.0,12.0
0.0,8.274000877629584,38.0,12.0
0.0,7.909863045704437,38.0,15.0
0.0,8.89903808252833,39.0,13.0
0.0,9.251313980463982,40.0,16.0
0.0,9.979600747601323,40.0,18.0
0.0,8.641771345182427,39.0,15.0
0.0,8.774291508165035,39.0,14.0
0.0,8.89903808252833,39.0,13.0
0.0,8.89903808252833,39.0,13.0
0.0,9.01460218392719,40.0,12.0
0.0,8.352323100244485,38.0,18.0
0.0,5.7380670773139695,36.0,18.0
0.0,3.106631992787915,31.0,20.0
0.0,4.755155011435458,35.0,21.0
0.0,4.119345221121135,34.0,20.0
0.0,4.384296103896104,35.0,20.5
0.0,8.352323100244485,38.0,18.0
0.0,8.352323100244485,38.0,18.0
0.0,7.182214548171125,37.0,19.0
0.0,8.620519811270752,38.0,19.0
0.0,5.7380670773139695,36.0,18.0
0.0,9.19301206349206,38.0,18.5
0.0,7.182214548171125,37.0,19.0
0.0,4.15634009869439,35.0,18.0
0.0,5.13271526765551,36.0,19.0
0.0,7.909863045704437,38.0,15.0
0.0,9.626043284493282,41.0,16.0
0.0,9.172776301400699,40.0,17.0
0.0,10.483039646464652,41.0,18.0
0.0,9.588833333333337,43.0,20.0
0.0,9.776566666666673,43.0,21.0
0.0,9.388586281496362,39.0,22.0
0.0,8.648882389602463,39.0,24.0
0.0,6.498882209663804,37.0,21.0
0.0,9.998751998001996,40.0,20.0
0.0,9.998751998001996,40.0,20.0
0.0,9.795374306249306,41.0,20.0
0.0,9.795374306249306,41.0,20.0
0.0,9.854400000000014,42.0,21.0
0.0,9.463141297866219,40.0,23.0
0.0,11.127213095238096,42.0,24.0
0.0,11.127213095238096,42.0,24.0
0.0,9.926128948828936,41.5,25.0
0.0,9.867659007659011,41.0,23.0
0.0,9.378580952380956,41.0,22.5
0.0,9.463141297866219,40.0,23.0
0.0,9.451370168135949,41.0,24.5
0.0,9.797480457042962,41.0,25.0
0.0,9.697846121933617,40.0,26.0
0.0,5.326582142857141,37.0,27.0
0.0,9.697846121933617,40.0,26.0
0.0,3.901439285714286,35.0,26.0
1.0,5.139083333333335,35.0,26.0
40.0,9.474000000000013,37.5,26.0
4.0,3.5270833333333296,33.0,24.0
12.0,3.082999999999999,30.0,25.0
16.5,5.041000000000007,33.0,24.0
42.0,5.826999999999994,32.0,22.0
0.0,3.779913761190116,33.0,24.0
0.0,4.291658208050968,34.0,23.0
0.0,6.299592803321601,38.0,23.0
0.0,3.263546825396826,31.0,25.0
0.0,2.305630952380953,29.0,24.0
37.5,5.982,33.0,23.0
11.5,2.764,28.0,23.0
30.0,5.195000000000001,33.0,21.5
0.0,4.875732354397967,35.0,23.0
0.0,5.0088366584839505,35.0,24.0
0.0,4.875732354397967,35.0,23.0
10.5,2.4109999999999987,35.0,22.0
51.5,7.226000000000003,35.0,21.0
0.0,5.098277522789198,35.0,22.0
0.0,5.0088366584839505,35.0,24.0
0.0,5.844850058219545,36.0,24.0
11.5,5.077999999999997,35.0,24.0
0.0,2.717653879453879,30.0,23.0
4.0,5.041366666666665,35.0,23.0
0.0,4.416783322943347,34.0,24.0
46.5,6.040000000000008,32.0,22.0
0.0,4.291658208050968,34.0,23.0
0.0,3.5937543238048106,32.0,23.0
35.0,7.456000000000004,34.0,22.0
4.0,5.571499999999993,36.0,24.0
0.0,5.844850058219545,36.0,24.0
0.0,3.779913761190116,33.0,24.0
0.0,7.053357913867189,38.0,24.0
0.0,4.062555356489915,34.5,24.0
0.0,4.291658208050968,34.0,23.0
0.0,5.953031992849211,37.0,23.0
0.0,6.825145113200474,37.0,24.0
5.0,5.103099999999995,36.0,24.0
15.0,4.1160000000000005,35.0,22.0
2.5,5.016849999999995,36.0,23.0
0.0,4.291658208050968,34.0,23.0
0.0,5.098277522789198,35.0,22.0
0.0,5.2083164086106395,36.0,23.0
0.0,5.844850058219545,36.0,24.0
3.5,3.8273666666666655,36.0,23.0
0.0,6.698510645974202,37.0,22.0
87.5,10.52799999999999,37.0,22.5
0.0,5.953031992849211,37.0,23.0
1.0,4.469166666666665,34.0,23.0
2.0,3.0781963362617772,32.0,21.0
0.0,4.611146783493878,34.0,22.0
0.0,4.291658208050968,34.0,23.0
12.5,4.477683333333334,33.0,23.0
0.0,4.875732354397967,35.0,23.0
10.5,5.810000000000002,37.0,23.0
21.5,5.093000000000003,34.0,23.0
0.0,4.291658208050968,34.0,23.0
0.0,3.846233484842383,33.0,23.0
2.0,3.6990440476190476,34.0,23.0
0.0,5.844850058219545,36.0,24.0
1.0,3.2830904761904764,35.0,24.5
0.0,5.0088366584839505,35.0,24.0
0.0,4.875732354397967,35.0,23.0
1.0,4.469166666666665,34.0,23.0
0.0,3.779913761190116,33.0,24.0
0.0,4.985240111917665,35.0,22.5
3.5,6.4741,37.0,23.0
17.5,5.135142857142862,33.0,23.5
0.0,4.875732354397967,35.0,23.0
1.0,3.371699999999999,34.0,24.0
116.0,8.223000000000008,31.0,26.0
2.5,3.9491666666666667,31.0,23.0
0.0,4.291658208050968,34.0,23.0
55.5,8.049000000000008,35.0,23.0
3.5,2.0724333333333336,29.0,21.0
3.2,2.6803333333333366,32.0,22.0
0.0,4.630859581164936,32.0,21.0
16.5,6.320000000000001,34.0,21.5
1.0,1.5149999999999995,27.0,20.0
0.0,3.0241022525676935,31.0,21.0
0.0,3.81701079835384,33.0,22.0
17.0,4.846966666666668,33.0,22.0
23.0,3.573000000000001,24.0,22.0
0.0,4.630859581164936,32.0,21.0
0.0,3.780466197527961,33.0,20.0
0.0,6.616128484930962,37.0,20.0
0.0,3.098533333333333,28.0,23.0
0.0,5.940668797993372,35.0,23.5
0.0,5.2083164086106395,36.0,23.0
0.0,5.098277522789198,35.0,22.0
0.0,4.611146783493878,34.0,22.0
0.0,4.7661408359786055,35.0,20.0
0.0,6.213022010503032,36.0,20.0
0.0,6.213022010503032,36.0,20.0
0.0,4.291658208050968,34.0,23.0
0.0,4.3663661664845,34.0,18.0
0.0,4.3663661664845,34.0,18.0
0.0,5.739058753649565,34.0,19.0
0.0,3.9929282099359598,33.0,21.0
0.0,4.176466666666669,29.0,21.0
0.0,5.098277522789198,35.0,22.0
0.0,9.388586281496362,39.0,22.0
0.0,8.74196533980725,39.0,19.0
3.0,5.161821300311313,35.0,19.0
0.0,4.119345221121135,34.0,20.0
46.5,8.732152777777769,36.0,20.0
0.0,4.119345221121135,34.0,20.0
0.0,4.853148189291241,34.0,21.0
0.0,4.7661408359786055,35.0,20.0
0.0,4.384296103896104,35.0,20.5
0.0,4.755155011435458,35.0,21.0
0.0,4.755155011435458,35.0,21.0
0.0,4.038518029242,34.0,21.5
13.5,5.4970000000000026,37.0,22.0
0.0,4.3663661664845,34.0,18.0
0.0,4.677037556971417,33.0,16.0
0.0,5.055095361344786,34.0,12.0
0.0,5.055095361344786,34.0,12.0
0.0,4.314197363715256,33.0,12.0
7.5,3.0836666666666694,29.0,15.0
0.0,3.499169047619049,30.0,19.0
0.0,4.229866666666663,31.0,19.0
0.0,3.257029884004885,31.0,17.0
0.0,3.257029884004885,31.0,17.0
0.0,5.086035918625203,33.0,14.0
0.0,3.1224674722250585,32.0,12.0
0.0,5.298161344781885,34.0,13.0
0.0,4.9615926561901365,34.0,14.0
0.0,5.086035918625203,33.0,14.0
0.0,5.298161344781885,34.0,13.0
0.0,5.298161344781885,34.0,13.0
0.0,5.298161344781885,34.0,13.0
0.0,4.9615926561901365,34.0,14.0
20.5,1.201999999999999,22.0,15.0
1.5,2.3278000000000016,25.0,18.0
13.5,2.0750000000000024,29.0,19.0
40.5,2.9420000000000006,20.0,19.0
0.0,2.9021428571428562,26.0,17.0
0.0,3.3371857142857158,28.0,16.0
0.0,4.185902380952381,29.0,15.0
0.0,4.185902380952381,29.0,15.0
0.0,3.0546987286577,30.0,12.0
0.0,2.8255429473304474,31.0,13.0
0.0,3.19850476698604,31.0,12.0
0.0,3.775915530915238,32.0,7.0
0.0,3.5775136337896316,32.0,6.0
0.0,3.5775136337896316,32.0,6.0
0.0,3.8370434569561285,33.0,7.0
0.0,3.775915530915238,32.0,7.0
0.0,4.060248048205252,33.0,9.0
0.0,4.597258694083693,33.5,8.0
0.0,3.2003658863299838,30.0,8.0
0.0,2.467429726121831,27.0,9.0
0.0,2.9912577416048016,29.0,11.0
0.0,2.272523192004076,24.0,10.0
0.0,3.299629437229437,26.0,6.0
0.0,3.5728595485611736,29.0,5.0
0.0,3.8887187982577625,31.0,5.0
0.0,3.5728595485611736,29.0,5.0
0.5,2.112205158730161,24.0,12.0
2.8,1.5030000000000001,25.0,14.0
0.0,1.5574333333333326,27.0,16.0
0.0,3.575943312466911,30.0,11.0
10.5,1.6860000000000002,29.0,11.0
25.5,2.185099999999998,21.0,14.0
0.0,1.470866666666667,23.0,19.0
0.0,2.014592857142857,26.0,15.0
1.0,3.994316666666668,30.0,15.0
2.7,1.3510000000000009,22.5,15.0
0.0,2.9021428571428562,26.0,17.0
3.2,3.5632,29.0,15.0
25.5,2.302999999999999,28.0,15.0
10.0,1.1469999999999991,20.0,17.0
13.5,0.9179999999999994,20.0,14.0
0.0,1.7785190476190476,23.0,12.0
0.0,2.273421042455137,27.0,10.0
0.0,2.1813234598734605,26.0,10.0
0.0,2.433583649541892,28.0,11.0
0.0,1.7353293956043965,25.0,11.0
0.0,2.278514699530738,26.0,8.0
0.0,3.0851060049171455,28.0,8.0
0.0,2.5425759712317513,28.0,9.0
0.0,2.5275281581378715,27.0,8.0
0.0,2.529395114768347,28.0,10.0
0.0,3.1055287091887247,30.0,9.0
0.0,2.8313985708735703,27.0,11.0
0.0,2.6073215367965368,26.0,12.0
1.2,1.475916666666666,27.0,11.0
38.5,2.720999999999999,18.0,13.0
0.0,3.0526890220890213,27.0,13.0
9.0,1.9439999999999997,25.0,14.0
0.0,2.354333333333334,25.0,14.0
11.0,2.4599999999999995,25.0,12.0
34.0,2.5709999999999993,20.0,12.0
26.0,2.687999999999997,19.0,15.0
7.0,1.2490000000000006,20.0,12.0
0.0,1.188601082251083,24.0,11.0
0.0,1.7353293956043965,25.0,11.0
0.0,2.340216666666669,24.0,9.0
0.0,0.8334333333333329,21.0,12.0
29.0,2.618999999999998,18.0,12.0
7.5,1.6560000000000008,20.0,13.0
0.0,3.5149166666666707,24.0,14.0
0.0,1.5699329365079366,27.0,14.0
0.0,4.110465476190476,29.0,14.0
0.0,2.7196533964401617,27.0,12.0
0.0,2.8129827187690193,28.0,7.0
2.0,2.583305352055352,28.0,9.0
3.5,1.5218333333333336,22.0,13.0
18.5,1.886333333333334,23.0,15.5
1.0,0.5374999999999999,22.0,16.0
0.0,2.1813234598734605,26.0,10.0
0.0,2.272523192004076,24.0,10.0
0.0,3.0468611111111117,28.0,13.0
0.0,3.4010430118256334,29.0,10.0
17.0,2.295999999999997,28.0,9.0
37.0,2.0050000000000003,24.0,11.5
27.5,2.1010000000000004,23.0,10.0
0.0,1.4103999999999988,20.0,11.0
0.0,3.768016666666668,24.0,7.0
0.0,2.8129827187690193,28.0,7.0
0.0,3.0851060049171455,28.0,8.0
0.0,2.467429726121831,27.0,9.0
0.0,2.980488832001332,26.0,9.0
0.0,2.8313985708735703,27.0,11.0
0.0,2.433583649541892,28.0,11.0
0.0,2.9912577416048016,29.0,11.0
0.0,2.273421042455137,27.0,10.0
0.0,2.529395114768347,28.0,10.0
0.0,2.9278919413919406,24.0,12.0
1.0,1.556483050283053,29.0,10.0
0.0,2.273421042455137,27.0,10.0
0.0,2.433583649541892,28.0,11.0
0.0,3.052502654536608,31.0,10.0
0.0,3.52657730025603,31.0,8.0
0.0,3.8766515512265505,32.5,8.0
0.0,4.846008488288955,33.0,11.0
0.0,3.7683640436192167,34.0,9.5
0.0,3.579493289352214,31.0,9.0
0.0,2.467429726121831,27.0,9.0
0.0,3.327484581094781,30.0,7.0
0.0,3.040629466577289,30.0,6.0
0.0,3.2801113840306555,29.0,8.0
0.0,3.7983215758140068,31.0,7.0
0.0,3.327484581094781,30.0,7.0
0.0,3.0851060049171455,28.0,8.0
0.0,3.19850476698604,31.0,12.0
0.0,2.7568088189588194,30.0,13.0
0.0,3.4766245999123466,29.0,9.0
0.0,4.1647732738034575,33.0,8.0
0.0,3.8370434569561285,33.0,7.0
0.0,3.768016666666668,24.0,7.0
0.0,2.869614444297533,28.0,12.0
0.0,3.6099705459043383,29.0,7.0
0.0,2.5275281581378715,27.0,8.0
0.0,2.315290990953492,25.0,9.0
0.0,3.1055287091887247,30.0,9.0
0.0,4.1647732738034575,33.0,8.0
0.0,4.160419930601922,35.0,8.0
0.0,5.482939304402774,34.0,10.0
6.0,2.8441289955662468,32.0,11.0
0.0,2.1813234598734605,26.0,10.0
0.0,2.8255429473304474,31.0,13.0
0.0,3.2503070321692786,31.0,11.0
0.0,3.2503070321692786,31.0,11.0
0.0,2.4965000000000015,25.0,16.0
0.0,2.534484523809527,30.0,14.5
0.0,4.933216811298396,34.0,11.0
0.0,5.321904447693234,35.0,10.0
0.0,4.846008488288955,33.0,11.0
0.0,2.8313985708735703,27.0,11.0
0.0,4.458969047619046,30.0,17.0
0.0,4.058384451659452,31.0,15.0
0.0,4.846008488288955,33.0,11.0
0.0,4.846008488288955,33.0,11.0
0.0,4.018558786354195,32.0,10.0
0.0,4.05159278452484,32.0,9.0
0.0,3.1055287091887247,30.0,9.0
0.0,3.118338699042645,30.0,10.0
0.0,2.2412423323752266,28.0,11.5
0.0,2.9912577416048016,29.0,11.0
0.0,4.933216811298396,34.0,11.0
0.0,5.482939304402774,34.0,10.0
0.0,7.3833159746303,37.0,13.0
0.0,7.1910007936507965,36.0,11.5
0.0,6.145437994250119,36.0,11.0
0.0,6.946015291816089,37.0,10.0
0.0,6.152967971802493,37.0,11.0
0.0,8.897825732600733,37.0,10.5
0.0,6.145437994250119,36.0,11.0
0.0,7.367937944801364,36.0,14.0
0.0,5.086035918625203,33.0,14.0
0.0,4.677037556971417,33.0,16.0
0.0,4.3739142135642135,32.0,15.0
0.0,3.257029884004885,31.0,17.0
0.0,4.844727948961775,34.0,15.0
0.0,4.670146039375533,35.0,13.0
0.0,5.495071725763821,35.0,11.0
0.0,6.179343186329533,36.0,12.0
0.0,8.274000877629584,38.0,12.0
0.0,8.774291508165035,39.0,14.0
0.0,8.620519811270752,38.0,19.0
0.0,8.74196533980725,39.0,19.0
0.0,9.320194721582649,39.0,20.0
0.0,9.320194721582649,39.0,20.0
0.0,11.899050026581602,40.0,18.5
0.0,8.620519811270752,38.0,19.0
0.0,10.322135790516672,40.0,19.0
0.0,7.7864374831290375,40.0,21.0
0.0,10.090321367521362,40.5,21.0
0.0,9.463141297866219,40.0,23.0
0.0,9.867659007659011,41.0,23.0
0.0,8.899999999999984,39.0,27.0
0.0,8.899999999999984,39.0,27.0
0.0,9.19455886570445,39.0,25.0
0.0,7.053357913867189,38.0,24.0
0.0,8.899999999999984,39.0,27.0
0.0,9.611143676986924,40.0,24.0
0.0,9.867659007659011,41.0,23.0
0.0,9.510358333333334,41.0,22.0
0.0,9.433783333333341,42.0,20.0
0.0,9.510358333333334,41.0,22.0
0.0,9.867659007659011,41.0,23.0
0.0,9.611143676986924,40.0,24.0
0.0,8.29400073566416,39.0,23.0
0.0,8.648882389602463,39.0,24.0
0.0,8.661135714285715,39.5,24.0
0.0,9.899153571428567,43.0,22.0
0.0,9.92478928571428,42.0,26.0
0.0,10.502033333333339,43.0,29.0
1.0,8.541499999999996,42.0,28.0
0.0,7.502148972548777,37.0,26.0
0.0,10.346878571428574,41.0,26.0
0.0,9.697846121933617,40.0,26.0
0.0,8.77715714285714,40.0,27.5
0.0,8.763749999999995,40.0,27.0
0.0,9.611143676986924,40.0,24.0
2.0,7.573811688311688,40.0,26.0
0.0,7.275657328480174,38.0,25.0
2.5,9.116333333333323,41.0,25.0
29.5,8.341035714285717,38.5,24.0
1.5,5.238140476190477,33.0,23.0
10.5,6.643999999999997,35.0,23.0
0.0,5.694139861948023,36.0,22.0
23.0,6.975306349206347,38.0,22.0
0.0,6.698510645974202,37.0,22.0
34.0,8.039000000000005,39.0,23.0
0.0,4.384296103896104,35.0,20.5
28.0,4.778999999999999,35.0,21.0
0.5,3.951334952503522,35.0,23.0
0.0,5.940668797993372,35.0,23.5
0.5,3.832540043290042,33.0,26.0
17.0,3.185499999999999,31.0,26.0
66.0,7.604000000000002,34.0,23.0
2.5,3.4149023809523817,33.0,22.0
0.0,3.4527580446514263,32.0,24.0
0.0,4.611146783493878,34.0,22.0
87.0,11.926999999999996,35.0,25.0
10.5,5.810000000000002,37.0,23.0
0.0,3.81701079835384,33.0,22.0
0.0,4.291658208050968,34.0,23.0
4.0,4.209533333333331,36.0,23.0
75.5,9.32400000000001,35.0,23.0
16.0,4.855966666666666,33.0,22.0
0.0,3.846233484842383,33.0,23.0
44.0,5.518500000000004,32.0,23.0
0.0,3.5937543238048106,32.0,23.0
0.0,3.4292931966468334,33.0,23.5
0.0,4.875732354397967,35.0,23.0
3.0,3.5153500000000006,33.0,23.5
0.0,4.664728499560146,34.0,23.5
4.5,5.835350000000001,35.0,23.5
6.0,3.701999999999998,34.0,22.0
0.0,4.853148189291241,34.0,21.0
19.0,6.65141071428571,35.5,21.5
4.5,5.714922510822512,37.0,22.0
1.0,4.669587373737366,35.0,22.0
0.0,3.81701079835384,33.0,22.0
27.0,7.620999999999993,35.0,23.5
8.0,4.632616666666666,33.0,22.0
0.0,3.787951249066613,33.0,22.5
0.0,5.2083164086106395,36.0,23.0
39.0,6.68,34.0,22.0
0.0,4.875732354397967,35.0,23.0
4.5,3.9410333333333365,35.0,25.0
0.0,3.779913761190116,33.0,24.0
13.0,2.2369999999999983,30.0,24.0
0.0,3.846233484842383,33.0,23.0
0.0,4.291658208050968,34.0,23.0
0.0,4.416783322943347,34.0,24.0
1.5,5.301386904761902,34.0,23.0
2.0,3.944430158730158,34.0,24.0
0.0,4.291658208050968,34.0,23.0
6.0,4.925066666666667,35.0,23.0
0.0,4.291658208050968,34.0,23.0
0.5,2.4290583333333378,30.0,23.0
0.0,4.548779413594626,34.0,22.5
0.0,4.875732354397967,35.0,23.0
0.0,5.2083164086106395,36.0,23.0
0.0,5.098277522789198,35.0,22.0
0.0,6.488152777777775,37.0,24.5
6.0,6.636420779220779,37.0,26.0
5.0,3.153000000000004,33.0,26.0
0.0,4.875732354397967,35.0,23.0
0.0,5.694139861948023,36.0,22.0
54.0,8.816000000000003,37.0,25.0
1.5,3.7476833333333355,34.0,22.0
5.0,3.289000000000003,34.0,22.0
3.5,2.942666666666666,31.0,21.5
44.0,6.212999999999993,35.0,22.0
0.0,4.0986722222222225,32.0,20.0
0.0,4.853148189291241,34.0,21.0
1.0,3.371699999999999,34.0,24.0
0.0,4.291658208050968,34.0,23.0
24.0,6.199000000000002,35.0,23.0
16.5,5.3004666666666695,33.0,23.0
0.0,3.81701079835384,33.0,22.0
0.0,3.81701079835384,33.0,22.0
0.0,4.291658208050968,34.0,23.0
5.5,3.2950000000000017,34.0,23.0
0.0,6.616128484930962,37.0,20.0
0.0,4.755155011435458,35.0,21.0
0.0,4.611146783493878,34.0,22.0
0.0,4.875732354397967,35.0,23.0
0.0,7.053357913867189,38.0,24.0
0.0,8.620519811270752,38.0,19.0
0.0,10.468012314991743,38.5,18.0
0.0,6.981015059945424,37.0,15.0
0.0,6.7754789248220595,37.0,14.0
0.0,7.367937944801364,36.0,14.0
0.0,6.238801082200549,36.0,15.0
0.0,8.60013315170811,38.0,16.0
0.0,5.393500256048549,36.0,16.0
0.0,4.229866666666663,31.0,19.0
0.0,4.801481446331447,35.0,21.5
0.0,5.7811185555283915,36.0,21.0
0.0,4.755155011435458,35.0,21.0
0.0,5.7811185555283915,36.0,21.0
0.0,6.498882209663804,37.0,21.0
0.0,5.7811185555283915,36.0,21.0
0.0,5.7811185555283915,36.0,21.0
2.0,4.623404761904762,35.0,21.5
0.0,4.15634009869439,35.0,18.0
0.0,7.4273382556871335,37.0,18.0
0.0,5.7380670773139695,36.0,18.0
0.0,8.60013315170811,38.0,16.0
0.0,7.096639189469801,37.0,17.0
23.0,6.801501243137378,36.0,19.0
0.0,4.260788102869634,33.0,18.0
0.0,5.13271526765551,36.0,19.0
0.0,8.620519811270752,38.0,19.0
0.0,8.620519811270752,38.0,19.0
0.0,8.74196533980725,39.0,19.0
0.0,8.620519811270752,38.0,19.0
0.0,4.119345221121135,34.0,20.0
0.0,4.7661408359786055,35.0,20.0
7.0,2.0450000000000004,30.0,20.0
0.0,4.3663661664845,34.0,18.0
3.0,3.694575900200588,34.0,17.0
0.0,3.2601568230702895,34.0,17.5
0.0,5.436975325499805,35.0,14.0
0.0,6.175487738233556,34.0,14.5
0.0,4.058384451659452,31.0,15.0
0.0,3.0546987286577,30.0,12.0
0.0,3.2503070321692786,31.0,11.0
0.0,4.871263793931407,33.0,10.0
0.0,5.482939304402774,34.0,10.0
0.0,5.482939304402774,34.0,10.0
0.0,4.670146039375533,35.0,13.0
0.0,4.670146039375533,35.0,13.0
0.0,6.145437994250119,36.0,11.0
0.0,4.846008488288955,33.0,11.0
0.0,7.994197496539409,37.0,11.5
0.0,7.1910007936507965,36.0,11.5
0.0,4.933216811298396,34.0,11.0
32.0,5.613551724137932,34.0,11.0
0.0,8.451242882057743,39.0,12.0
0.0,3.0546987286577,30.0,12.0
0.0,2.5425759712317513,28.0,9.0
0.0,3.4766245999123466,29.0,9.0
0.0,3.4010430118256334,29.0,10.0
0.0,2.529395114768347,28.0,10.0
0.0,3.4766245999123466,29.0,9.0
0.0,3.327484581094781,30.0,7.0
0.0,3.377277469091899,31.0,6.0
0.0,3.8887187982577625,31.0,5.0
0.0,3.9442007243349284,32.0,5.0
0.0,3.8887187982577625,31.0,5.0
0.0,5.292681011010129,34.0,7.0
0.0,4.060248048205252,33.0,9.0
0.0,4.1647732738034575,33.0,8.0
0.0,2.5275281581378715,27.0,8.0
3.0,2.743713833992097,27.0,7.0
0.0,1.5574333333333326,27.0,16.0
0.0,3.0468611111111117,28.0,13.0
3.0,1.9230000000000007,28.0,16.0
0.0,1.5574333333333326,27.0,16.0
0.0,3.579493289352214,31.0,9.0
0.0,3.6099705459043383,29.0,7.0
5.5,5.381399761517294,36.0,7.0
7.5,1.827436363636364,29.0,11.0
0.0,1.9533333333333334,21.0,14.0
0.0,1.6779047619047613,20.0,9.0
0.0,3.012400793650794,25.0,1.5
0.0,2.5319840548340546,28.0,2.0
0.0,3.4406789321789306,30.0,4.0
2.5,2.3860878787878796,28.0,10.0
0.0,3.0526890220890213,27.0,13.0
0.0,2.6246285714285706,26.0,12.5
0.0,4.081333333333331,30.5,15.0
0.0,4.3739142135642135,32.0,15.0
0.0,4.314197363715256,33.0,12.0
0.0,6.430100188700184,35.0,13.5
0.0,3.640005293317792,32.0,9.5
0.0,4.060248048205252,33.0,9.0
0.0,4.9615926561901365,34.0,14.0
0.0,3.945287839937841,28.0,14.0
0.0,3.8151315480142483,31.0,14.0
0.0,6.430100188700184,35.0,13.5
0.0,4.314197363715256,33.0,12.0
0.0,1.8133047619047615,23.0,13.0
0.0,2.8255429473304474,31.0,13.0
0.0,2.7568088189588194,30.0,13.0
0.0,4.110465476190476,29.0,14.0
9.0,3.0134166666666657,30.0,13.5
9.5,1.0979999999999996,19.0,18.0
0.0,1.5574333333333326,27.0,16.0
0.0,2.3675880952380948,26.0,14.0
0.0,1.6380190476190482,27.0,15.0
0.0,2.9912577416048016,29.0,11.0
0.0,3.4010430118256334,29.0,10.0
0.0,3.1055287091887247,30.0,9.0
0.0,3.579493289352214,31.0,9.0
0.0,3.052502654536608,31.0,10.0
0.0,3.579493289352214,31.0,9.0
0.0,4.05159278452484,32.0,9.0
0.0,4.846008488288955,33.0,11.0
0.0,2.7568088189588194,30.0,13.0
0.0,7.304537949574011,37.0,12.0
0.0,4.05159278452484,32.0,9.0
0.0,3.7856369047619056,34.0,5.5
0.0,4.426987121212122,35.0,5.0
0.0,4.426987121212122,35.0,5.0
0.0,4.623040031446693,35.0,6.0
0.0,3.6583676295926284,33.5,6.0
0.0,3.575943312466911,30.0,11.0
2.5,1.0540000000000003,20.0,11.0
0.0,1.9317835081585102,28.0,13.5
0.0,3.52657730025603,31.0,8.0
0.0,5.292681011010129,34.0,7.0
0.0,3.775915530915238,32.0,7.0
0.0,5.495071725763821,35.0,11.0
0.0,4.1647732738034575,33.0,8.0
0.0,3.327484581094781,30.0,7.0
0.0,3.8370434569561285,33.0,7.0
0.0,5.292681011010129,34.0,7.0
0.0,3.775915530915238,32.0,7.0
0.0,3.4766245999123466,29.0,9.0
3.0,1.5757173887677955,29.0,7.0
0.0,2.5829111111111116,24.0,8.5
0.0,2.6073215367965368,26.0,12.0
0.0,3.040629466577289,30.0,6.0
0.0,4.427607540494422,34.0,5.0
0.0,3.5775136337896316,32.0,6.0
4.0,2.5379999999999994,25.0,6.5
0.0,2.529395114768347,28.0,10.0
0.0,4.05159278452484,32.0,9.0
0.0,5.775516541628307,35.0,8.5
0.0,4.933216811298396,34.0,11.0
0.0,6.111302689728535,36.0,10.0
0.0,4.871263793931407,33.0,10.0
0.0,4.846008488288955,33.0,11.0
0.0,5.482939304402774,34.0,10.0
0.0,4.05159278452484,32.0,9.0
0.0,3.4766245999123466,29.0,9.0
0.0,3.8151315480142483,31.0,14.0
0.0,3.579493289352214,31.0,9.0
0.0,1.7672222222222211,27.0,8.5
0.0,1.5198139499389478,26.0,10.5
0.0,2.5633952380952376,25.0,10.0
0.0,2.6918719486395957,28.0,5.0
0.0,3.8887187982577625,31.0,5.0
0.0,3.9442007243349284,32.0,5.0
0.0,3.655281716231824,33.0,6.0
0.0,3.6099705459043383,29.0,7.0
0.0,5.300649818563791,36.0,8.0
0.0,5.2840141413520225,35.0,7.0
0.0,6.145232564002319,36.0,9.0
0.0,6.145232564002319,36.0,9.0
0.0,5.321904447693234,35.0,10.0
0.0,4.559009668243971,34.0,8.0
0.0,5.300649818563791,36.0,8.0
0.0,4.039758847310535,32.0,8.0
0.0,4.933216811298396,34.0,11.0
0.0,6.946015291816089,37.0,10.0
0.0,7.923768001443006,39.0,10.0
0.0,5.495071725763821,35.0,11.0
0.0,5.495071725763821,35.0,11.0
0.0,6.152967971802493,37.0,11.0
0.0,2.8255429473304474,31.0,13.0
0.0,3.959429033365041,33.0,13.0
0.0,3.959429033365041,33.0,13.0
0.0,3.3116796492980707,32.0,13.0
0.0,5.055095361344786,34.0,12.0
0.0,3.1224674722250585,32.0,12.0
0.0,4.871263793931407,33.0,10.0
0.0,4.060248048205252,33.0,9.0
0.0,4.1647732738034575,33.0,8.0
0.0,4.559009668243971,34.0,8.0
0.0,6.579971188452072,37.0,9.0
0.0,5.435956655280291,35.0,9.0
0.0,4.933216811298396,34.0,11.0
0.0,4.559009668243971,34.0,8.0
0.0,6.579971188452072,37.0,9.0
0.0,6.946015291816089,37.0,10.0
0.0,6.145232564002319,36.0,9.0
0.0,5.452487078540986,34.0,9.0
0.0,4.160419930601922,35.0,8.0
0.0,5.6666328207611105,37.0,8.0
0.0,6.111302689728535,36.0,10.0
0.0,6.946015291816089,37.0,10.0
0.0,6.579971188452072,37.0,9.0
0.0,6.152967971802493,37.0,11.0
0.0,4.846008488288955,33.0,11.0
0.0,4.559009668243971,34.0,8.0
0.0,5.452487078540986,34.0,9.0
0.0,7.923768001443006,39.0,10.0
0.0,6.989811111111112,38.0,9.5
0.0,6.336904329004328,37.0,13.5
0.0,8.774291508165035,39.0,14.0
0.0,9.925416666666672,42.0,14.0
0.0,7.182214548171125,37.0,19.0
0.0,9.346300757575756,37.5,15.0
0.0,8.274000877629584,38.0,12.0
0.0,8.640123992673985,39.5,15.0
0.0,9.626043284493282,41.0,16.0
0.0,9.792431564513919,40.0,13.0
0.0,9.792431564513919,40.0,13.0
0.0,9.792431564513919,40.0,13.0
0.0,7.3833159746303,37.0,13.0
0.0,6.730763095238092,35.5,13.5
0.0,8.641771345182427,39.0,15.0
0.0,8.60013315170811,38.0,16.0
0.0,6.7754789248220595,37.0,14.0
0.0,7.304537949574011,37.0,12.0
0.0,8.89903808252833,39.0,13.0
0.0,7.576795900096636,38.0,14.0
0.0,8.124461060262771,38.0,13.0
0.0,8.89903808252833,39.0,13.0
0.0,9.787675367036234,40.0,15.0
1.0,7.418018908868907,41.0,17.0
0.0,2.326316666666667,28.0,22.0
0.0,4.844727948961775,34.0,15.0
0.0,4.352319093994083,35.0,15.5
0.0,4.23399938842547,34.0,17.0
0.0,5.418306441239183,35.0,15.0
0.0,6.981015059945424,37.0,15.0
0.0,7.1932746031746015,36.5,16.0
0.0,6.981015059945424,37.0,15.0
0.0,6.213022010503032,36.0,20.0
0.0,4.15634009869439,35.0,18.0
0.0,5.739058753649565,34.0,19.0
0.0,4.7661408359786055,35.0,20.0
0.0,7.4273382556871335,37.0,18.0
0.0,9.442647509293563,39.0,18.0
0.0,9.223508333333328,41.0,19.0
0.0,6.147852233877234,35.0,19.5
0.0,9.527038095238094,38.5,21.0
0.0,9.348104287765898,39.0,21.0
0.0,8.150174603174603,41.0,21.0
0.0,9.416197619047619,40.5,22.0
0.0,9.416197619047619,40.5,22.0
0.0,9.388586281496362,39.0,22.0
0.0,9.998751998001996,40.0,20.0
0.0,10.851707539682543,42.0,19.0
0.0,10.293050000000004,43.0,16.5
0.0,10.583299999999992,42.0,18.0
0.0,9.223508333333328,41.0,19.0
0.0,10.483039646464652,41.0,18.0
0.0,9.172776301400699,40.0,17.0
0.0,8.594926797385632,40.5,17.0
0.0,9.172776301400699,40.0,17.0
0.0,10.180629431945873,40.5,18.0
0.0,9.172861835584435,40.0,22.5
0.0,9.391670368603705,40.0,22.0
0.0,9.391670368603705,40.0,22.0
0.0,9.463141297866219,40.0,23.0
0.0,9.510358333333334,41.0,22.0
0.0,11.127213095238096,42.0,24.0
0.0,10.801002242202241,42.0,25.0
0.0,7.120714285714286,39.0,26.0
2.0,8.23896428571428,39.0,24.0
0.0,4.416783322943347,34.0,24.0
0.0,7.502148972548777,37.0,26.0
0.0,7.681373751545151,38.0,26.0
0.0,7.120714285714286,39.0,26.0
0.0,9.611143676986924,40.0,24.0
1.4,7.49941529235382,40.0,24.0
23.5,8.538000000000004,39.0,24.0
0.0,9.479555154176266,40.0,25.0
0.6,7.248236275848595,38.0,25.0
8.5,4.844566666666671,33.0,23.0
0.0,3.779913761190116,33.0,24.0
0.0,5.0088366584839505,35.0,24.0
0.0,3.2474423659673666,33.0,25.0
0.0,7.681373751545151,38.0,26.0
13.5,7.366000000000006,39.0,25.0
4.0,7.813222491713154,39.0,23.0
36.0,4.332833333333336,32.0,24.0
0.0,4.416783322943347,34.0,24.0
0.0,4.416783322943347,34.0,24.0
14.5,5.952999999999992,34.0,25.0
0.0,4.416783322943347,34.0,24.0
14.0,3.2880000000000025,31.0,24.0
2.0,3.944430158730158,34.0,24.0
37.5,5.085833333333335,32.0,24.0
0.0,4.038518029242,34.0,21.5
0.0,4.611146783493878,34.0,22.0
21.5,6.347749999999998,36.0,24.0
15.5,4.217166666666668,35.0,22.0
1.0,4.469166666666665,34.0,23.0
0.0,5.940668797993372,35.0,23.5
0.0,4.416783322943347,34.0,24.0
2.0,7.1947023809523785,35.0,23.0
0.0,4.875732354397967,35.0,23.0
0.0,5.844850058219545,36.0,24.0
0.0,6.159893565838189,37.0,25.0
0.0,6.159893565838189,37.0,25.0
3.5,6.658366666666665,37.0,24.0
2.5,3.9777944444444397,34.0,24.0
42.0,7.897999999999989,35.0,24.0
0.0,4.875732354397967,35.0,23.0
1.0,6.410733682983691,37.0,23.0
0.0,4.875732354397967,35.0,23.0
26.0,5.924500000000002,36.0,24.0
0.0,4.291658208050968,34.0,23.0
0.0,5.844850058219545,36.0,24.0
1.0,5.744271929824571,36.0,24.0
0.0,4.291658208050968,34.0,23.0
0.0,6.825145113200474,37.0,24.0
5.0,6.208999999999999,38.0,24.0
0.0,5.288376094028688,36.0,25.0
25.0,5.900416666666663,36.0,25.0
5.5,3.2950000000000017,34.0,23.0
0.0,5.098277522789198,35.0,22.0
0.0,5.2083164086106395,36.0,23.0
7.0,4.626999999999998,33.0,25.0
0.0,3.846233484842383,33.0,23.0
65.0,8.412,35.0,23.0
7.0,5.989,34.0,22.0
0.0,4.291658208050968,34.0,23.0
0.0,3.846233484842383,33.0,23.0
0.0,2.7577983995579576,31.0,24.5
22.0,6.357749999999998,36.0,24.0
1.0,1.3829999999999993,29.0,23.0
1.5,3.036999999999998,31.0,23.0
0.0,4.48064880087233,31.0,22.0
0.0,7.444262995782494,37.5,23.0
20.0,4.815000000000006,34.0,23.0
0.0,3.81701079835384,33.0,22.0
0.0,4.291658208050968,34.0,23.0
0.0,3.81701079835384,33.0,22.0
0.0,3.846233484842383,33.0,23.0
14.5,3.4739999999999975,32.0,23.0
0.0,3.81701079835384,33.0,22.0
10.5,3.9888333333333303,30.0,23.0
0.0,3.779913761190116,33.0,24.0
10.5,4.633166666666671,33.0,24.0
0.0,4.611146783493878,34.0,22.0
5.5,3.2950000000000017,34.0,23.0
0.0,3.1016617714596104,31.0,23.0
0.0,4.291658208050968,34.0,23.0
0.0,4.7661408359786055,35.0,20.0
0.5,3.9501694444444455,32.0,20.0
90.5,7.101000000000004,26.0,24.0
0.0,3.149833333333334,28.5,21.0
0.0,4.0986722222222225,32.0,20.0
0.0,4.853148189291241,34.0,21.0
0.0,4.875732354397967,35.0,23.0
0.0,5.2083164086106395,36.0,23.0
0.0,4.875732354397967,35.0,23.0
0.0,4.611146783493878,34.0,22.0
0.0,5.694139861948023,36.0,22.0
0.0,8.29400073566416,39.0,23.0
36.5,3.6828333333333347,32.0,23.5
1.0,6.203914765487042,38.0,24.0
0.0,3.5937543238048106,32.0,23.0
27.0,6.125000000000001,34.0,23.5
0.0,3.5937543238048106,32.0,23.0
0.0,4.875732354397967,35.0,23.0
0.0,5.940668797993372,35.0,23.5
0.0,4.755155011435458,35.0,21.0
0.0,6.213022010503032,36.0,20.0
0.0,6.350773076923076,35.5,20.0
0.0,4.755155011435458,35.0,21.0
0.0,4.384296103896104,35.0,20.5
0.0,4.548779413594626,34.0,22.5
0.0,3.9929282099359598,33.0,21.0
3.0,3.2940000000000014,34.0,21.0
0.0,4.755155011435458,35.0,21.0
0.0,4.755155011435458,35.0,21.0
0.0,4.755155011435458,35.0,21.0
0.0,6.213022010503032,36.0,20.0
0.0,5.7380670773139695,36.0,18.0
0.0,7.597378641456584,36.0,17.5
0.0,4.7661408359786055,35.0,20.0
0.0,4.875732354397967,35.0,23.0
0.0,5.694139861948023,36.0,22.0
0.0,4.611146783493878,34.0,22.0
0.0,4.119345221121135,34.0,20.0
0.0,5.13271526765551,36.0,19.0
0.0,4.23399938842547,34.0,17.0
0.0,5.418306441239183,35.0,15.0
0.0,6.179343186329533,36.0,12.0
0.0,8.274000877629584,38.0,12.0
0.0,7.304537949574011,37.0,12.0
0.0,6.946015291816089,37.0,10.0
0.0,6.111302689728535,36.0,10.0
0.0,4.670146039375533,35.0,13.0
0.0,4.314197363715256,33.0,12.0
17.5,2.5966666666666653,26.0,18.0
0.0,3.2103333333333337,30.5,19.0
0.0,4.339513694335719,32.0,14.0
0.0,5.086035918625203,33.0,14.0
0.0,4.339513694335719,32.0,14.0
36.0,2.9339999999999993,29.0,14.0
11.5,1.754,22.5,19.0
9.0,1.4939999999999987,23.0,20.0
0.0,3.5765613997113985,29.0,18.0
0.0,3.377751911976913,31.0,18.0
0.0,3.499169047619049,30.0,19.0
0.0,4.345899999999999,28.0,20.0
0.0,4.260788102869634,33.0,18.0
0.0,4.23399938842547,34.0,17.0
0.0,4.844727948961775,34.0,15.0
0.0,3.6567809523809536,30.0,15.0
0.0,3.5149166666666707,24.0,14.0
0.0,2.9912577416048016,29.0,11.0
0.0,2.9912577416048016,29.0,11.0
0.0,3.575943312466911,30.0,11.0
0.0,3.052502654536608,31.0,10.0
0.0,4.871263793931407,33.0,10.0
0.0,5.055095361344786,34.0,12.0
0.0,4.933216811298396,34.0,11.0
0.0,3.1224674722250585,32.0,12.0
0.0,3.1224674722250585,32.0,12.0
0.0,5.298161344781885,34.0,13.0
0.0,5.086035918625203,33.0,14.0
0.0,3.3116796492980707,32.0,13.0
0.0,3.1224674722250585,32.0,12.0
0.0,3.19850476698604,31.0,12.0
0.0,4.05159278452484,32.0,9.0
0.0,5.617517760833937,32.5,10.0
0.0,4.871263793931407,33.0,10.0
0.0,3.575943312466911,30.0,11.0
0.0,2.9912577416048016,29.0,11.0
0.0,3.945287839937841,28.0,14.0
0.0,3.945287839937841,28.0,14.0
0.0,2.5414142857142856,25.0,15.0
0.0,4.846008488288955,33.0,11.0
0.0,3.1224674722250585,32.0,12.0
0.0,5.298161344781885,34.0,13.0
0.0,5.298161344781885,34.0,13.0
0.0,5.055095361344786,34.0,12.0
0.0,3.1224674722250585,32.0,12.0
0.0,6.85701706349206,32.0,14.5
0.0,3.118338699042645,30.0,10.0
0.0,3.118338699042645,30.0,10.0
0.0,2.433583649541892,28.0,11.0
0.0,2.5425759712317513,28.0,9.0
0.0,3.1055287091887247,30.0,9.0
0.0,3.4010430118256334,29.0,10.0
0.0,3.118338699042645,30.0,10.0
0.0,3.0526890220890213,27.0,13.0
1.5,2.6033499999999985,28.0,14.0
0.0,2.3675880952380948,26.0,14.0
0.0,1.8166972222222222,25.0,13.0
0.0,2.343298484848486,26.0,11.0
0.0,3.2829531934960166,29.0,4.0
0.0,3.6099705459043383,29.0,7.0
0.0,3.7983215758140068,31.0,7.0
0.0,2.273421042455137,27.0,10.0
0.0,3.1224674722250585,32.0,12.0
0.0,3.579493289352214,31.0,9.0
0.0,3.579493289352214,31.0,9.0
0.0,4.060248048205252,33.0,9.0
0.0,4.039758847310535,32.0,8.0
0.0,5.2840141413520225,35.0,7.0
0.0,5.2840141413520225,35.0,7.0
0.0,5.292681011010129,34.0,7.0
0.0,4.3684705759668585,32.0,7.5
0.0,4.039758847310535,32.0,8.0
0.0,5.416966666666666,33.0,3.0
0.0,3.8887187982577625,31.0,5.0
0.0,3.8887187982577625,31.0,5.0
0.0,3.327484581094781,30.0,7.0
0.0,2.980488832001332,26.0,9.0
0.0,4.039758847310535,32.0,8.0
0.0,4.003196743534245,31.0,4.0
0.0,3.9442007243349284,32.0,5.0
0.0,3.118338699042645,30.0,10.0
0.0,2.529395114768347,28.0,10.0
0.0,3.8151315480142483,31.0,14.0
0.0,3.052502654536608,31.0,10.0
0.0,4.1647732738034575,33.0,8.0
0.0,3.775915530915238,32.0,7.0
0.0,3.8370434569561285,33.0,7.0
0.0,4.212479944466066,34.0,6.0
0.0,4.1647732738034575,33.0,8.0
0.0,3.52657730025603,31.0,8.0
0.0,3.9442007243349284,32.0,5.0
0.0,2.5425759712317513,28.0,9.0
0.0,1.2968000000000006,23.0,11.0
0.0,3.401410409035409,28.0,4.0
0.0,3.3049562770562773,28.0,1.5
0.0,2.634856349206351,30.0,1.0
0.0,3.391900000000004,31.0,1.0
0.0,4.946898809523809,31.5,2.0
0.0,3.9309045981795983,31.0,9.5
0.0,3.1055287091887247,30.0,9.0
0.0,5.321904447693234,35.0,10.0
0.0,6.145232564002319,36.0,9.0
0.0,5.140897692585195,37.0,7.0
0.0,3.775915530915238,32.0,7.0
0.0,2.8129827187690193,28.0,7.0
0.0,4.003196743534245,31.0,4.0
0.0,4.9277944444444515,33.0,3.5
0.0,3.837033333333332,32.0,4.0
0.0,5.300649818563791,36.0,8.0
0.0,5.300649818563791,36.0,8.0
0.0,4.160419930601922,35.0,8.0
0.0,6.3503926073926085,38.0,9.0
0.0,6.579971188452072,37.0,9.0
0.0,4.060248048205252,33.0,9.0
0.0,4.27589186469114,32.0,11.0
0.0,3.6659960317460314,33.5,9.5
0.0,4.060248048205252,33.0,9.0
0.0,3.5775136337896316,32.0,6.0
0.0,3.040629466577289,30.0,6.0
0.0,3.377277469091899,31.0,6.0
0.0,3.377277469091899,31.0,6.0
0.0,4.039758847310535,32.0,8.0
0.0,4.018558786354195,32.0,10.0
0.0,3.4010430118256334,29.0,10.0
0.0,4.27589186469114,32.0,11.0
0.0,3.2503070321692786,31.0,11.0
0.0,4.9615926561901365,34.0,14.0
0.0,4.350144859063591,35.0,16.0
0.0,5.081072623811221,34.0,16.0
0.0,4.797097580614331,35.0,12.0
0.0,4.933216811298396,34.0,11.0
0.0,3.1055287091887247,30.0,9.0
0.0,3.5775136337896316,32.0,6.0
0.0,5.228830415417916,36.0,6.0
0.0,4.1647732738034575,33.0,8.0
0.0,3.775915530915238,32.0,7.0
0.0,3.7983215758140068,31.0,7.0
4.5,0.6730000000000002,22.0,8.0
0.0,3.4010430118256334,29.0,10.0
0.0,5.482939304402774,34.0,10.0
0.0,5.482939304402774,34.0,10.0
0.0,6.145437994250119,36.0,11.0
0.0,5.055095361344786,34.0,12.0
0.0,5.055095361344786,34.0,12.0
0.0,8.124461060262771,38.0,13.0
0.0,5.055095361344786,34.0,12.0
0.0,5.482939304402774,34.0,10.0
0.0,5.482939304402774,34.0,10.0
0.0,6.152967971802493,37.0,11.0
0.0,4.846008488288955,33.0,11.0
0.0,3.1055287091887247,30.0,9.0
0.0,5.421590404792146,36.0,7.0
0.0,4.623040031446693,35.0,6.0
0.0,6.579971188452072,37.0,9.0
0.0,6.145437994250119,36.0,11.0
0.0,4.797097580614331,35.0,12.0
0.0,6.111302689728535,36.0,10.0
0.0,8.274000877629584,38.0,12.0
0.0,7.367937944801364,36.0,14.0
0.0,5.055095361344786,34.0,12.0
0.0,6.565611633249797,37.0,9.5
0.0,7.923768001443006,39.0,10.0
0.0,6.946015291816089,37.0,10.0
0.0,7.4077041114986795,38.0,10.0
0.0,4.658867118992117,36.0,8.5
0.0,5.6666328207611105,37.0,8.0
0.0,4.775033547008548,38.0,8.0
0.0,8.274000877629584,38.0,12.0
0.0,4.314197363715256,33.0,12.0
0.0,7.4077041114986795,38.0,10.0
0.0,8.978009523809524,42.0,10.0
0.0,10.611103643578645,41.0,15.0
0.0,9.186104632363753,39.0,16.0
0.0,7.096639189469801,37.0,17.0
0.0,7.096639189469801,37.0,17.0
0.0,7.096639189469801,37.0,17.0
0.0,4.15634009869439,35.0,18.0
0.0,7.453452981787733,36.0,17.0
0.0,5.436975325499805,35.0,14.0
0.0,4.844727948961775,34.0,15.0
0.0,6.244390151515151,35.0,14.5
0.0,6.708454185123205,36.0,13.0
0.0,6.853752380952382,36.0,13.5
0.0,5.055095361344786,34.0,12.0
0.0,7.7998361043396445,38.0,11.0
0.0,7.304537949574011,37.0,12.0
0.0,7.7998361043396445,38.0,11.0
0.0,9.040851368076373,39.0,11.0
0.0,9.151549755799758,41.0,11.0
0.0,9.580409523809527,42.0,12.0
0.0,9.01460218392719,40.0,12.0
0.0,6.981015059945424,37.0,15.0
0.0,4.797097580614331,35.0,12.0
0.0,9.998751998001996,40.0,20.0
0.0,7.576795900096636,38.0,14.0
0.0,8.451242882057743,39.0,12.0
0.0,8.451242882057743,39.0,12.0
0.0,8.641771345182427,39.0,15.0
0.0,9.787675367036234,40.0,15.0
0.0,9.787675367036234,40.0,15.0
0.0,8.641771345182427,39.0,15.0
0.0,8.774291508165035,39.0,14.0
0.0,8.676143020868022,40.0,14.0
0.0,9.463857142857144,41.0,14.0
0.0,9.787675367036234,40.0,15.0
0.0,9.626043284493282,41.0,16.0
0.0,5.157584842848192,35.0,17.0
0.0,8.620519811270752,38.0,19.0
0.0,4.536919642857142,36.0,19.5
0.0,7.182214548171125,37.0,19.0
0.0,7.182214548171125,37.0,19.0
0.0,9.580666558441557,42.0,17.0
0.0,9.622376651453123,41.0,17.0
0.0,9.202687186764308,39.0,17.0
0.0,9.391670368603705,40.0,22.0
0.0,9.388586281496362,39.0,22.0
0.0,8.053523694279576,38.0,24.5
0.0,6.299592803321601,38.0,23.0
0.0,7.053357913867189,38.0,24.0
0.0,6.299592803321601,38.0,23.0
4.5,7.463000000000003,40.0,23.0
0.0,6.299592803321601,38.0,23.0
0.0,6.825145113200474,37.0,24.0
0.0,9.463141297866219,40.0,23.0
0.0,9.854400000000014,42.0,21.0
0.0,8.150174603174603,41.0,21.0
0.0,9.391670368603705,40.0,22.0
0.0,9.348104287765898,39.0,21.0
0.0,9.348104287765898,39.0,21.0
0.0,7.852693675988747,38.0,21.0
0.0,7.053357913867189,38.0,24.0
0.0,8.29400073566416,39.0,23.0
0.0,7.120714285714286,39.0,26.0
36.0,6.9041999999999994,37.0,26.0
23.5,7.310999999999995,36.0,22.0
4.5,6.086899999999993,35.0,22.0
0.0,6.698510645974202,37.0,22.0
0.0,6.299592803321601,38.0,23.0
1.5,6.285993722943726,38.0,24.5
0.0,7.275657328480174,38.0,25.0
0.0,9.19455886570445,39.0,25.0
0.0,8.899999999999984,39.0,27.0
0.0,7.120714285714286,39.0,26.0
0.0,9.284634615058144,39.0,24.5
0.0,9.284634615058144,39.0,24.5
0.0,9.697846121933617,40.0,26.0
0.0,5.102423304473304,36.0,26.0
0.0,7.502148972548777,37.0,26.0
13.5,5.516,37.0,25.0
0.0,4.875732354397967,35.0,23.0
0.0,6.299592803321601,38.0,23.0
0.0,9.479555154176266,40.0,25.0
0.0,7.681373751545151,38.0,26.0
15.0,8.071333333333342,39.0,26.0
0.0,5.098277522789198,35.0,22.0
6.0,3.5299999999999994,33.0,24.0
0.0,4.875732354397967,35.0,23.0
0.0,4.875732354397967,35.0,23.0
0.0,7.053357913867189,38.0,24.0
0.0,5.288376094028688,36.0,25.0
15.5,5.145999999999997,35.0,25.0
47.0,6.584999999999993,35.0,25.0
0.0,5.2083164086106395,36.0,23.0
31.0,6.411000000000005,36.0,23.0
0.0,4.611146783493878,34.0,22.0
0.0,7.061753033794159,36.5,22.0
0.0,7.053357913867189,38.0,24.0
2.0,6.478361111111109,37.0,24.0
2.0,7.1947023809523785,35.0,23.0
2.5,3.7451333333333325,33.0,24.0
45.0,6.834,34.0,24.0
3.0,4.376200000000004,34.0,22.0
0.0,4.985240111917665,35.0,22.5
31.5,7.215000000000001,37.0,22.0
7.0,3.801,34.0,23.0
47.5,4.730999999999995,33.0,23.0
0.0,5.098277522789198,35.0,22.0
0.0,5.694139861948023,36.0,22.0
5.5,5.594999999999991,37.0,24.0
0.0,5.0088366584839505,35.0,24.0
51.0,8.104000000000001,35.0,24.0
20.0,4.815000000000006,34.0,23.0
6.0,3.909999999999995,34.0,23.0
18.0,8.184999999999995,35.0,23.0
2.5,3.5502166666666635,33.0,23.0
85.5,7.146999999999997,33.0,23.0
12.0,4.263450000000002,34.0,21.0
0.0,4.611146783493878,34.0,22.0
0.0,4.48064880087233,31.0,22.0
26.5,5.904523809523804,34.0,23.0
1.5,4.7577231601731595,33.0,22.5
7.0,4.479533333333329,33.0,22.0
0.0,3.5937543238048106,32.0,23.0
1.5,4.2966142857142815,34.0,24.0
93.5,11.655000000000005,36.0,24.0
9.0,3.909,32.0,24.0
15.5,5.0459000000000005,33.0,23.0
1.5,3.0358226190476234,33.0,24.0
3.5,4.583999999999996,34.0,24.5
6.0,4.925066666666667,35.0,23.0
0.0,3.846233484842383,33.0,23.0
0.0,5.0088366584839505,35.0,24.0
5.5,5.594999999999991,37.0,24.0
0.0,5.844850058219545,36.0,24.0
4.5,5.383966666666661,35.0,23.0
4.5,3.721635714285715,34.0,23.0
2.5,4.285188888888891,34.0,22.0
2.0,3.013578947368421,32.0,22.0
4.0,4.07808333333333,33.0,23.0
1.0,1.2691666666666672,29.0,22.0
21.0,3.888083333333334,32.0,23.5
1.0,2.584120672310149,31.0,23.0
0.0,4.291658208050968,34.0,23.0
8.0,6.705000000000004,37.0,23.5
0.0,4.48064880087233,31.0,22.0
1.5,4.941688095238094,35.0,23.0
0.0,5.288376094028688,36.0,25.0
0.0,5.288376094028688,36.0,25.0
10.5,5.775100000000001,36.0,26.0
3.5,5.2835999999999945,34.0,24.0
0.0,4.755155011435458,35.0,21.0
0.0,5.694139861948023,36.0,22.0
0.0,5.2083164086106395,36.0,23.0
3.0,5.053947718049923,35.0,20.0
0.0,5.7811185555283915,36.0,21.0
0.0,6.698510645974202,37.0,22.0
0.0,6.159893565838189,37.0,25.0
5.5,5.469666666666658,35.0,24.0
0.0,3.4527580446514263,32.0,24.0
0.0,5.098277522789198,35.0,22.0
0.0,5.694139861948023,36.0,22.0
0.0,5.953031992849211,37.0,23.0
0.0,5.098277522789198,35.0,22.0
0.0,6.299592803321601,38.0,23.0
22.0,6.735999999999999,37.0,24.0
0.0,5.694139861948023,36.0,22.0
0.0,5.13271526765551,36.0,19.0
12.0,3.1346636363636384,32.0,19.0
0.0,5.098277522789198,35.0,22.0
0.0,4.755155011435458,35.0,21.0
0.0,5.7811185555283915,36.0,21.0
0.0,6.616128484930962,37.0,20.0
0.0,5.13271526765551,36.0,19.0
0.0,4.7661408359786055,35.0,20.0
5.5,1.3860000000000001,27.0,23.0
24.0,5.304000000000002,33.0,22.0
0.0,4.611146783493878,34.0,22.0
0.0,5.098277522789198,35.0,22.0
0.0,5.13271526765551,36.0,19.0
0.0,5.13271526765551,36.0,19.0
0.0,4.991196975942874,35.0,19.0
5.0,4.789725041625037,33.0,19.0
0.0,3.106631992787915,31.0,20.0
0.0,2.270047619047622,30.0,20.0
0.0,4.402394309087884,32.0,18.0
0.0,4.23399938842547,34.0,17.0
0.0,4.9615926561901365,34.0,14.0
0.0,6.7754789248220595,37.0,14.0
0.0,7.367937944801364,36.0,14.0
0.0,6.708454185123205,36.0,13.0
0.0,5.436975325499805,35.0,14.0
0.0,5.393500256048549,36.0,16.0
0.0,5.393500256048549,36.0,16.0
0.0,6.616128484930962,37.0,20.0
0.0,6.698510645974202,37.0,22.0
0.0,5.13271526765551,36.0,19.0
0.0,4.23399938842547,34.0,17.0
0.0,3.780466197527961,33.0,20.0
0.0,4.119345221121135,34.0,20.0
0.0,3.780466197527961,33.0,20.0
0.0,3.379000000000005,27.0,19.0
12.5,1.2620000000000002,22.0,16.0
10.0,0.8240000000000001,20.0,16.0
0.0,4.3739142135642135,32.0,15.0
0.0,4.797097580614331,35.0,12.0
0.0,5.495071725763821,35.0,11.0
0.0,5.086035918625203,33.0,14.0
0.0,6.238801082200549,36.0,15.0
0.0,5.436975325499805,35.0,14.0
0.0,3.8151315480142483,31.0,14.0
0.0,1.5574333333333326,27.0,16.0
37.0,2.5450000000000004,26.0,21.0
6.0,2.8218000000000014,29.0,19.0
0.0,3.56449794389477,32.0,16.0
0.0,2.9557189393939383,30.0,16.0
0.0,3.2063333333333346,26.0,19.0
0.0,3.9655844155844107,29.0,19.0
0.0,2.6220333333333357,24.0,18.0
1.5,3.226827380952382,30.0,17.0
0.0,4.339513694335719,32.0,14.0
0.0,4.339513694335719,32.0,14.0
0.0,4.363463569102043,33.0,15.0
0.0,5.086035918625203,33.0,14.0
0.0,4.363463569102043,33.0,15.0
0.0,4.3739142135642135,32.0,15.0
0.0,3.8151315480142483,31.0,14.0
0.0,2.7196533964401617,27.0,12.0
0.0,2.7987842216349175,29.0,12.0
0.0,3.2503070321692786,31.0,11.0
0.0,3.2503070321692786,31.0,11.0
2.0,3.8092339910089925,31.0,16.0
0.0,3.0546987286577,30.0,12.0
0.0,3.0546987286577,30.0,12.0
0.0,4.110465476190476,29.0,14.0
0.0,1.5699329365079366,27.0,14.0
0.0,3.6567809523809536,30.0,15.0
0.0,5.086035918625203,33.0,14.0
0.0,2.7568088189588194,30.0,13.0
0.0,4.27589186469114,32.0,11.0
0.0,3.575943312466911,30.0,11.0
0.0,3.19850476698604,31.0,12.0
0.0,2.9912577416048016,29.0,11.0
0.0,3.2503070321692786,31.0,11.0
0.0,8.274000877629584,38.0,12.0
0.0,2.8255429473304474,31.0,13.0
0.0,1.8166972222222222,25.0,13.0
0.0,3.9655844155844107,29.0,19.0
0.0,3.8249287851037854,29.0,16.0
0.0,3.8249287851037854,29.0,16.0
0.0,3.8249287851037854,29.0,16.0
1.0,0.9853333333333337,24.0,16.0
17.0,2.248000000000003,29.0,19.0
0.0,2.014592857142857,26.0,15.0
0.0,1.1399999999999983,23.0,14.0
11.5,1.7698333333333338,22.0,13.0
0.0,0.8334333333333329,21.0,12.0
0.0,2.470848687423687,25.0,5.0
0.0,2.5998928571428577,26.0,5.0
0.0,3.768016666666668,24.0,7.0
0.0,3.4766245999123466,29.0,9.0
0.0,2.4482568417589574,27.0,7.0
0.0,2.278514699530738,26.0,8.0
0.0,2.5275281581378715,27.0,8.0
0.0,2.8129827187690193,28.0,7.0
0.0,3.110474435937549,28.0,6.0
0.0,2.6918719486395957,28.0,5.0
0.0,2.853105412601824,29.0,6.0
0.0,3.9442007243349284,32.0,5.0
0.0,3.5728595485611736,29.0,5.0
0.0,3.8370434569561285,33.0,7.0
0.0,4.857795168067231,32.5,6.0
0.0,4.363544705982574,30.0,5.0
0.0,3.6099705459043383,29.0,7.0
0.0,3.8370434569561285,33.0,7.0
0.0,3.7983215758140068,31.0,7.0
0.0,2.5425759712317513,28.0,9.0
0.0,2.467429726121831,27.0,9.0
0.0,3.299629437229437,26.0,6.0
0.0,3.768016666666668,24.0,7.0
0.0,2.853105412601824,29.0,6.0
0.0,4.12923797036297,31.0,6.5
0.0,4.003196743534245,31.0,4.0
0.0,3.837033333333332,32.0,4.0
0.0,3.4406789321789306,30.0,4.0
0.0,1.4882333333333349,21.0,10.0
0.0,2.529395114768347,28.0,10.0
0.0,3.7983215758140068,31.0,7.0
0.0,3.5775136337896316,32.0,6.0
0.0,3.8887187982577625,31.0,5.0
0.0,3.333222971472972,30.0,5.5
0.0,3.775915530915238,32.0,7.0
0.0,3.655281716231824,33.0,6.0
0.0,5.292681011010129,34.0,7.0
0.0,5.2840141413520225,35.0,7.0
0.0,6.579971188452072,37.0,9.0
0.0,5.321904447693234,35.0,10.0
0.0,6.145437994250119,36.0,11.0
0.0,4.846008488288955,33.0,11.0
0.0,4.797097580614331,35.0,12.0
0.5,2.5977085643115094,32.0,12.0
2.0,1.230625,26.0,11.0
0.0,2.7987842216349175,29.0,12.0
0.0,2.6073215367965368,26.0,12.0
0.0,4.3739142135642135,32.0,15.0
0.0,4.3739142135642135,32.0,15.0
11.0,1.9593333333333323,24.0,16.0
0.0,3.3371857142857158,28.0,16.0
0.0,4.27589186469114,32.0,11.0
0.0,2.433583649541892,28.0,11.0
0.0,1.5699329365079366,27.0,14.0
0.0,5.298161344781885,34.0,13.0
0.0,3.19850476698604,31.0,12.0
0.0,3.377751911976913,31.0,18.0
0.0,3.579493289352214,31.0,9.0
0.0,4.05159278452484,32.0,9.0
0.0,3.579493289352214,31.0,9.0
0.0,2.7987842216349175,29.0,12.0
0.0,3.257029884004885,31.0,17.0
0.0,4.27589186469114,32.0,11.0
0.0,5.452487078540986,34.0,9.0
0.0,4.018558786354195,32.0,10.0
0.0,5.452487078540986,34.0,9.0
0.0,3.2503070321692786,31.0,11.0
0.0,5.435956655280291,35.0,9.0
0.0,4.846008488288955,33.0,11.0
0.0,3.2503070321692786,31.0,11.0
0.0,4.846008488288955,33.0,11.0
0.0,3.1224674722250585,32.0,12.0
0.0,4.933216811298396,34.0,11.0
0.0,4.871263793931407,33.0,10.0
0.0,3.2503070321692786,31.0,11.0
0.0,4.846008488288955,33.0,11.0
0.0,4.753172383949647,33.0,9.5
0.0,4.586402329597647,33.0,10.5
0.0,4.846008488288955,33.0,11.0
0.0,4.27589186469114,32.0,11.0
0.0,4.1647732738034575,33.0,8.0
0.0,5.452487078540986,34.0,9.0
0.0,4.018558786354195,32.0,10.0
0.0,4.314197363715256,33.0,12.0
0.0,5.298161344781885,34.0,13.0
0.0,4.9615926561901365,34.0,14.0
0.0,6.708454185123205,36.0,13.0
0.0,4.871263793931407,33.0,10.0
0.0,5.482939304402774,34.0,10.0
0.0,4.871263793931407,33.0,10.0
0.0,5.482939304402774,34.0,10.0
0.0,5.452487078540986,34.0,9.0
0.0,3.2003658863299838,30.0,8.0
0.0,4.27589186469114,32.0,11.0
0.0,5.482939304402774,34.0,10.0
0.0,4.871263793931407,33.0,10.0
0.0,3.5775136337896316,32.0,6.0
0.0,3.8370434569561285,33.0,7.0
0.0,4.160419930601922,35.0,8.0
0.0,4.933216811298396,34.0,11.0
0.0,6.179343186329533,36.0,12.0
0.0,6.179343186329533,36.0,12.0
0.0,4.314197363715256,33.0,12.0
0.0,4.27589186469114,32.0,11.0
0.0,4.933216811298396,34.0,11.0
0.0,4.933216811298396,34.0,11.0
0.0,8.618398015873016,40.0,11.0
0.0,8.618398015873016,40.0,11.0
0.0,6.3503926073926085,38.0,9.0
0.0,6.111302689728535,36.0,10.0
0.0,5.081072623811221,34.0,16.0
0.0,3.1224674722250585,32.0,12.0
0.0,4.039758847310535,32.0,8.0
0.0,5.482939304402774,34.0,10.0
0.0,5.6666328207611105,37.0,8.0
0.0,5.435956655280291,35.0,9.0
0.0,6.145437994250119,36.0,11.0
0.0,4.846008488288955,33.0,11.0
0.0,5.482939304402774,34.0,10.0
0.0,6.145437994250119,36.0,11.0
0.0,6.145437994250119,36.0,11.0
0.0,6.152967971802493,37.0,11.0
0.0,7.3833159746303,37.0,13.0
0.0,6.152967971802493,37.0,11.0
0.0,8.774291508165035,39.0,14.0
0.0,7.909863045704437,38.0,15.0
0.0,9.186104632363753,39.0,16.0
0.0,8.60013315170811,38.0,16.0
0.0,6.981015059945424,37.0,15.0
0.0,7.367937944801364,36.0,14.0
0.0,3.1224674722250585,32.0,12.0
0.0,4.846008488288955,33.0,11.0
0.0,6.145437994250119,36.0,11.0
0.0,6.152967971802493,37.0,11.0
0.0,8.124461060262771,38.0,13.0
0.0,7.3833159746303,37.0,13.0
0.0,6.708454185123205,36.0,13.0
0.0,6.179343186329533,36.0,12.0
0.0,7.3833159746303,37.0,13.0
0.0,4.15634009869439,35.0,18.0
0.0,4.23399938842547,34.0,17.0
0.0,7.367937944801364,36.0,14.0
0.0,7.3833159746303,37.0,13.0
0.0,9.787675367036234,40.0,15.0
0.0,10.611103643578645,41.0,15.0
0.0,9.186104632363753,39.0,16.0
0.0,8.60013315170811,38.0,16.0
0.0,8.352323100244485,38.0,18.0
0.0,6.213022010503032,36.0,20.0
0.0,4.853148189291241,34.0,21.0
0.0,5.694139861948023,36.0,22.0
0.0,3.9929282099359598,33.0,21.0
0.0,5.7811185555283915,36.0,21.0
0.0,9.186104632363753,39.0,16.0
0.0,9.348104287765898,39.0,21.0
0.0,7.7864374831290375,40.0,21.0
0.0,9.320194721582649,39.0,20.0
0.0,9.795374306249306,41.0,20.0
0.0,8.60013315170811,38.0,16.0
0.0,6.981015059945424,37.0,15.0
0.0,7.453452981787733,36.0,17.0
0.0,5.739058753649565,34.0,19.0
0.0,7.4273382556871335,37.0,18.0
0.0,9.320194721582649,39.0,20.0
0.0,8.620519811270752,38.0,19.0
0.0,9.138779761904766,39.5,18.0
0.0,9.795374306249306,41.0,20.0
0.0,7.7864374831290375,40.0,21.0
0.0,9.391670368603705,40.0,22.0
0.0,8.864613095238097,39.0,22.5
0.0,8.29400073566416,39.0,23.0
0.0,9.463141297866219,40.0,23.0
0.0,9.510358333333334,41.0,22.0
0.0,6.299592803321601,38.0,23.0
0.0,8.648882389602463,39.0,24.0
0.0,6.299592803321601,38.0,23.0
0.0,6.299592803321601,38.0,23.0
0.0,8.763749999999995,40.0,27.0
0.0,10.346878571428574,41.0,26.0
0.0,7.120714285714286,39.0,26.0
0.0,7.120714285714286,39.0,26.0
0.0,7.120714285714286,39.0,26.0
0.0,7.120714285714286,39.0,26.0
0.0,7.275657328480174,38.0,25.0
0.0,7.502148972548777,37.0,26.0
0.0,7.120714285714286,39.0,26.0
0.0,7.275657328480174,38.0,25.0
0.0,7.275657328480174,38.0,25.0
0.0,9.479555154176266,40.0,25.0
8.5,6.600600000000001,38.0,26.0
15.0,6.116999999999999,37.0,24.0
0.0,6.698510645974202,37.0,22.0
0.0,7.275657328480174,38.0,25.0
0.0,9.19455886570445,39.0,25.0
2.0,9.145460606060603,42.0,25.0
7.0,5.933176151776499,38.0,23.0
1.0,3.858757142857144,36.0,23.0
20.0,5.871999999999993,37.0,23.0
0.0,4.291658208050968,34.0,23.0
79.0,8.321000000000005,31.0,24.0
30.0,5.2410000000000005,35.0,21.0
2.5,2.3174000000000032,32.0,22.0
22.0,3.308400000000002,33.0,23.0
2.0,7.1947023809523785,35.0,23.0
0.0,4.416783322943347,34.0,24.0
4.0,4.383749999999999,35.0,24.0
0.0,4.875732354397967,35.0,23.0
3.5,3.8273666666666655,36.0,23.0
0.0,5.844850058219545,36.0,24.0
0.0,6.825145113200474,37.0,24.0
0.0,6.159893565838189,37.0,25.0
0.0,4.10153333333333,35.0,28.0
1.0,5.139083333333335,35.0,26.0
0.0,4.973794627622233,35.0,25.0
0.0,7.275657328480174,38.0,25.0
16.0,6.870083333333332,37.5,25.0
0.0,4.416783322943347,34.0,24.0
33.5,6.512999999999995,37.0,23.0
1.0,3.6187926601176574,33.0,23.0
0.0,3.2474423659673666,33.0,25.0
15.0,2.792000000000004,33.0,25.0
20.0,5.374000000000006,34.0,24.0
44.0,7.514999999999991,35.0,24.0
0.0,4.291658208050968,34.0,23.0
16.0,5.262333333333337,35.0,24.0
3.0,3.9565,33.0,24.0
1.5,3.016056114718614,31.0,24.0
0.0,3.0204515873015847,30.0,25.0
2.0,2.3410000000000006,27.0,25.0
0.0,4.48064880087233,31.0,22.0
0.0,3.81701079835384,33.0,22.0
2.5,4.934291452991449,34.0,23.0
11.0,1.9499999999999995,27.0,25.0
0.0,2.305630952380953,29.0,24.0
13.5,3.1730000000000005,31.0,24.0
0.0,3.846233484842383,33.0,23.0
0.0,5.953031992849211,37.0,23.0
1.0,4.469166666666665,34.0,23.0
15.0,4.049000000000002,32.0,25.0
5.0,1.9091309523809539,34.0,23.0
1.0,2.9718023809523824,32.0,24.0
26.0,5.821350000000001,33.0,23.0
0.0,3.846233484842383,33.0,23.0
7.5,5.367999999999996,33.0,25.0
0.0,3.846233484842383,33.0,23.0
0.0,4.875732354397967,35.0,23.0
0.0,5.0088366584839505,35.0,24.0
19.5,4.782750000000002,32.0,24.0
14.0,3.3989999999999974,32.0,23.0
9.5,5.2488333333333355,31.0,23.0
16.0,3.3969999999999994,32.0,24.0
0.0,3.846233484842383,33.0,23.0
0.0,3.846233484842383,33.0,23.0
0.0,4.611146783493878,34.0,22.0
0.0,5.098277522789198,35.0,22.0
0.0,3.846233484842383,33.0,23.0
0.0,4.875732354397967,35.0,23.0
22.0,5.523750000000003,35.0,25.0
0.0,3.9929282099359598,33.0,21.0
0.0,4.176466666666669,29.0,21.0
13.5,2.2239999999999975,26.0,21.0
2.0,2.2410000000000023,30.0,23.0
0.0,3.7142251710549075,32.0,22.0
0.0,3.81701079835384,33.0,22.0
0.0,4.403228319904399,34.0,25.0
0.0,4.416783322943347,34.0,24.0
0.0,4.664728499560146,34.0,23.5
0.0,3.7142251710549075,32.0,22.0
0.0,3.81701079835384,33.0,22.0
24.0,5.304000000000002,33.0,22.0
0.0,3.81701079835384,33.0,22.0
0.0,3.2474423659673666,33.0,25.0
0.0,4.416783322943347,34.0,24.0
0.0,4.376817307692301,34.0,26.0
0.0,4.973794627622233,35.0,25.0
0.0,5.0088366584839505,35.0,24.0
0.0,5.844850058219545,36.0,24.0
0.0,5.2083164086106395,36.0,23.0
0.0,5.7811185555283915,36.0,21.0
0.0,6.213022010503032,36.0,20.0
0.0,4.755155011435458,35.0,21.0
0.0,4.15634009869439,35.0,18.0
0.0,5.13271526765551,36.0,19.0
0.0,5.7380670773139695,36.0,18.0
0.0,6.213022010503032,36.0,20.0
0.0,5.7811185555283915,36.0,21.0
0.0,5.7811185555283915,36.0,21.0
0.0,7.7864374831290375,40.0,21.0
0.0,9.787675367036234,40.0,15.0
0.0,7.909863045704437,38.0,15.0
0.0,8.89903808252833,39.0,13.0
0.0,9.01460218392719,40.0,12.0
0.0,7.576795900096636,38.0,14.0
0.0,6.7754789248220595,37.0,14.0
0.0,4.350144859063591,35.0,16.0
0.0,4.853148189291241,34.0,21.0
0.0,8.620519811270752,38.0,19.0
0.0,4.991196975942874,35.0,19.0
0.0,4.119345221121135,34.0,20.0
0.0,5.7811185555283915,36.0,21.0
0.0,7.096639189469801,37.0,17.0
0.0,6.7754789248220595,37.0,14.0
0.0,5.086035918625203,33.0,14.0
0.0,4.933216811298396,34.0,11.0
0.0,5.495071725763821,35.0,11.0
0.0,2.8255429473304474,31.0,13.0
0.0,4.058384451659452,31.0,15.0
0.0,3.5765613997113985,29.0,18.0
0.0,3.8151315480142483,31.0,14.0
0.0,3.959429033365041,33.0,13.0
0.0,4.670146039375533,35.0,13.0
0.0,4.844727948961775,34.0,15.0
0.0,4.402394309087884,32.0,18.0
0.0,4.5464166666666594,29.0,20.0
0.0,5.7380670773139695,36.0,18.0
0.0,7.909863045704437,38.0,15.0
0.0,5.418306441239183,35.0,15.0
0.0,2.0902932900432902,30.0,18.0
0.0,7.096639189469801,37.0,17.0
0.0,9.186104632363753,39.0,16.0
0.0,7.6574636469657715,37.0,16.0
0.0,5.393500256048549,36.0,16.0
0.0,3.377751911976913,31.0,18.0
0.0,3.130968996689586,32.0,17.0
0.0,5.739058753649565,34.0,19.0
0.0,5.298161344781885,34.0,13.0
0.0,5.495071725763821,35.0,11.0
0.0,5.495071725763821,35.0,11.0
0.0,6.145437994250119,36.0,11.0
0.0,6.946015291816089,37.0,10.0
0.0,6.152967971802493,37.0,11.0
0.0,7.607428571428574,39.0,8.0
0.0,7.607428571428574,39.0,8.0
0.0,5.6666328207611105,37.0,8.0
0.0,3.579493289352214,31.0,9.0
0.0,4.1647732738034575,33.0,8.0
0.0,4.933216811298396,34.0,11.0
0.0,5.482939304402774,34.0,10.0
0.0,4.060248048205252,33.0,9.0
0.0,4.871263793931407,33.0,10.0
0.0,4.871263793931407,33.0,10.0
0.0,5.321904447693234,35.0,10.0
0.0,5.321904447693234,35.0,10.0
0.0,5.321904447693234,35.0,10.0
0.0,3.2503070321692786,31.0,11.0
0.0,4.018558786354195,32.0,10.0
0.0,5.452487078540986,34.0,9.0
0.0,5.435956655280291,35.0,9.0
0.0,5.300649818563791,36.0,8.0
0.0,4.160419930601922,35.0,8.0
0.0,4.503658551974341,34.5,6.0
0.0,3.9442007243349284,32.0,5.0
0.0,3.040629466577289,30.0,6.0
0.0,3.110474435937549,28.0,6.0
0.0,4.212479944466066,34.0,6.0
0.0,5.435956655280291,35.0,9.0
0.0,2.980488832001332,26.0,9.0
0.0,1.3112380952380958,21.0,9.0
0.0,1.188601082251083,24.0,11.0
0.0,2.890577777777778,23.0,7.0
0.0,2.056937698412698,23.0,6.0
0.0,1.694816666666666,22.0,5.0
0.0,2.7202322738664857,27.0,4.0
0.0,3.4406789321789306,30.0,4.0
0.0,2.6541710317460314,25.0,7.0
0.0,3.2801113840306555,29.0,8.0
0.0,3.2801113840306555,29.0,8.0
0.0,3.4766245999123466,29.0,9.0
0.0,3.6099705459043383,29.0,7.0
0.0,3.0596097716009494,26.0,4.0
0.0,1.8157341269841256,25.0,4.0
0.0,3.299629437229437,26.0,6.0
0.0,2.7202322738664857,27.0,4.0
0.0,3.0253364135864125,29.0,2.0
0.0,3.962104761904762,31.0,2.0
0.0,3.1009214285714295,34.0,3.0
0.0,4.870882936507938,34.0,4.0
0.0,3.837033333333332,32.0,4.0
0.0,3.377277469091899,31.0,6.0
0.0,5.2840141413520225,35.0,7.0
0.0,4.623040031446693,35.0,6.0
0.0,3.775915530915238,32.0,7.0
0.0,4.1647732738034575,33.0,8.0
0.0,4.559009668243971,34.0,8.0
0.0,3.2003658863299838,30.0,8.0
0.0,3.4303447251278123,29.0,8.5
0.0,2.9912577416048016,29.0,11.0
0.0,4.060248048205252,33.0,9.0
0.0,3.1055287091887247,30.0,9.0
0.0,4.039758847310535,32.0,8.0
0.0,4.039758847310535,32.0,8.0
0.0,3.327484581094781,30.0,7.0
0.0,3.469945937395937,32.0,3.0
0.0,3.5896888888888885,32.0,1.0
0.0,3.391900000000004,31.0,1.0
0.0,3.1009214285714295,34.0,3.0
0.0,3.7873727439227425,33.0,4.0
0.0,4.427607540494422,34.0,5.0
0.0,4.623040031446693,35.0,6.0
0.0,4.212479944466066,34.0,6.0
0.0,3.6099705459043383,29.0,7.0
0.0,2.529395114768347,28.0,10.0
0.0,3.579493289352214,31.0,9.0
0.0,5.452487078540986,34.0,9.0
0.0,4.1647732738034575,33.0,8.0
0.0,5.435956655280291,35.0,9.0
0.0,3.052502654536608,31.0,10.0
0.0,3.579493289352214,31.0,9.0
0.0,3.4766245999123466,29.0,9.0
0.0,3.52657730025603,31.0,8.0
0.0,4.039758847310535,32.0,8.0
0.0,4.933216811298396,34.0,11.0
0.0,5.321904447693234,35.0,10.0
0.0,4.933216811298396,34.0,11.0
0.0,4.160419930601922,35.0,8.0
0.0,5.6666328207611105,37.0,8.0
0.0,3.871718822843822,32.0,8.5
0.0,3.579493289352214,31.0,9.0
0.0,4.846008488288955,33.0,11.0
0.0,4.670146039375533,35.0,13.0
0.0,4.670146039375533,35.0,13.0
0.0,6.708454185123205,36.0,13.0
0.0,6.111302689728535,36.0,10.0
0.0,5.2840141413520225,35.0,7.0
0.0,3.8370434569561285,33.0,7.0
0.0,4.27589186469114,32.0,11.0
0.0,4.3739142135642135,32.0,15.0
0.0,4.05159278452484,32.0,9.0
0.0,3.118338699042645,30.0,10.0
0.0,4.05159278452484,32.0,9.0
0.0,3.5775136337896316,32.0,6.0
0.0,3.377277469091899,31.0,6.0
0.0,3.775915530915238,32.0,7.0
0.0,4.1647732738034575,33.0,8.0
0.0,4.559009668243971,34.0,8.0
0.0,4.160419930601922,35.0,8.0
0.0,4.559009668243971,34.0,8.0
0.0,4.160419930601922,35.0,8.0
0.0,5.6666328207611105,37.0,8.0
0.0,6.946015291816089,37.0,10.0
0.0,6.111302689728535,36.0,10.0
0.0,4.559009668243971,34.0,8.0
0.0,4.039758847310535,32.0,8.0
0.0,4.1647732738034575,33.0,8.0
0.0,3.6099705459043383,29.0,7.0
0.0,3.775915530915238,32.0,7.0
0.0,5.300649818563791,36.0,8.0
0.0,6.145232564002319,36.0,9.0
0.0,5.452487078540986,34.0,9.0
0.0,5.055095361344786,34.0,12.0
0.0,3.959429033365041,33.0,13.0
0.0,3.3116796492980707,32.0,13.0
0.0,3.831177197802199,31.0,13.5
0.0,4.339513694335719,32.0,14.0
0.0,4.27589186469114,32.0,11.0
0.0,3.0546987286577,30.0,12.0
0.0,2.8255429473304474,31.0,13.0
0.0,2.8255429473304474,31.0,13.0
0.0,5.086035918625203,33.0,14.0
0.0,5.0023327922077945,33.0,14.5
0.0,4.844727948961775,34.0,15.0
0.0,4.339513694335719,32.0,14.0
0.0,3.56449794389477,32.0,16.0
0.0,5.086035918625203,33.0,14.0
0.0,4.018558786354195,32.0,10.0
0.0,3.052502654536608,31.0,10.0
0.0,3.579493289352214,31.0,9.0
0.0,4.1647732738034575,33.0,8.0
0.0,6.145232564002319,36.0,9.0
0.0,4.933216811298396,34.0,11.0
0.0,4.9615926561901365,34.0,14.0
0.0,5.081072623811221,34.0,16.0
0.0,4.670146039375533,35.0,13.0
0.0,6.145437994250119,36.0,11.0
0.0,7.7998361043396445,38.0,11.0
0.0,,,11.0
,,40.0,
0.0,9.040851368076373,39.0,11.0
0.0,8.199156746031749,41.0,13.0
0.0,8.274000877629584,38.0,12.0
0.0,7.909863045704437,38.0,15.0
0.0,7.3833159746303,37.0,13.0
0.0,8.124461060262771,38.0,13.0
0.0,10.611103643578645,41.0,15.0
0.0,9.186104632363753,39.0,16.0
0.0,9.442647509293563,39.0,18.0
0.0,6.698510645974202,37.0,22.0
0.0,6.698510645974202,37.0,22.0
0.0,9.442647509293563,39.0,18.0
0.0,9.202687186764308,39.0,17.0
0.0,8.352323100244485,38.0,18.0
0.0,9.080873516796588,38.0,20.0
0.0,7.852693675988747,38.0,21.0
0.0,6.698510645974202,37.0,22.0
0.0,9.391670368603705,40.0,22.0
0.0,7.641604956154957,38.0,22.0
0.0,6.995536904761902,37.0,22.5
0.0,5.694139861948023,36.0,22.0
0.0,6.213022010503032,36.0,20.0
0.0,8.60013315170811,38.0,16.0
0.0,7.6574636469657715,37.0,16.0
0.0,7.909863045704437,38.0,15.0
0.0,7.406279126429129,38.0,17.0
0.0,4.7661408359786055,35.0,20.0
0.0,4.403228319904399,34.0,25.0
0.0,7.641604956154957,38.0,22.0
2.0,9.105249999999998,41.0,23.0
1.0,6.256427172827174,38.0,25.0
0.0,8.648882389602463,39.0,24.0
0.0,8.648882389602463,39.0,24.0
0.0,8.648882389602463,39.0,24.0
0.0,9.463141297866219,40.0,23.0
0.0,9.867659007659011,41.0,23.0
1.0,9.841148809523803,42.0,23.5
0.0,8.29400073566416,39.0,23.0
9.5,5.667000000000002,39.0,23.0
1.0,5.9709202685536305,38.0,23.0
0.0,6.049249933399933,38.0,22.5
1.5,5.702824957300122,38.0,23.0
0.0,7.053357913867189,38.0,24.0
0.0,9.463141297866219,40.0,23.0
0.0,9.867659007659011,41.0,23.0
0.0,9.743127357025497,41.0,24.0
0.0,8.648882389602463,39.0,24.0
0.0,9.743127357025497,41.0,24.0
0.0,9.611143676986924,40.0,24.0
0.0,8.648882389602463,39.0,24.0
0.0,9.697846121933617,40.0,26.0
0.0,9.611143676986924,40.0,24.0
0.0,9.463141297866219,40.0,23.0
0.0,5.953031992849211,37.0,23.0
0.0,7.275657328480174,38.0,25.0
0.0,9.743127357025497,41.0,24.0
0.0,7.120714285714286,39.0,26.0
9.0,5.659000000000005,37.0,24.0
8.0,6.6890000000000045,37.0,24.0
30.0,8.512748245614041,38.0,23.0
0.0,5.694139861948023,36.0,22.0
4.5,5.06028014705882,36.0,23.5
0.0,4.403228319904399,34.0,25.0
1.5,4.431900000000001,34.0,25.0
0.0,4.403228319904399,34.0,25.0
11.0,6.120000000000004,34.0,25.0
0.0,4.407105451819422,32.0,25.0
0.0,4.416783322943347,34.0,24.0
0.0,5.844850058219545,36.0,24.0
17.0,3.1429999999999993,32.0,25.5
3.0,1.7959666666666647,32.0,23.0
0.0,4.416783322943347,34.0,24.0
0.0,4.973794627622233,35.0,25.0
2.5,5.6659333333333395,36.0,25.0
0.0,4.291658208050968,34.0,23.0
0.0,4.875732354397967,35.0,23.0
21.5,6.867199999999993,37.0,26.0
9.0,3.9838952380952373,34.0,23.0
73.0,5.871999999999999,33.0,23.0
0.0,3.846233484842383,33.0,23.0
0.0,5.098277522789198,35.0,22.0
19.0,5.3101666666666665,36.0,25.0
1.0,3.345663997113996,33.0,23.5
80.5,5.714000000000002,33.0,24.5
0.0,4.611146783493878,34.0,22.0
0.0,5.694139861948023,36.0,22.0
0.0,6.825145113200474,37.0,24.0
43.0,8.501,39.0,24.0
6.0,3.13295,32.0,22.0
1.0,4.5263416666666645,35.0,23.0
0.0,3.2474423659673666,33.0,25.0
31.0,6.289266666666666,34.0,24.5
0.0,3.81701079835384,33.0,22.0
0.0,4.611146783493878,34.0,22.0
0.0,4.875732354397967,35.0,23.0
0.0,3.4527580446514263,32.0,24.0
8.0,4.912999999999996,34.0,24.0
0.0,4.291658208050968,34.0,23.0
16.0,5.92715,35.0,23.0
0.0,3.1016617714596104,31.0,23.0
12.5,4.691133333333337,33.0,25.0
3.0,1.4910000000000005,29.0,23.5
0.0,3.5937543238048106,32.0,23.0
6.0,3.1074999999999955,33.0,23.0
0.0,2.717653879453879,30.0,23.0
0.0,3.779913761190116,33.0,24.0
0.0,3.846233484842383,33.0,23.0
0.0,4.664728499560146,34.0,23.5
37.0,5.136000000000003,35.0,25.0
26.5,5.812999999999999,34.0,22.0
0.0,3.7142251710549075,32.0,22.0
0.0,4.611146783493878,34.0,22.0
20.0,3.453499999999998,31.0,23.0
5.0,2.616749999999998,31.0,24.0
1.0,3.4124333333333356,30.0,24.0
2.5,2.716916666666667,30.0,24.0
12.0,2.3089166666666676,32.0,24.0
2.0,3.7131666666666616,32.0,24.0
63.0,6.969999999999992,32.0,25.0
3.5,1.9180000000000001,28.0,23.0
7.0,1.5903333333333343,30.0,23.0
0.0,4.48064880087233,31.0,22.0
0.0,3.5937543238048106,32.0,23.0
0.0,3.846233484842383,33.0,23.0
0.0,2.6064202380952377,30.0,24.0
0.0,3.4527580446514263,32.0,24.0
0.0,3.0204515873015847,30.0,25.0
3.0,3.830500000000003,33.0,25.0
32.5,6.225000000000006,34.0,22.0
0.0,4.611146783493878,34.0,22.0
0.0,2.717653879453879,30.0,23.0
0.0,2.6955999999999976,29.0,25.0
68.0,4.215000000000004,29.0,24.0
30.0,3.3680000000000008,29.0,24.0
0.0,4.48064880087233,31.0,22.0
0.0,3.5937543238048106,32.0,23.0
0.0,4.0986722222222225,32.0,20.0
0.0,4.425510635198134,33.0,19.0
0.0,3.7142251710549075,32.0,22.0
0.0,1.84466666666667,29.0,22.0
0.0,4.611146783493878,34.0,22.0
0.0,4.291658208050968,34.0,23.0
0.0,3.4527580446514263,32.0,24.0
0.0,3.846233484842383,33.0,23.0
0.0,4.548779413594626,34.0,22.5
0.0,3.779913761190116,33.0,24.0
0.0,4.291658208050968,34.0,23.0
0.0,4.611146783493878,34.0,22.0
0.0,4.611146783493878,34.0,22.0
0.0,5.953031992849211,37.0,23.0
0.0,5.694139861948023,36.0,22.0
0.0,6.498882209663804,37.0,21.0
0.0,6.698510645974202,37.0,22.0
0.0,6.825145113200474,37.0,24.0
1.5,4.941688095238094,35.0,23.0
0.0,5.0088366584839505,35.0,24.0
6.5,5.18383333333333,36.0,22.0
0.0,4.611146783493878,34.0,22.0
0.0,4.119345221121135,34.0,20.0
0.0,5.7380670773139695,36.0,18.0
0.0,4.23399938842547,34.0,17.0
0.0,5.739058753649565,34.0,19.0
0.0,3.9929282099359598,33.0,21.0
0.0,4.755155011435458,35.0,21.0
0.0,5.694139861948023,36.0,22.0
0.0,5.157584842848192,35.0,17.0
0.0,4.844727948961775,34.0,15.0
0.0,7.367937944801364,36.0,14.0
0.0,4.9615926561901365,34.0,14.0
0.0,5.086035918625203,33.0,14.0
0.0,3.9929282099359598,33.0,21.0
0.0,4.844727948961775,34.0,15.0
0.0,2.8255429473304474,31.0,13.0
0.0,3.4804301226551204,29.0,13.0
0.0,3.0546987286577,30.0,12.0
0.0,3.0546987286577,30.0,12.0
0.0,3.6567809523809536,30.0,15.0
6.5,2.7784747474747498,32.0,19.0
0.0,4.3663661664845,34.0,18.0
0.0,5.081072623811221,34.0,16.0
0.0,4.9615926561901365,34.0,14.0
0.0,5.298161344781885,34.0,13.0
0.0,6.708454185123205,36.0,13.0
0.0,4.670146039375533,35.0,13.0
0.0,6.179343186329533,36.0,12.0
0.0,6.708454185123205,36.0,13.0
0.0,5.298161344781885,34.0,13.0
0.0,4.670146039375533,35.0,13.0
0.0,4.871263793931407,33.0,10.0
0.0,6.579971188452072,37.0,9.0
0.0,6.111302689728535,36.0,10.0
0.0,6.152967971802493,37.0,11.0
0.0,5.055095361344786,34.0,12.0
0.0,6.179343186329533,36.0,12.0
0.0,5.055095361344786,34.0,12.0
0.0,3.19850476698604,31.0,12.0
0.0,3.4804301226551204,29.0,13.0
0.0,4.339513694335719,32.0,14.0
0.0,3.0546987286577,30.0,12.0
0.0,5.495071725763821,35.0,11.0
0.0,2.7987842216349175,29.0,12.0
0.0,4.314197363715256,33.0,12.0
0.0,5.055095361344786,34.0,12.0
0.0,2.7568088189588194,30.0,13.0
0.0,3.118338699042645,30.0,10.0
0.0,3.775915530915238,32.0,7.0
0.0,3.5775136337896316,32.0,6.0
0.0,2.853105412601824,29.0,6.0
33.5,2.8930000000000002,22.0,13.0
8.0,1.7440000000000009,26.0,10.0
0.0,2.278514699530738,26.0,8.0
0.0,2.4482568417589574,27.0,7.0
0.0,2.476371380958224,26.0,7.0
0.0,2.278514699530738,26.0,8.0
0.0,3.4804301226551204,29.0,13.0
0.0,3.0164626984127,26.0,13.0
0.0,2.9912577416048016,29.0,11.0
0.0,3.4766245999123466,29.0,9.0
0.0,4.559009668243971,34.0,8.0
0.0,3.52657730025603,31.0,8.0
0.0,5.28218639138639,31.0,11.5
0.0,3.19850476698604,31.0,12.0
0.0,3.052502654536608,31.0,10.0
0.0,2.529395114768347,28.0,10.0
0.0,3.0546987286577,30.0,12.0
0.0,3.0468611111111117,28.0,13.0
0.0,2.7568088189588194,30.0,13.0
0.0,3.4766245999123466,29.0,9.0
0.0,3.0851060049171455,28.0,8.0
0.0,3.70183198051948,29.0,5.5
0.0,3.5728595485611736,29.0,5.0
0.0,3.9442007243349284,32.0,5.0
0.0,3.040629466577289,30.0,6.0
0.0,3.8887187982577625,31.0,5.0
0.0,3.9442007243349284,32.0,5.0
0.0,2.6918719486395957,28.0,5.0
0.0,2.537242974088175,25.5,8.0
0.0,3.2003658863299838,30.0,8.0
0.0,3.040629466577289,30.0,6.0
0.0,3.9442007243349284,32.0,5.0
0.0,3.377277469091899,31.0,6.0
0.0,3.9442007243349284,32.0,5.0
0.0,3.0851060049171455,28.0,8.0
0.0,4.039758847310535,32.0,8.0
0.0,3.52657730025603,31.0,8.0
0.0,4.039758847310535,32.0,8.0
0.0,3.7983215758140068,31.0,7.0
0.0,2.5275281581378715,27.0,8.0
0.0,1.3112380952380958,21.0,9.0
0.0,3.1739000000000006,20.0,1.0
0.0,2.7926666666666655,23.0,1.0
0.0,3.4977555555555546,25.0,2.0
0.0,3.4977555555555546,25.0,2.0
0.0,2.595119047619049,25.0,0.0
0.0,2.5206666666666693,26.0,0.0
0.0,3.1761818181818144,27.0,1.0
0.0,3.401410409035409,28.0,4.0
0.0,3.4406789321789306,30.0,4.0
0.0,3.377277469091899,31.0,6.0
0.0,1.4745000000000013,20.0,10.0
16.5,1.8990000000000011,23.0,15.0
10.0,1.369,26.0,10.0
0.0,2.529395114768347,28.0,10.0
0.0,3.2801113840306555,29.0,8.0
0.0,3.1055287091887247,30.0,9.0
0.0,3.7983215758140068,31.0,7.0
0.0,3.775915530915238,32.0,7.0
0.0,3.775915530915238,32.0,7.0
0.0,3.775915530915238,32.0,7.0
0.0,4.212479944466066,34.0,6.0
0.0,3.110474435937549,28.0,6.0
0.0,2.4482568417589574,27.0,7.0
0.0,2.6541710317460314,25.0,7.0
0.0,2.354333333333334,25.0,14.0
0.0,2.273421042455137,27.0,10.0
0.0,3.4766245999123466,29.0,9.0
0.0,3.5031818542568534,30.0,9.5
0.0,2.9912577416048016,29.0,11.0
0.0,2.7568088189588194,30.0,13.0
0.0,3.052502654536608,31.0,10.0
0.0,2.5633952380952376,25.0,10.0
0.0,4.018558786354195,32.0,10.0
0.0,4.559009668243971,34.0,8.0
0.0,3.2003658863299838,30.0,8.0
0.0,3.0851060049171455,28.0,8.0
0.0,3.080273196248198,27.0,5.0
0.0,2.853105412601824,29.0,6.0
0.0,4.212479944466066,34.0,6.0
0.0,4.623040031446693,35.0,6.0
0.0,4.039758847310535,32.0,8.0
0.0,2.343298484848486,26.0,11.0
0.0,3.768016666666668,24.0,7.0
0.0,2.5816932809966113,27.5,4.0
0.0,4.121466666666668,21.0,4.0
0.0,3.5775136337896316,32.0,6.0
0.0,3.8370434569561285,33.0,7.0
0.0,3.9442007243349284,32.0,5.0
0.0,4.999073183760681,29.5,4.0
0.0,3.0596097716009494,26.0,4.0
0.0,3.115852681142389,27.0,3.0
0.0,3.115852681142389,27.0,3.0
0.0,3.4962738095238097,28.0,3.0
0.0,3.655281716231824,33.0,6.0
0.0,4.427607540494422,34.0,5.0
0.0,7.624000000000004,39.0,6.0
0.0,5.6666328207611105,37.0,8.0
0.0,4.559009668243971,34.0,8.0
0.0,4.160419930601922,35.0,8.0
0.0,6.111302689728535,36.0,10.0
0.0,7.4077041114986795,38.0,10.0
0.0,5.495071725763821,35.0,11.0
0.0,5.055095361344786,34.0,12.0
0.0,5.321904447693234,35.0,10.0
0.0,5.321904447693234,35.0,10.0
0.0,5.482939304402774,34.0,10.0
0.0,6.579971188452072,37.0,9.0
0.0,6.946015291816089,37.0,10.0
0.0,7.4077041114986795,38.0,10.0
0.0,8.124461060262771,38.0,13.0
0.0,7.304537949574011,37.0,12.0
0.0,6.145437994250119,36.0,11.0
0.0,4.27589186469114,32.0,11.0
0.0,5.086035918625203,33.0,14.0
0.0,5.298161344781885,34.0,13.0
0.0,4.339513694335719,32.0,14.0
0.0,3.343089545177045,30.0,14.0
0.0,4.3739142135642135,32.0,15.0
0.0,4.079663492063491,34.0,15.5
0.0,4.670146039375533,35.0,13.0
5.5,2.5269999999999984,26.0,13.0
0.0,1.5574333333333326,27.0,16.0
0.0,3.130968996689586,32.0,17.0
0.0,3.959429033365041,33.0,13.0
6.0,2.3446787878787876,29.0,13.0
32.5,3.1145166666666655,29.0,17.0
10.5,1.1449999999999994,22.0,15.0
0.0,3.0851060049171455,28.0,8.0
0.0,3.1055287091887247,30.0,9.0
0.0,3.0468611111111117,28.0,13.0
0.0,4.9615926561901365,34.0,14.0
0.0,5.298161344781885,34.0,13.0
0.0,4.933216811298396,34.0,11.0
0.0,4.05159278452484,32.0,9.0
0.0,3.2003658863299838,30.0,8.0
0.0,3.19850476698604,31.0,12.0
0.0,3.19850476698604,31.0,12.0
0.0,4.314197363715256,33.0,12.0
0.0,2.8255429473304474,31.0,13.0
0.0,4.350144859063591,35.0,16.0
0.0,6.145437994250119,36.0,11.0
0.0,6.145437994250119,36.0,11.0
0.0,5.495071725763821,35.0,11.0
0.0,6.179343186329533,36.0,12.0
0.0,7.3833159746303,37.0,13.0
0.0,4.797097580614331,35.0,12.0
0.0,2.8255429473304474,31.0,13.0
9.5,1.6159999999999994,28.0,16.0
0.5,1.6609571428571421,27.0,14.0
0.0,3.575943312466911,30.0,11.0
0.0,5.495071725763821,35.0,11.0
0.0,6.708454185123205,36.0,13.0
0.0,7.3833159746303,37.0,13.0
0.0,4.670146039375533,35.0,13.0
0.0,7.367937944801364,36.0,14.0
0.0,7.576795900096636,38.0,14.0
0.0,9.507414285714281,42.0,15.0
0.0,7.406279126429129,38.0,17.0
0.0,5.13271526765551,36.0,19.0
0.0,9.080873516796588,38.0,20.0
0.0,8.620519811270752,38.0,19.0
0.0,8.352323100244485,38.0,18.0
0.0,8.60013315170811,38.0,16.0
0.0,7.4273382556871335,37.0,18.0
0.0,4.991196975942874,35.0,19.0
0.0,5.157584842848192,35.0,17.0
0.0,6.981015059945424,37.0,15.0
0.0,8.774291508165035,39.0,14.0
0.0,9.251313980463982,40.0,16.0
0.0,9.979600747601323,40.0,18.0
0.0,10.322135790516672,40.0,19.0
0.0,7.7864374831290375,40.0,21.0
0.0,9.795374306249306,41.0,20.0
0.0,8.74196533980725,39.0,19.0
11.5,2.0770000000000013,29.0,20.0
0.0,7.096639189469801,37.0,17.0
0.0,8.352323100244485,38.0,18.0
0.0,7.406279126429129,38.0,17.0
0.0,8.641771345182427,39.0,15.0
0.0,8.774291508165035,39.0,14.0
0.0,9.979600747601323,40.0,18.0
0.0,9.223508333333328,41.0,19.0
0.0,7.7864374831290375,40.0,21.0
0.0,9.731463988788988,42.0,23.0
0.0,9.611143676986924,40.0,24.0
0.0,9.611143676986924,40.0,24.0
0.0,9.611143676986924,40.0,24.0
0.0,7.681373751545151,38.0,26.0
0.0,7.275657328480174,38.0,25.0
0.0,6.159893565838189,37.0,25.0
0.0,5.288376094028688,36.0,25.0
0.0,6.698510645974202,37.0,22.0
0.0,6.698510645974202,37.0,22.0
0.0,6.299592803321601,38.0,23.0
0.0,8.507828751803748,38.0,27.0
0.0,8.648882389602463,39.0,24.0
0.0,7.053357913867189,38.0,24.0
0.0,7.053357913867189,38.0,24.0
0.0,7.681373751545151,38.0,26.0
0.0,7.681373751545151,38.0,26.0
0.0,9.479555154176266,40.0,25.0
0.0,9.611143676986924,40.0,24.0
0.0,6.299592803321601,38.0,23.0
0.0,8.29400073566416,39.0,23.0
36.4,8.872666666666676,38.0,23.0
0.0,5.13271526765551,36.0,19.0
0.0,6.299592803321601,38.0,23.0
0.0,6.159893565838189,37.0,25.0
0.0,7.053357913867189,38.0,24.0
0.0,7.053357913867189,38.0,24.0
13.0,6.159499999999996,38.0,24.0
43.5,9.287000000000011,38.0,24.0
6.0,6.58199999999999,37.0,24.0
0.0,5.844850058219545,36.0,24.0
1.5,4.983160606060602,36.0,25.0
0.0,4.110201948051948,33.0,26.0
0.0,4.376817307692301,34.0,26.0
0.0,4.407105451819422,32.0,25.0
55.5,8.802000000000003,37.0,25.0
0.0,4.416783322943347,34.0,24.0
21.0,5.230000000000003,34.0,24.0
0.0,4.611146783493878,34.0,22.0
5.5,5.1313999999999975,37.0,22.5
5.0,1.9091309523809539,34.0,23.0
0.0,4.875732354397967,35.0,23.0
0.0,6.825145113200474,37.0,24.0
0.7,5.543461410040542,36.0,24.0
0.0,5.0088366584839505,35.0,24.0
78.0,9.164000000000005,37.0,25.0
0.0,4.611146783493878,34.0,22.0
22.5,5.592,34.0,21.0
0.0,3.9929282099359598,33.0,21.0
0.0,4.853148189291241,34.0,21.0
16.5,5.005333333333338,35.0,24.0
0.0,4.611146783493878,34.0,22.0
0.0,5.2083164086106395,36.0,23.0
26.0,5.5239999999999965,35.0,23.0
0.0,4.875732354397967,35.0,23.0
9.0,5.637149999999999,36.0,23.0
1.0,3.859572802197803,33.0,22.0
1.5,4.941688095238094,35.0,23.0
5.5,3.7632499999999958,33.0,23.0
0.0,4.611146783493878,34.0,22.0
2.5,7.394783333333331,35.0,23.0
0.0,4.875732354397967,35.0,23.0
0.0,5.844850058219545,36.0,24.0
8.5,5.586000000000007,37.0,24.0
0.0,3.2474423659673666,33.0,25.0
12.5,4.691133333333337,33.0,25.0
0.0,3.7142251710549075,32.0,22.0
4.5,3.305250000000001,33.0,23.0
0.0,3.846233484842383,33.0,23.0
0.0,5.0088366584839505,35.0,24.0
0.0,5.288376094028688,36.0,25.0
0.0,5.288376094028688,36.0,25.0
0.0,4.403228319904399,34.0,25.0
0.0,7.502148972548777,37.0,26.0
12.5,2.4979999999999962,35.0,25.0
0.0,3.846233484842383,33.0,23.0
0.0,3.1016617714596104,31.0,23.0
0.0,4.875732354397967,35.0,23.0
0.0,5.953031992849211,37.0,23.0
7.5,5.069249999999994,36.0,23.0
46.5,7.126999999999998,35.0,23.0
0.0,3.9929282099359598,33.0,21.0
0.0,4.755155011435458,35.0,21.0
0.0,5.844850058219545,36.0,24.0
12.0,5.401000000000002,37.0,25.0
0.0,5.0088366584839505,35.0,24.0
0.0,5.0088366584839505,35.0,24.0
0.0,4.875732354397967,35.0,23.0
0.0,4.611146783493878,34.0,22.0
0.0,5.694139861948023,36.0,22.0
0.0,3.5937543238048106,32.0,23.0
0.0,4.291658208050968,34.0,23.0
0.0,3.5937543238048106,32.0,23.0
2.5,3.7451333333333325,33.0,24.0
0.0,4.416783322943347,34.0,24.0
11.5,6.580999999999997,36.0,24.0
0.0,4.875732354397967,35.0,23.0
41.5,8.129999999999999,34.0,23.0
0.0,3.846233484842383,33.0,23.0
3.0,3.4452000000000003,34.0,24.0
0.0,3.846233484842383,33.0,23.0
0.0,4.291658208050968,34.0,23.0
0.0,5.0088366584839505,35.0,24.0
0.0,4.973794627622233,35.0,25.0
16.5,5.8838833333333325,35.0,23.0
0.0,3.5937543238048106,32.0,23.0
0.0,4.291658208050968,34.0,23.0
11.5,3.805999999999995,35.0,25.0
0.0,5.102423304473304,36.0,26.0
0.0,5.102423304473304,36.0,26.0
9.0,7.017899999999998,36.0,26.0
0.0,5.102423304473304,36.0,26.0
11.5,4.455999999999996,35.0,27.0
18.0,3.722,32.0,25.0
1.5,1.332999999999999,29.0,23.0
24.0,2.565999999999999,28.0,24.0
2.5,0.8876000000000005,28.0,24.0
0.0,3.5937543238048106,32.0,23.0
0.0,4.416783322943347,34.0,24.0
0.0,5.0088366584839505,35.0,24.0
0.0,4.403228319904399,34.0,25.0
0.0,4.416783322943347,34.0,24.0
0.0,5.0088366584839505,35.0,24.0
0.0,5.2083164086106395,36.0,23.0
0.0,5.844850058219545,36.0,24.0
0.0,4.875732354397967,35.0,23.0
0.0,5.0088366584839505,35.0,24.0
0.0,4.875732354397967,35.0,23.0
0.0,4.755155011435458,35.0,21.0
1.0,4.750164743125809,35.0,20.0
0.0,5.13271526765551,36.0,19.0
0.0,7.182214548171125,37.0,19.0
0.0,4.119345221121135,34.0,20.0
0.0,1.84466666666667,29.0,22.0
0.0,3.0204515873015847,30.0,25.0
0.0,7.406279126429129,38.0,17.0
0.0,8.774291508165035,39.0,14.0
0.0,7.576795900096636,38.0,14.0
0.0,7.681373751545151,38.0,26.0
0.0,5.2083164086106395,36.0,23.0
0.0,4.875732354397967,35.0,23.0
0.0,5.418306441239183,35.0,15.0
0.0,4.350144859063591,35.0,16.0
0.0,5.436975325499805,35.0,14.0
0.0,5.418306441239183,35.0,15.0
18.0,6.650999999999998,34.0,15.0
0.0,5.157584842848192,35.0,17.0
7.5,4.248101062869518,35.0,18.0
0.0,2.270047619047622,30.0,20.0
0.0,4.748215079365077,29.0,17.0
0.0,4.402394309087884,32.0,18.0
0.0,4.3329183144512875,33.0,17.0
0.0,3.8249287851037854,29.0,16.0
0.0,4.797097580614331,35.0,12.0
0.0,7.304537949574011,37.0,12.0
0.0,6.708454185123205,36.0,13.0
0.0,5.436975325499805,35.0,14.0
0.0,4.350144859063591,35.0,16.0
0.0,5.157584842848192,35.0,17.0
0.0,3.130968996689586,32.0,17.0
0.0,2.3757833333333336,27.0,17.0
0.0,4.3739142135642135,32.0,15.0
0.0,5.081072623811221,34.0,16.0
0.0,4.844727948961775,34.0,15.0
38.0,3.6949999999999985,30.0,15.0
46.0,4.349000000000006,27.0,21.0
0.0,1.7202000000000006,24.0,17.0
0.0,4.185902380952381,29.0,15.0
0.0,3.0546987286577,30.0,12.0
0.0,4.018558786354195,32.0,10.0
0.0,4.871263793931407,33.0,10.0
0.0,4.039758847310535,32.0,8.0
0.0,5.292681011010129,34.0,7.0
0.0,3.775915530915238,32.0,7.0
0.0,4.039758847310535,32.0,8.0
0.0,4.05159278452484,32.0,9.0
0.0,4.05159278452484,32.0,9.0
0.0,3.7683640436192167,34.0,9.5
0.0,5.321904447693234,35.0,10.0
0.0,5.055095361344786,34.0,12.0
0.0,3.4804301226551204,29.0,13.0
0.0,3.945287839937841,28.0,14.0
0.0,3.4010430118256334,29.0,10.0
0.0,3.4766245999123466,29.0,9.0
10.0,2.293,24.0,9.0
0.0,2.52007857142857,26.0,16.0
0.0,2.340216666666669,24.0,9.0
0.0,3.2801113840306555,29.0,8.0
0.0,3.0851060049171455,28.0,8.0
0.0,3.4804301226551204,29.0,13.0
0.0,3.0468611111111117,28.0,13.0
0.0,3.4804301226551204,29.0,13.0
0.0,3.4010430118256334,29.0,10.0
0.0,2.8437522005772014,25.0,8.0
0.0,2.238135714285713,22.0,1.0
0.0,2.340999999999998,21.0,1.0
0.0,1.5160833333333334,22.0,-3.0
0.0,2.9611818181818177,27.0,-3.0
0.0,2.7089000000000034,31.0,-2.0
0.0,3.391900000000004,31.0,1.0
0.0,3.4974878352856305,31.0,3.0
0.0,3.5775136337896316,32.0,6.0
31.5,3.4437499999999983,26.0,6.0
1.0,2.3729030171926455,28.0,7.0
0.0,1.7353293956043965,25.0,11.0
24.0,2.256,22.0,11.0
0.0,1.8133047619047615,23.0,13.0
0.0,2.6541710317460314,25.0,7.0
0.0,4.1647732738034575,33.0,8.0
0.0,2.0088833333333334,23.0,9.0
0.0,2.8226892857142873,25.0,5.5
0.0,2.801713359007357,27.0,6.0
0.0,2.470848687423687,25.0,5.0
0.0,3.080273196248198,27.0,5.0
0.0,3.52657730025603,31.0,8.0
0.0,4.039758847310535,32.0,8.0
0.0,4.039758847310535,32.0,8.0
0.0,2.273421042455137,27.0,10.0
0.0,3.4010430118256334,29.0,10.0
0.0,2.529395114768347,28.0,10.0
0.0,2.6073215367965368,26.0,12.0
0.0,1.5187530663780657,25.0,6.0
0.0,1.5187530663780657,25.0,6.0
0.0,3.5728595485611736,29.0,5.0
0.0,2.853105412601824,29.0,6.0
0.0,2.853105412601824,29.0,6.0
0.0,3.2829531934960166,29.0,4.0
0.0,3.2829531934960166,29.0,4.0
0.0,3.2829531934960166,29.0,4.0
0.0,3.401410409035409,28.0,4.0
0.0,3.4974878352856305,31.0,3.0
0.0,4.322392857142859,32.0,2.5
0.0,3.837033333333332,32.0,4.0
0.0,3.5775136337896316,32.0,6.0
0.0,3.327484581094781,30.0,7.0
0.0,2.476371380958224,26.0,7.0
0.0,2.5275281581378715,27.0,8.0
0.0,3.579493289352214,31.0,9.0
0.0,3.579493289352214,31.0,9.0
0.0,3.4766245999123466,29.0,9.0
0.0,4.1647732738034575,33.0,8.0
0.0,3.377277469091899,31.0,6.0
0.0,3.655281716231824,33.0,6.0
0.0,3.775915530915238,32.0,7.0
0.0,2.433583649541892,28.0,11.0
0.0,2.8313985708735703,27.0,11.0
10.0,2.293,24.0,9.0
0.0,2.801713359007357,27.0,6.0
0.0,3.040629466577289,30.0,6.0
12.5,2.0025999999999993,22.0,7.0
0.0,1.5187530663780657,25.0,6.0
0.0,2.801713359007357,27.0,6.0
0.0,3.040629466577289,30.0,6.0
0.0,3.040629466577289,30.0,6.0
0.0,3.327484581094781,30.0,7.0
0.0,3.2801113840306555,29.0,8.0
0.0,3.6099705459043383,29.0,7.0
0.0,3.6099705459043383,29.0,7.0
0.5,2.2483999999999984,24.0,6.0
0.0,2.8313985708735703,27.0,11.0
1.5,2.2416333333333327,25.0,8.0
0.0,3.768016666666668,24.0,7.0
0.0,3.299629437229437,26.0,6.0
0.0,3.299629437229437,26.0,6.0
0.0,3.5728595485611736,29.0,5.0
0.0,3.8887187982577625,31.0,5.0
0.0,3.080273196248198,27.0,5.0
0.0,3.5775136337896316,32.0,6.0
0.0,5.658791269841272,37.0,6.0
9.0,2.368988878199616,31.0,6.0
0.0,2.980488832001332,26.0,9.0
0.0,2.801713359007357,27.0,6.0
0.0,2.853105412601824,29.0,6.0
0.0,3.8887187982577625,31.0,5.0
0.0,3.9442007243349284,32.0,5.0
0.0,3.377277469091899,31.0,6.0
0.0,3.775915530915238,32.0,7.0
0.0,3.52657730025603,31.0,8.0
0.0,2.4482568417589574,27.0,7.0
0.0,2.8437522005772014,25.0,8.0
0.0,2.433583649541892,28.0,11.0
0.0,3.2801113840306555,29.0,8.0
0.0,3.8370434569561285,33.0,7.0
0.0,4.039758847310535,32.0,8.0
0.0,4.05159278452484,32.0,9.0
0.0,3.0546987286577,30.0,12.0
0.0,2.7568088189588194,30.0,13.0
0.0,3.579493289352214,31.0,9.0
0.0,2.980488832001332,26.0,9.0
0.0,2.8129827187690193,28.0,7.0
0.0,3.327484581094781,30.0,7.0
0.0,4.039758847310535,32.0,8.0
0.0,5.452487078540986,34.0,9.0
0.0,4.018558786354195,32.0,10.0
0.0,4.846008488288955,33.0,11.0
0.0,7.4077041114986795,38.0,10.0
0.0,7.923768001443006,39.0,10.0
0.0,4.797097580614331,35.0,12.0
0.0,4.797097580614331,35.0,12.0
0.0,3.3116796492980707,32.0,13.0
0.0,4.314197363715256,33.0,12.0
0.0,4.314197363715256,33.0,12.0
0.0,3.118338699042645,30.0,10.0
0.0,2.1813234598734605,26.0,10.0
0.0,4.039758847310535,32.0,8.0
0.0,3.2003658863299838,30.0,8.0
0.0,4.039758847310535,32.0,8.0
0.0,5.452487078540986,34.0,9.0
0.0,4.05159278452484,32.0,9.0
0.0,3.052502654536608,31.0,10.0
0.0,3.0546987286577,30.0,12.0
0.0,5.055095361344786,34.0,12.0
0.0,6.111302689728535,36.0,10.0
0.0,6.579971188452072,37.0,9.0
0.0,5.495071725763821,35.0,11.0
0.0,6.922899762737262,35.0,10.5
0.0,3.1224674722250585,32.0,12.0
0.0,5.081072623811221,34.0,16.0
0.0,4.9615926561901365,34.0,14.0
0.0,7.367937944801364,36.0,14.0
0.0,5.055095361344786,34.0,12.0
0.0,4.933216811298396,34.0,11.0
0.0,6.145232564002319,36.0,9.0
0.0,5.452487078540986,34.0,9.0
0.0,6.111302689728535,36.0,10.0
0.0,6.145437994250119,36.0,11.0
0.0,8.451242882057743,39.0,12.0
0.0,8.274000877629584,38.0,12.0
0.0,8.274000877629584,38.0,12.0
0.0,6.111302689728535,36.0,10.0
0.0,5.482939304402774,34.0,10.0
0.0,4.670146039375533,35.0,13.0
0.0,5.055095361344786,34.0,12.0
0.0,4.933216811298396,34.0,11.0
0.0,5.495071725763821,35.0,11.0
0.0,7.994197496539409,37.0,11.5
0.0,7.3833159746303,37.0,13.0
0.0,8.124461060262771,38.0,13.0
0.0,8.89903808252833,39.0,13.0
0.0,10.611103643578645,41.0,15.0
0.0,10.611103643578645,41.0,15.0
0.0,9.463857142857144,41.0,14.0
0.0,10.321955357142865,39.0,13.5
0.0,8.46420115717616,37.5,11.0
0.0,7.7998361043396445,38.0,11.0
0.0,6.981015059945424,37.0,15.0
0.0,7.909863045704437,38.0,15.0
0.0,7.576795900096636,38.0,14.0
0.0,8.124461060262771,38.0,13.0
0.0,9.792431564513919,40.0,13.0
0.0,9.905142857142852,43.0,13.0
0.0,9.186104632363753,39.0,16.0
0.0,9.442647509293563,39.0,18.0
0.0,9.442647509293563,39.0,18.0
0.0,9.442647509293563,39.0,18.0
0.0,10.322135790516672,40.0,19.0
0.0,4.991196975942874,35.0,19.0
0.0,9.348104287765898,39.0,21.0
0.0,,,18.0
0.0,,41.0,
0.0,10.611103643578645,41.0,15.0
0.0,,,15.0
0.0,,43.0,
0.0,9.507414285714281,42.0,15.0
0.0,9.172776301400699,40.0,17.0
0.0,10.851707539682543,42.0,19.0
0.0,4.536919642857142,36.0,19.5
0.0,7.852693675988747,38.0,21.0
0.0,5.2083164086106395,36.0,23.0
0.0,6.299592803321601,38.0,23.0
0.0,7.7864374831290375,40.0,21.0
0.0,9.854400000000014,42.0,21.0
0.0,10.483039646464652,41.0,18.0
0.0,8.496954133856349,39.5,19.0
0.0,8.74196533980725,39.0,19.0
0.0,6.299592803321601,38.0,23.0
0.0,9.611143676986924,40.0,24.0
0.0,10.353866666666674,43.0,24.0
0.0,11.127213095238096,42.0,24.0
0.0,9.891766666666667,41.0,26.5
0.0,9.06633333333334,46.0,21.0
0.0,10.090321367521362,40.5,21.0
0.0,8.150174603174603,41.0,21.0
0.0,9.463141297866219,40.0,23.0
0.0,9.19455886570445,39.0,25.0
0.0,8.763749999999995,40.0,27.0
0.0,9.918627697302698,40.5,26.0
0.0,9.466156854256859,41.0,25.5
0.0,9.995284523809524,41.5,27.0
2.0,8.359857142857146,40.0,28.0
0.0,5.639680158730157,36.0,27.0
0.0,5.639680158730157,36.0,27.0
0.0,8.718457142857154,40.0,29.0
0.0,6.142241666666672,37.0,28.5
0.0,5.639680158730157,36.0,27.0
8.5,6.339788095238094,37.0,27.0
0.1,7.053357913867189,38.0,24.0
19.5,6.706166666666668,38.0,25.5
5.3,5.390600000000004,34.0,24.0
13.3,2.920999999999999,35.0,25.0
0.0,5.953031992849211,37.0,23.0
0.0,3.846233484842383,33.0,23.0
0.0,9.479555154176266,40.0,25.0
0.0,10.346878571428574,41.0,26.0
0.0,10.346878571428574,41.0,26.0
33.5,10.513999999999992,43.0,26.0
5.5,4.4809999999999945,36.0,24.0
1.5,3.0923166666666675,30.0,24.0
0.0,3.2474423659673666,33.0,25.0
0.0,5.87074773469994,36.0,24.5
17.5,6.7421999999999995,37.0,26.0
0.0,4.291658208050968,34.0,23.0
59.0,9.118,37.0,23.0
0.0,2.717653879453879,30.0,23.0
10.5,4.3741666666666665,33.0,24.5
0.0,3.22350238095238,30.0,23.5
13.0,3.708983333333334,32.0,24.0
0.0,3.81701079835384,33.0,22.0
0.0,4.48064880087233,31.0,22.0
0.0,5.940668797993372,35.0,23.5
0.0,5.940668797993372,35.0,23.5
35.0,6.568999999999999,37.0,25.5
0.0,3.5937543238048106,32.0,23.0
0.5,2.4290583333333378,30.0,23.0
0.0,4.416783322943347,34.0,24.0
13.0,5.170000000000004,35.0,24.0
6.0,3.5299999999999994,33.0,24.0
0.0,5.208954008163605,33.0,24.5
1.0,3.7953451691282636,34.0,25.0
2.0,4.157727272727272,33.0,25.0
13.0,5.303750000000003,34.0,25.5
0.0,2.5119756500852093,31.0,24.0
3.0,2.605833333333334,32.0,24.0
0.0,4.611146783493878,34.0,22.0
1.5,4.7577231601731595,33.0,22.5
38.5,5.485999999999993,35.0,22.5
0.5,3.8621725798540463,33.0,22.0
0.0,3.9929282099359598,33.0,21.0
0.5,2.4861666666666675,30.0,21.0
0.0,3.779913761190116,33.0,24.0
0.0,4.403228319904399,34.0,25.0
18.5,4.545583333333337,33.0,25.5
1.0,3.3067500000000023,32.0,23.0
2.0,4.440816666666662,33.0,22.0
0.0,3.846233484842383,33.0,23.0
0.0,4.416783322943347,34.0,24.0
0.0,5.288376094028688,36.0,25.0
0.0,6.159893565838189,37.0,25.0
0.0,4.875732354397967,35.0,23.0
0.0,3.7142251710549075,32.0,22.0
4.0,5.387907142857142,34.0,23.5
30.5,4.77166666666667,33.0,24.5
0.0,3.846233484842383,33.0,23.0
27.0,5.484999999999997,35.0,23.0
0.0,3.846233484842383,33.0,23.0
0.0,4.875732354397967,35.0,23.0
0.5,4.559238824431874,36.0,24.0
15.0,5.6477999999999975,34.0,24.0
0.0,3.5937543238048106,32.0,23.0
102.0,8.681000000000006,27.0,23.0
63.5,5.519999999999999,29.0,23.0
0.0,3.81701079835384,33.0,22.0
0.0,5.694139861948023,36.0,22.0
14.0,6.006999999999992,36.0,25.0
15.0,4.648000000000005,32.0,24.0
19.0,3.546999999999997,31.0,23.0
0.0,3.846233484842383,33.0,23.0
0.0,5.208954008163605,33.0,24.5
0.0,4.403228319904399,34.0,25.0
0.0,4.4706541347541355,35.0,25.5
0.0,4.407932692307688,34.0,25.5
0.0,4.376817307692301,34.0,26.0
0.0,4.403228319904399,34.0,25.0
5.0,4.158333333333334,35.0,25.0
0.0,2.7046661421911424,32.0,24.5
1.5,2.7695748917748926,33.0,25.0
0.0,4.202298359973362,33.0,21.5
0.0,3.7142251710549075,32.0,22.0
0.0,2.8399845238095254,33.5,24.5
0.0,3.787951249066613,33.0,22.5
0.0,4.14289561688312,33.5,22.5
0.0,5.157908851437967,34.5,23.0
0.0,3.779913761190116,33.0,24.0
2.5,3.7451333333333325,33.0,24.0
0.0,3.779913761190116,33.0,24.0
0.0,4.416783322943347,34.0,24.0
0.0,5.0088366584839505,35.0,24.0
3.0,1.8850000000000011,29.0,25.0
5.0,2.616749999999998,31.0,24.0
0.0,3.5463625362907543,31.0,23.5
0.0,3.4292931966468334,33.0,23.5
0.0,4.416783322943347,34.0,24.0
0.0,3.5995108696858695,34.0,24.5
0.0,7.6293854341736695,36.0,22.5
0.0,4.337533333333333,35.5,20.5
0.0,9.299973722184248,38.0,19.5
0.0,9.080873516796588,38.0,20.0
0.0,8.358371428571427,36.0,18.5
0.0,7.597378641456584,36.0,17.5
0.0,7.4273382556871335,37.0,18.0
0.0,5.783247113090381,37.0,18.5
0.0,9.108244104132881,38.0,21.5
0.5,4.334471459756215,34.0,22.0
0.0,4.853148189291241,34.0,21.0
0.0,4.536919642857142,36.0,19.5
0.0,4.119345221121135,34.0,20.0
0.0,3.9929282099359598,33.0,21.0
1.5,4.2330833333333295,32.0,23.0
0.0,3.846233484842383,33.0,23.0
0.0,5.098277522789198,35.0,22.0
0.0,6.616128484930962,37.0,20.0
0.0,8.131670238095237,37.0,19.5
0.0,4.755155011435458,35.0,21.0
0.0,6.498882209663804,37.0,21.0
0.0,4.755155011435458,35.0,21.0
0.0,5.7811185555283915,36.0,21.0
0.0,5.13271526765551,36.0,19.0
0.0,4.461187301587304,35.5,19.0
0.0,4.425510635198134,33.0,19.0
0.0,4.363463569102043,33.0,15.0
0.0,4.9615926561901365,34.0,14.0
0.0,4.339513694335719,32.0,14.0
0.0,6.85701706349206,32.0,14.5
0.0,3.3116796492980707,32.0,13.0
0.0,3.3116796492980707,32.0,13.0
0.0,5.086035918625203,33.0,14.0
0.0,4.9615926561901365,34.0,14.0
0.0,5.086035918625203,33.0,14.0
0.0,4.844727948961775,34.0,15.0
0.0,4.670146039375533,35.0,13.0
0.0,3.4804301226551204,29.0,13.0
0.0,1.57920119047619,25.5,17.0
0.0,4.105349725437962,31.0,8.5
0.0,3.871718822843822,32.0,8.5
0.0,3.1224674722250585,32.0,12.0
0.0,4.314197363715256,33.0,12.0
0.0,3.959429033365041,33.0,13.0
0.0,4.933216811298396,34.0,11.0
0.0,4.933216811298396,34.0,11.0
0.0,4.797097580614331,35.0,12.0
0.0,4.933216811298396,34.0,11.0
0.0,4.933216811298396,34.0,11.0
0.0,5.495071725763821,35.0,11.0
0.1,5.91908233584441,36.0,10.5
0.0,6.111302689728535,36.0,10.0
0.0,4.797097580614331,35.0,12.0
0.0,3.959429033365041,33.0,13.0
0.3,3.151469047619049,31.5,13.5
0.0,5.28218639138639,31.0,11.5
0.0,5.592094688644688,34.0,10.5
0.0,4.586402329597647,33.0,10.5
0.0,3.1224674722250585,32.0,12.0
0.0,4.05159278452484,32.0,9.0
0.0,4.162972102897103,31.5,9.0
0.0,2.467429726121831,27.0,9.0
0.0,4.227151082251084,28.0,5.5
0.0,4.230613492063492,30.0,4.5
0.0,3.059452380952382,26.0,4.5
0.0,2.5874317460317475,24.0,4.5
0.0,2.595119047619049,25.0,0.0
0.0,3.523688888888888,32.0,0.0
0.0,3.837033333333332,32.0,4.0
0.0,5.292681011010129,34.0,7.0
0.0,3.871718822843822,32.0,8.5
0.0,4.871263793931407,33.0,10.0
0.0,2.7987842216349175,29.0,12.0
0.0,3.2801113840306555,29.0,8.0
0.0,3.8887187982577625,31.0,5.0
0.0,4.1532623015873025,33.0,4.5
0.0,3.7983215758140068,31.0,7.0
0.0,2.433583649541892,28.0,11.0
0.0,3.19850476698604,31.0,12.0
0.0,3.1224674722250585,32.0,12.0
0.0,3.52657730025603,31.0,8.0
0.0,3.9442007243349284,32.0,5.0
0.0,4.003196743534245,31.0,4.0
0.0,3.969214069264067,35.0,4.5
0.0,4.426987121212122,35.0,5.0
0.0,3.7873727439227425,33.0,4.0
0.0,4.003196743534245,31.0,4.0
0.0,2.6918719486395957,28.0,5.0
0.0,3.2003658863299838,30.0,8.0
0.0,3.4303447251278123,29.0,8.5
0.0,3.775915530915238,32.0,7.0
0.0,3.1009214285714295,34.0,3.0
0.0,3.1009214285714295,34.0,3.0
0.0,3.5078471907993958,33.0,5.0
0.0,3.9442007243349284,32.0,5.0
0.0,4.003196743534245,31.0,4.0
0.0,3.469945937395937,32.0,3.0
0.0,5.416966666666666,33.0,3.0
0.0,3.4406789321789306,30.0,4.0
0.0,3.4974878352856305,31.0,3.0
0.0,3.469945937395937,32.0,3.0
0.0,3.4974878352856305,31.0,3.0
0.0,4.230613492063492,30.0,4.5
0.0,2.9772577256077266,30.0,3.0
0.0,5.416966666666666,33.0,3.0
0.0,4.870882936507938,34.0,4.0
0.0,4.870882936507938,34.0,4.0
0.0,3.9442007243349284,32.0,5.0
0.0,3.8887187982577625,31.0,5.0
0.0,3.9319333333333315,35.0,4.0
0.0,2.755633333333332,37.0,3.0
0.0,3.1009214285714295,34.0,3.0
0.0,3.837033333333332,32.0,4.0
0.0,3.655281716231824,33.0,6.0
0.0,1.774746825396827,24.0,8.0
0.0,2.9611818181818177,27.0,-1.0
0.0,4.229570238095234,33.0,-1.0
0.0,2.5330619047619045,36.0,1.0
0.0,3.040629466577289,30.0,6.0
0.0,3.655281716231824,33.0,6.0
0.0,4.871263793931407,33.0,10.0
0.0,4.559009668243971,34.0,8.0
0.0,3.8370434569561285,33.0,7.0
0.0,3.8370434569561285,33.0,7.0
0.0,3.847230583288401,34.0,7.5
0.0,3.52657730025603,31.0,8.0
0.0,5.2840141413520225,35.0,7.0
0.0,3.775915530915238,32.0,7.0
0.0,4.039758847310535,32.0,8.0
0.0,5.421590404792146,36.0,7.0
0.0,6.401182972582973,36.0,6.5
0.0,4.658867118992117,36.0,8.5
0.0,4.871263793931407,33.0,10.0
0.0,3.9442007243349284,32.0,5.0
0.0,4.262118023643025,32.0,5.5
0.0,4.054209930639535,31.0,5.5
0.0,3.655281716231824,33.0,6.0
0.0,3.8370434569561285,33.0,7.0
0.0,4.559009668243971,34.0,8.0
0.0,5.452487078540986,34.0,9.0
0.0,5.452487078540986,34.0,9.0
0.0,6.145232564002319,36.0,9.0
0.0,2.5443148809523812,30.0,10.5
0.0,3.688706240981242,32.0,11.5
0.0,5.292681011010129,34.0,7.0
0.0,5.140897692585195,37.0,7.0
0.0,5.421590404792146,36.0,7.0
0.0,5.421590404792146,36.0,7.0
0.0,5.435956655280291,35.0,9.0
0.0,6.145232564002319,36.0,9.0
0.0,3.377277469091899,31.0,6.0
0.0,3.377277469091899,31.0,6.0
0.0,4.978572768897767,36.0,5.0
0.0,4.427607540494422,34.0,5.0
0.0,4.559009668243971,34.0,8.0
0.0,4.559009668243971,34.0,8.0
0.0,4.753172383949647,33.0,9.5
0.0,3.775915530915238,32.0,7.0
0.0,4.054209930639535,31.0,5.5
0.0,4.212479944466066,34.0,6.0
0.0,4.3684705759668585,32.0,7.5
0.0,2.853105412601824,29.0,6.0
0.0,2.801713359007357,27.0,6.0
0.0,3.9309045981795983,31.0,9.5
0.0,3.7683640436192167,34.0,9.5
0.0,6.565611633249797,37.0,9.5
0.0,6.946015291816089,37.0,10.0
0.0,6.111302689728535,36.0,10.0
0.0,5.228830415417916,36.0,6.0
0.0,5.658791269841272,37.0,6.0
0.0,5.140897692585195,37.0,7.0
0.0,4.933216811298396,34.0,11.0
0.0,2.343298484848486,26.0,11.0
0.0,3.52657730025603,31.0,8.0
0.0,4.658867118992117,36.0,8.5
0.0,5.482939304402774,34.0,10.0
0.0,3.19850476698604,31.0,12.0
0.0,2.7987842216349175,29.0,12.0
0.0,5.847886063863035,32.0,16.5
0.0,3.052502654536608,31.0,10.0
0.0,4.1647732738034575,33.0,8.0
0.0,4.160419930601922,35.0,8.0
0.0,4.630777597402596,36.0,7.5
0.0,7.304537949574011,37.0,12.0
0.0,7.304537949574011,37.0,12.0
0.0,8.124461060262771,38.0,13.0
0.0,7.3833159746303,37.0,13.0
0.0,7.923768001443006,39.0,10.0
0.0,7.4077041114986795,38.0,10.0
0.0,7.1910007936507965,36.0,11.5
0.0,6.145232564002319,36.0,9.0
0.0,5.775516541628307,35.0,8.5
0.0,5.421590404792146,36.0,7.0
0.0,5.140897692585195,37.0,7.0
0.0,9.039566666666666,40.0,10.0
0.0,8.618398015873016,40.0,11.0
0.0,8.780814782439784,40.5,12.0
0.0,9.039566666666666,40.0,10.0
0.0,6.579971188452072,37.0,9.0
0.0,6.946015291816089,37.0,10.0
0.0,6.7754789248220595,37.0,14.0
0.0,7.096639189469801,37.0,17.0
0.0,5.91908233584441,36.0,10.5
0.0,5.495071725763821,35.0,11.0
0.0,5.321904447693234,35.0,10.0
0.0,5.452487078540986,34.0,9.0
0.0,4.060248048205252,33.0,9.0
0.0,4.797097580614331,35.0,12.0
0.0,4.933216811298396,34.0,11.0
0.0,5.495071725763821,35.0,11.0
0.0,7.7998361043396445,38.0,11.0
0.0,4.891699634842283,34.5,10.0
0.0,6.336904329004328,37.0,13.5
0.0,9.625360274447784,38.0,14.5
0.0,7.304537949574011,37.0,12.0
0.0,7.304537949574011,37.0,12.0
0.0,8.274000877629584,38.0,12.0
0.0,7.576795900096636,38.0,14.0
0.0,7.909863045704437,38.0,15.0
0.0,6.7754789248220595,37.0,14.0
0.0,9.625360274447784,38.0,14.5
0.0,8.774291508165035,39.0,14.0
0.0,10.145446312021308,40.0,14.5
0.0,10.611103643578645,41.0,15.0
0.0,9.626043284493282,41.0,16.0
0.0,8.701893181695631,39.0,15.5
0.0,8.641771345182427,39.0,15.0
0.0,8.352323100244485,38.0,18.0
0.0,7.4273382556871335,37.0,18.0
0.0,9.442647509293563,39.0,18.0
0.0,7.182214548171125,37.0,19.0
0.0,8.74196533980725,39.0,19.0
0.0,9.223508333333328,41.0,19.0
0.0,10.851707539682543,42.0,19.0
0.0,8.74196533980725,39.0,19.0
0.0,9.442647509293563,39.0,18.0
0.0,9.202687186764308,39.0,17.0
0.0,9.622376651453123,41.0,17.0
0.0,10.583299999999992,42.0,18.0
0.0,10.857999999999997,44.0,18.0
0.0,8.150174603174603,41.0,21.0
0.0,,,21.0
,,38.0,
0.0,10.090321367521362,40.5,21.0
0.0,10.483039646464652,41.0,18.0
0.0,9.202687186764308,39.0,17.0
0.0,9.27812909412569,39.0,16.5
0.0,8.352323100244485,38.0,18.0
0.0,8.74196533980725,39.0,19.0
0.0,10.322135790516672,40.0,19.0
0.0,8.352323100244485,38.0,18.0
0.0,8.352323100244485,38.0,18.0
0.0,9.320194721582649,39.0,20.0
0.0,9.998751998001996,40.0,20.0
0.0,9.867659007659011,41.0,23.0
0.0,10.082383585858583,43.0,23.0
0.0,9.743127357025497,41.0,24.0
0.0,8.648882389602463,39.0,24.0
24.0,8.720000000000004,39.0,26.5
34.5,5.3599999999999985,33.0,24.0
1.0,5.744271929824571,36.0,24.0
21.5,5.7325000000000035,35.0,24.5
0.0,5.844850058219545,36.0,24.0
41.5,6.373999999999999,33.0,24.0
12.0,2.699999999999999,31.0,23.5
0.0,5.0088366584839505,35.0,24.0
0.0,5.844850058219545,36.0,24.0
2.5,5.592121428571436,36.0,26.0
0.0,5.102423304473304,36.0,26.0
0.0,4.110201948051948,33.0,26.0
6.0,5.601400000000005,37.0,23.0
38.0,6.694599999999997,34.0,24.0
47.5,8.057999999999996,35.0,26.0
9.0,5.4328333333333365,31.0,23.0
39.0,4.646999999999995,31.0,24.0
0.0,3.7142251710549075,32.0,22.0
0.0,3.846233484842383,33.0,23.0
8.5,4.068999999999999,32.0,24.0
5.0,2.852171428571428,32.0,24.0
0.0,4.875732354397967,35.0,23.0
2.5,7.479684612925274,39.0,23.0
3.5,3.259749999999999,33.0,23.0
0.0,3.846233484842383,33.0,23.0
1.5,4.941688095238094,35.0,23.0
1.0,3.6187926601176574,33.0,23.0
0.0,4.611146783493878,34.0,22.0
10.0,4.402999999999998,31.0,22.0
0.0,3.5937543238048106,32.0,23.0
37.5,4.489999999999997,31.0,23.0
1.0,1.4279999999999995,28.0,24.0
0.0,3.4292931966468334,33.0,23.5
5.0,5.177366666666661,35.0,23.0
23.0,5.99125,34.0,23.0
31.0,5.015000000000003,33.0,22.0
9.5,3.9296000000000024,32.0,21.0
0.0,3.81701079835384,33.0,22.0
0.0,4.875732354397967,35.0,23.0
0.0,4.291658208050968,34.0,23.0
0.0,4.416783322943347,34.0,24.0
0.0,4.611146783493878,34.0,22.0
0.0,3.81701079835384,33.0,22.0
0.0,3.4527580446514263,32.0,24.0
36.0,6.913000000000002,34.0,22.0
0.0,3.81701079835384,33.0,22.0
0.0,4.611146783493878,34.0,22.0
33.0,6.911000000000004,34.0,23.0
3.0,3.2367499999999993,33.0,23.0
0.0,3.846233484842383,33.0,23.0
0.0,3.846233484842383,33.0,23.0
2.0,3.944430158730158,34.0,24.0
17.0,4.595750000000003,33.0,25.5
0.0,3.4527580446514263,32.0,24.0
0.0,3.4527580446514263,32.0,24.0
0.0,4.291658208050968,34.0,23.0
0.0,4.875732354397967,35.0,23.0
3.5,2.2580047619047647,35.0,24.5
22.0,3.0384000000000033,33.0,22.0
0.0,4.611146783493878,34.0,22.0
0.0,5.657532142857141,35.5,24.0
8.0,5.403899999999998,36.0,26.0
3.0,3.166500000000005,31.0,23.0
0.0,2.717653879453879,30.0,23.0
3.0,3.830500000000003,33.0,25.0
20.0,4.899050000000003,32.0,24.0
1.5,3.016056114718614,31.0,24.0
0.0,3.846233484842383,33.0,23.0
24.5,4.416766666666668,32.0,23.0
14.5,4.220000000000002,31.0,22.0
3.5,3.256666666666671,32.0,22.0
0.0,3.7142251710549075,32.0,22.0
0.0,3.81701079835384,33.0,22.0
0.0,5.208954008163605,33.0,24.5
3.5,5.2835999999999945,34.0,24.0
0.0,3.846233484842383,33.0,23.0
0.0,4.291658208050968,34.0,23.0
98.5,10.206000000000003,33.0,24.0
9.0,5.4328333333333365,31.0,23.0
1.0,2.584120672310149,31.0,23.0
4.0,2.746999999999997,28.0,23.5
0.0,2.6064202380952377,30.0,24.0
0.0,3.5463625362907543,31.0,23.5
0.0,3.4527580446514263,32.0,24.0
0.0,3.5995108696858695,34.0,24.5
0.0,3.779913761190116,33.0,24.0
0.0,4.664728499560146,34.0,23.5
0.0,4.291658208050968,34.0,23.0
0.0,4.416783322943347,34.0,24.0
16.0,3.3969999999999994,32.0,24.0
0.0,3.3708750271787045,30.0,22.0
0.0,4.48064880087233,31.0,22.0
0.0,4.407105451819422,32.0,25.0
0.0,3.2474423659673666,33.0,25.0
0.0,3.2474423659673666,33.0,25.0
0.0,3.2474423659673666,33.0,25.0
0.0,4.416783322943347,34.0,24.0
0.0,4.403228319904399,34.0,25.0
0.0,3.2474423659673666,33.0,25.0
0.0,5.098277522789198,35.0,22.0
0.0,9.080873516796588,38.0,20.0
0.0,6.616128484930962,37.0,20.0
20.0,5.321999999999999,34.0,20.0
0.0,3.7142251710549075,32.0,22.0
0.0,3.7142251710549075,32.0,22.0
0.0,4.875732354397967,35.0,23.0
0.0,5.694139861948023,36.0,22.0
0.0,3.81701079835384,33.0,22.0
0.0,3.846233484842383,33.0,23.0
0.0,5.098277522789198,35.0,22.0
0.0,6.698510645974202,37.0,22.0
0.0,4.755155011435458,35.0,21.0
0.0,6.213022010503032,36.0,20.0
0.0,9.080873516796588,38.0,20.0
0.0,7.182214548171125,37.0,19.0
0.0,7.4273382556871335,37.0,18.0
9.5,3.4946909090909086,32.0,20.0
0.0,4.260788102869634,33.0,18.0
0.0,4.677037556971417,33.0,16.0
0.0,4.363463569102043,33.0,15.0
0.0,4.350144859063591,35.0,16.0
0.0,6.7754789248220595,37.0,14.0
0.0,7.576795900096636,38.0,14.0
0.0,8.124461060262771,38.0,13.0
0.0,7.304537949574011,37.0,12.0
0.0,6.179343186329533,36.0,12.0
0.0,3.780466197527961,33.0,20.0
0.0,5.863027952602952,34.0,18.5
0.0,5.157584842848192,35.0,17.0
0.0,5.081072623811221,34.0,16.0
0.0,5.081072623811221,34.0,16.0
0.0,5.393500256048549,36.0,16.0
0.0,8.124461060262771,38.0,13.0
0.0,7.3833159746303,37.0,13.0
0.0,8.274000877629584,38.0,12.0
0.0,6.946015291816089,37.0,10.0
0.0,5.592094688644688,34.0,10.5
0.0,4.797097580614331,35.0,12.0
0.0,7.3833159746303,37.0,13.0
0.0,7.304537949574011,37.0,12.0
0.0,7.304537949574011,37.0,12.0
0.0,6.179343186329533,36.0,12.0
0.0,5.055095361344786,34.0,12.0
0.0,4.670146039375533,35.0,13.0
0.0,6.708454185123205,36.0,13.0
0.0,7.3833159746303,37.0,13.0
0.0,6.708454185123205,36.0,13.0
0.0,7.3833159746303,37.0,13.0
0.0,6.708454185123205,36.0,13.0
0.0,4.314197363715256,33.0,12.0
0.0,5.086035918625203,33.0,14.0
0.0,4.677037556971417,33.0,16.0
0.0,5.081072623811221,34.0,16.0
0.0,3.8151315480142483,31.0,14.0
0.0,3.579493289352214,31.0,9.0
0.0,4.018558786354195,32.0,10.0
0.0,3.7983215758140068,31.0,7.0
0.0,3.775915530915238,32.0,7.0
0.0,3.775915530915238,32.0,7.0
0.0,3.8370434569561285,33.0,7.0
0.0,6.109172252747252,35.0,6.5
0.0,4.427607540494422,34.0,5.0
0.0,5.76339523809524,37.0,5.0
0.0,4.427607540494422,34.0,5.0
0.0,4.978572768897767,36.0,5.0
0.0,3.2801113840306555,29.0,8.0
0.0,4.554109536284147,26.0,8.5
0.0,3.2003658863299838,30.0,8.0
0.0,3.5775136337896316,32.0,6.0
0.0,4.857795168067231,32.5,6.0
0.0,3.327484581094781,30.0,7.0
0.0,3.8887187982577625,31.0,5.0
0.0,3.469945937395937,32.0,3.0
0.0,1.678675793650796,24.0,3.0
0.0,2.7912257936507934,26.0,2.0
0.0,3.532160894660896,30.0,2.0
0.0,3.962104761904762,31.0,2.0
0.0,3.532160894660896,30.0,2.0
0.0,3.4974878352856305,31.0,3.0
0.0,4.003196743534245,31.0,4.0
0.0,3.6115059523809516,34.0,4.5
0.0,4.363544705982574,30.0,5.0
0.0,3.7412818181818235,27.0,2.0
0.0,2.5319840548340546,28.0,2.0
0.0,3.401410409035409,28.0,4.0
0.0,3.0596097716009494,26.0,4.0
0.0,3.1761818181818144,27.0,1.0
0.0,2.6276666666666677,26.0,1.0
0.0,3.7983215758140068,31.0,7.0
0.0,4.060248048205252,33.0,9.0
0.0,4.559009668243971,34.0,8.0
0.0,4.559009668243971,34.0,8.0
0.0,2.6716444444444436,29.5,9.0
0.0,4.018558786354195,32.0,10.0
0.0,5.482939304402774,34.0,10.0
0.0,3.118338699042645,30.0,10.0
0.0,4.003196743534245,31.0,4.0
0.0,3.0784523809523794,33.0,2.0
0.0,3.962104761904762,31.0,2.0
0.0,3.532160894660896,30.0,2.0
0.0,3.3833023809523803,29.0,1.0
0.0,3.0413285714285676,30.0,0.0
0.0,2.7089000000000034,31.0,0.0
0.0,3.6184857142857147,28.0,1.0
0.0,3.6184857142857147,28.0,1.0
0.0,3.962104761904762,31.0,2.0
0.0,2.750233333333333,37.0,2.0
0.0,2.755633333333332,37.0,3.0
0.0,4.623040031446693,35.0,6.0
0.0,5.140897692585195,37.0,7.0
0.0,5.140897692585195,37.0,7.0
0.0,6.579971188452072,37.0,9.0
0.0,4.160419930601922,35.0,8.0
0.0,5.300649818563791,36.0,8.0
0.0,3.871718822843822,32.0,8.5
0.0,3.775915530915238,32.0,7.0
0.0,3.5775136337896316,32.0,6.0
0.0,4.212479944466066,34.0,6.0
0.0,5.292681011010129,34.0,7.0
0.0,4.039758847310535,32.0,8.0
0.0,3.9309045981795983,31.0,9.5
0.0,4.060248048205252,33.0,9.0
0.0,3.377277469091899,31.0,6.0
0.0,4.003196743534245,31.0,4.0
0.0,4.003196743534245,31.0,4.0
0.0,3.4406789321789306,30.0,4.0
0.0,4.363544705982574,30.0,5.0
0.0,3.837033333333332,32.0,4.0
0.0,4.870882936507938,34.0,4.0
0.0,3.377277469091899,31.0,6.0
0.0,5.457992277167276,35.0,5.5
0.0,5.140897692585195,37.0,7.0
0.0,7.624000000000004,39.0,6.5
0.0,5.2840141413520225,35.0,7.0
0.0,4.1647732738034575,33.0,8.0
0.0,5.452487078540986,34.0,9.0
0.0,5.495071725763821,35.0,11.0
0.0,4.426987121212122,35.0,5.0
0.0,4.427607540494422,34.0,5.0
0.0,4.447024760461304,34.0,6.5
0.0,3.7683640436192167,34.0,9.5
0.0,4.060248048205252,33.0,9.0
0.0,5.452487078540986,34.0,9.0
0.0,5.140897692585195,37.0,7.0
0.0,5.2840141413520225,35.0,7.0
0.0,6.111302689728535,36.0,10.0
0.0,4.871263793931407,33.0,10.0
0.0,4.212479944466066,34.0,6.0
0.0,3.5775136337896316,32.0,6.0
0.0,3.5775136337896316,32.0,6.0
0.0,5.457992277167276,35.0,5.5
0.0,5.292681011010129,34.0,7.0
0.0,4.1647732738034575,33.0,8.0
0.0,6.145232564002319,36.0,9.0
0.0,5.775516541628307,35.0,8.5
0.0,5.055095361344786,34.0,12.0
0.0,3.052502654536608,31.0,10.0
0.0,3.2503070321692786,31.0,11.0
0.0,2.8954351190476206,28.0,10.5
0.0,3.0468611111111117,28.0,13.0
0.0,4.185902380952381,29.0,15.0
0.0,2.467429726121831,27.0,9.0
0.0,4.160419930601922,35.0,8.0
0.0,5.2840141413520225,35.0,7.0
0.0,5.140897692585195,37.0,7.0
0.0,4.1647732738034575,33.0,8.0
0.0,4.1647732738034575,33.0,8.0
0.0,3.7983215758140068,31.0,7.0
0.0,3.52657730025603,31.0,8.0
0.0,3.52657730025603,31.0,8.0
0.0,4.039758847310535,32.0,8.0
0.0,5.452487078540986,34.0,9.0
0.0,5.435956655280291,35.0,9.0
0.0,4.018558786354195,32.0,10.0
0.0,3.775915530915238,32.0,7.0
0.0,2.981765036352534,31.5,7.0
0.0,5.292681011010129,34.0,7.0
0.0,5.292681011010129,34.0,7.0
0.0,5.140897692585195,37.0,7.0
0.0,9.040851368076373,39.0,11.0
0.0,9.787675367036234,40.0,15.0
0.0,7.304537949574011,37.0,12.0
0.0,5.055095361344786,34.0,12.0
0.0,5.421590404792146,36.0,7.0
0.0,3.7983215758140068,31.0,7.0
0.0,2.529395114768347,28.0,10.0
0.0,3.2801113840306555,29.0,8.0
0.0,4.212479944466066,34.0,6.0
0.0,8.80510714285714,40.0,6.0
0.0,5.325914954489957,37.0,7.5
0.0,6.3503926073926085,38.0,9.0
0.0,6.86562936507936,38.5,9.0
0.0,4.726731944444444,36.5,10.0
0.0,4.797097580614331,35.0,12.0
0.0,5.436975325499805,35.0,14.0
0.0,5.300649818563791,36.0,8.0
0.0,5.6666328207611105,37.0,8.0
0.0,7.923768001443006,39.0,10.0
0.0,6.152967971802493,37.0,11.0
0.0,6.074733952158949,36.0,9.5
0.0,6.111302689728535,36.0,10.0
0.0,9.081466993300818,41.0,12.0
0.0,8.199156746031749,41.0,13.0
0.0,9.625360274447784,38.0,14.5
0.0,10.611103643578645,41.0,15.0
0.0,5.393500256048549,36.0,16.0
0.0,7.096639189469801,37.0,17.0
0.0,8.274000877629584,38.0,12.0
0.0,8.274000877629584,38.0,12.0
0.0,8.89903808252833,39.0,13.0
0.0,7.3833159746303,37.0,13.0
0.0,8.676143020868022,40.0,14.0
0.0,8.774291508165035,39.0,14.0
0.0,9.202687186764308,39.0,17.0
0.0,8.774291508165035,39.0,14.0
0.0,7.909863045704437,38.0,15.0
0.0,6.7754789248220595,37.0,14.0
0.0,6.708454185123205,36.0,13.0
0.0,7.096639189469801,37.0,17.0
0.0,8.641771345182427,39.0,15.0
0.0,7.576795900096636,38.0,14.0
0.0,8.676143020868022,40.0,14.0
0.0,9.787675367036234,40.0,15.0
0.0,8.89903808252833,39.0,13.0
0.0,8.451242882057743,39.0,12.0
0.0,8.124461060262771,38.0,13.0
0.0,8.124461060262771,38.0,13.0
0.0,9.251313980463982,40.0,16.0
0.0,9.442647509293563,39.0,18.0
0.0,9.998751998001996,40.0,20.0
0.0,7.852693675988747,38.0,21.0
0.0,8.352323100244485,38.0,18.0
0.0,7.4273382556871335,37.0,18.0
0.0,8.352323100244485,38.0,18.0
0.0,7.406279126429129,38.0,17.0
0.0,8.774291508165035,39.0,14.0
0.0,8.774291508165035,39.0,14.0
0.0,9.622376651453123,41.0,17.0
0.0,9.186104632363753,39.0,16.0
0.0,7.909863045704437,38.0,15.0
0.0,7.909863045704437,38.0,15.0
0.0,7.909863045704437,38.0,15.0
0.0,8.641771345182427,39.0,15.0
0.0,7.406279126429129,38.0,17.0
0.0,3.7142251710549075,32.0,22.0
0.0,9.108244104132881,38.0,21.5
0.0,4.819248412698412,37.0,21.5
0.0,9.463141297866219,40.0,23.0
0.0,9.463141297866219,40.0,23.0
0.0,9.743127357025497,41.0,24.0
0.0,9.71662130075806,41.5,24.0
26.0,10.984000000000005,40.0,25.0
29.0,6.8489999999999895,37.0,23.0
0.0,4.611146783493878,34.0,22.0
0.0,6.698510645974202,37.0,22.0
0.0,6.698510645974202,37.0,22.0
0.0,8.29400073566416,39.0,23.0
0.0,9.510358333333334,41.0,22.0
9.5,7.941000000000002,39.0,22.0
6.0,3.5299999999999994,33.0,24.0
4.5,3.4499999999999984,33.0,24.0
4.5,2.590750000000002,31.0,24.0
0.0,4.416783322943347,34.0,24.0
0.0,4.416783322943347,34.0,24.0
0.0,5.102423304473304,36.0,26.0
0.0,6.825145113200474,37.0,24.0
36.0,6.964000000000001,37.0,25.0
0.0,4.416783322943347,34.0,24.0
3.5,3.4868000000000023,32.0,24.0
0.0,4.416783322943347,34.0,24.0
0.0,4.291658208050968,34.0,23.0
0.0,5.87074773469994,36.0,24.5
92.0,11.992,36.0,24.0
0.0,3.846233484842383,33.0,23.0
4.5,3.305250000000001,33.0,23.0
0.0,4.548779413594626,34.0,22.5
0.0,4.875732354397967,35.0,23.0
0.0,5.2083164086106395,36.0,23.0
0.0,5.0088366584839505,35.0,24.0
67.0,7.775999999999998,34.0,23.5
4.0,2.016666666666665,30.0,22.0
29.0,5.896999999999997,32.0,22.0
0.0,3.9929282099359598,33.0,21.0
0.0,4.853148189291241,34.0,21.0
0.0,5.7811185555283915,36.0,21.0
0.0,4.875732354397967,35.0,23.0
1.5,3.625912280701752,32.0,22.0
0.0,3.846233484842383,33.0,23.0
6.5,3.6123333333333334,31.0,22.5
0.0,4.611146783493878,34.0,22.0
0.0,4.611146783493878,34.0,22.0
0.0,5.0088366584839505,35.0,24.0
2.5,3.7104999999999997,34.0,25.0
1.0,3.371699999999999,34.0,24.0
0.0,4.416783322943347,34.0,24.0
0.0,3.779913761190116,33.0,24.0
11.0,3.664499999999997,32.0,24.5
0.0,3.846233484842383,33.0,23.0
28.0,5.850000000000005,36.0,24.0
0.0,4.611146783493878,34.0,22.0
0.0,5.396302919843988,33.5,22.0
0.0,3.5995108696858695,34.0,24.5
6.5,4.006000000000001,33.0,25.0
3.0,3.1732333333333327,31.0,24.0
26.0,2.244000000000001,30.0,24.0
3.0,2.7578888888888877,31.0,22.0
4.5,4.461012499999995,32.0,21.0
0.0,3.9929282099359598,33.0,21.0
0.0,4.202298359973362,33.0,21.5
0.0,3.81701079835384,33.0,22.0
33.0,6.33200000000001,33.0,23.0
0.0,3.3708750271787045,30.0,22.0
0.0,3.81701079835384,33.0,22.0
0.0,3.846233484842383,33.0,23.0
0.0,3.779913761190116,33.0,24.0
0.0,4.611146783493878,34.0,22.0
0.0,6.498882209663804,37.0,21.0
8.5,4.020000000000003,35.0,25.0
1.0,2.904746845556407,31.0,24.0
21.5,2.8780666666666677,33.0,22.0
0.0,4.679631529581531,32.0,22.5
4.5,4.530499999999998,33.0,22.5
26.5,1.3890000000000002,28.0,25.0
0.0,3.7142251710549075,32.0,22.0
0.0,4.611146783493878,34.0,22.0
0.0,4.291658208050968,34.0,23.0
0.0,3.846233484842383,33.0,23.0
4.0,5.413797619047617,34.0,23.0
0.0,3.303000000000001,30.0,20.5
0.0,5.154068208120568,33.5,21.0
0.0,4.611146783493878,34.0,22.0
0.0,5.694139861948023,36.0,22.0
17.0,5.837499999999999,36.0,23.0
3.5,3.5028242424242437,32.0,20.0
0.0,4.630859581164936,32.0,21.0
0.0,4.853148189291241,34.0,21.0
0.0,2.270047619047622,30.0,20.0
0.0,4.7661408359786055,35.0,20.0
0.0,4.7661408359786055,35.0,20.0
0.0,4.291658208050968,34.0,23.0
0.0,4.875732354397967,35.0,23.0
1.5,4.941688095238094,35.0,23.0
0.0,5.2083164086106395,36.0,23.0
0.0,7.053357913867189,38.0,24.0
0.0,6.825145113200474,37.0,24.0
0.0,5.639680158730157,36.0,27.0
0.0,5.288376094028688,36.0,25.0
0.0,4.416783322943347,34.0,24.0
0.0,4.416783322943347,34.0,24.0
0.0,6.488152777777775,37.0,24.5
0.0,7.053357913867189,38.0,24.0
45.0,7.061999999999996,37.0,23.5
3.5,3.9745666666666697,33.0,21.0
0.0,1.84466666666667,29.0,22.0
0.0,4.407105451819422,32.0,25.0
0.0,4.611146783493878,34.0,22.0
7.5,5.713166666666665,36.0,22.0
0.0,4.202298359973362,33.0,21.5
0.0,3.81701079835384,33.0,22.0
72.5,8.860999999999999,35.0,24.0
0.0,2.6821508491508492,30.0,21.0
0.0,4.48064880087233,31.0,22.0
0.0,3.81701079835384,33.0,22.0
0.0,4.664728499560146,34.0,23.5
0.0,4.875732354397967,35.0,23.0
0.0,5.2083164086106395,36.0,23.0
0.0,4.4706541347541355,35.0,25.5
0.0,4.403228319904399,34.0,25.0
0.0,4.291658208050968,34.0,23.0
0.0,3.3818046123231618,33.5,24.0
0.0,4.403228319904399,34.0,25.0
0.0,4.875732354397967,35.0,23.0
0.0,4.664728499560146,34.0,23.5
37.0,4.968999999999997,35.0,24.0
1.0,1.4029999999999998,27.0,24.0
17.0,1.9139999999999977,26.0,24.0
24.5,,,
0.0,3.0241022525676935,31.0,21.0
0.0,3.780466197527961,33.0,20.0
0.0,4.630859581164936,32.0,21.0
0.0,4.229866666666663,31.0,19.0
0.0,4.33798865578866,32.0,19.5
0.0,4.630859581164936,32.0,21.0
0.0,3.9929282099359598,33.0,21.0
0.0,3.780466197527961,33.0,20.0
0.0,4.425510635198134,33.0,19.0
0.0,4.33798865578866,32.0,19.5
8.5,2.6659166666666674,30.0,20.0
0.0,4.345899999999999,28.0,20.0
5.5,1.3489999999999993,27.0,20.0
85.0,3.9860000000000015,23.0,20.0
0.0,4.6315464637916275,31.0,16.0
0.0,2.9557189393939383,30.0,16.0
0.0,3.3371857142857158,28.0,16.0
0.0,3.8249287851037854,29.0,16.0
0.0,2.8940523809523837,29.0,15.5
0.0,3.257029884004885,31.0,17.0
0.0,3.8151315480142483,31.0,14.0
0.0,4.110465476190476,29.0,14.0
0.0,3.945287839937841,28.0,14.0
9.5,2.495642857142857,27.0,14.0
11.5,3.3176666666666654,26.0,18.0
0.0,5.761042857142855,25.0,18.5
2.0,1.897333333333334,24.0,18.0
0.0,2.6073215367965368,26.0,12.0
16.5,1.8049999999999997,24.5,12.0
0.0,1.744071428571429,23.0,13.5
0.0,2.980488832001332,26.0,9.0
0.0,2.467429726121831,27.0,9.0
0.0,2.433583649541892,28.0,11.0
0.0,2.869614444297533,28.0,12.0
0.0,2.7987842216349175,29.0,12.0
0.0,3.0546987286577,30.0,12.0
0.0,3.0468611111111117,28.0,13.0
0.0,1.470866666666667,23.0,19.0
28.5,2.27,25.0,19.5
0.0,4.229866666666663,31.0,19.0
0.0,2.9912577416048016,29.0,11.0
0.0,3.575943312466911,30.0,11.0
0.0,2.8255429473304474,31.0,13.0
0.0,2.456587301587301,26.0,13.5
0.0,2.7987842216349175,29.0,12.0
0.0,2.1663452380952384,28.0,9.5
0.0,2.8129827187690193,28.0,7.0
0.0,2.5819076058682136,28.0,6.5
0.0,5.140897692585195,37.0,7.0
0.0,3.2003658863299838,30.0,8.0
0.0,3.0851060049171455,28.0,8.0
0.0,3.579493289352214,31.0,9.0
0.0,4.162972102897103,31.5,9.0
0.0,3.1055287091887247,30.0,9.0
0.0,2.869614444297533,28.0,12.0
0.0,3.118338699042645,30.0,10.0
0.0,3.8249654761904748,29.0,9.5
0.0,3.1055287091887247,30.0,9.0
0.0,3.2003658863299838,30.0,8.0
0.0,3.2003658863299838,30.0,8.0
0.0,4.711292244490117,30.0,8.5
0.0,3.579493289352214,31.0,9.0
0.0,3.579493289352214,31.0,9.0
3.5,2.0659999999999985,20.0,9.0
0.0,3.0851060049171455,28.0,8.0
0.0,3.2801113840306555,29.0,8.0
0.0,3.6099705459043383,29.0,7.0
0.0,3.327484581094781,30.0,7.0
0.0,3.5775136337896316,32.0,6.0
0.0,3.775915530915238,32.0,7.0
0.0,3.7983215758140068,31.0,7.0
0.0,3.327484581094781,30.0,7.0
0.0,3.040629466577289,30.0,6.0
0.0,3.377277469091899,31.0,6.0
0.0,3.7983215758140068,31.0,7.0
0.0,3.6099705459043383,29.0,7.0
0.0,2.7076675588300594,28.0,8.5
0.0,2.6541710317460314,25.0,7.0
0.0,3.299629437229437,26.0,6.0
0.0,3.70183198051948,29.0,5.5
0.0,2.853105412601824,29.0,6.0
0.0,2.853105412601824,29.0,6.0
0.0,2.853105412601824,29.0,6.0
0.0,2.4482568417589574,27.0,7.0
0.0,2.340216666666669,24.0,9.0
0.0,2.467429726121831,27.0,9.0
0.0,4.677037556971417,33.0,16.0
0.0,4.933216811298396,34.0,11.0
0.0,3.575943312466911,30.0,11.0
0.0,3.575943312466911,30.0,11.0
0.0,2.343298484848486,26.0,11.0
0.0,2.433583649541892,28.0,11.0
0.0,2.343298484848486,26.0,11.0
0.0,3.6099705459043383,29.0,7.0
0.0,2.890577777777778,23.0,7.0
0.0,3.4766245999123466,29.0,9.0
0.0,2.980488832001332,26.0,9.0
0.0,2.980488832001332,26.0,9.0
0.0,2.467429726121831,27.0,9.0
0.0,2.890577777777778,23.0,7.0
0.0,2.024249999999998,20.5,7.0
0.0,2.595119047619049,25.0,0.0
0.0,3.6184857142857147,28.0,1.0
0.0,4.882807539682532,30.0,1.5
0.0,3.401410409035409,28.0,4.0
0.0,2.8129827187690193,28.0,7.0
0.0,3.6099705459043383,29.0,7.0
0.0,2.8129827187690193,28.0,7.0
0.0,3.4010430118256334,29.0,10.0
0.0,1.4988333333333332,21.0,9.5
0.0,2.039608023838907,24.0,10.5
0.0,2.4753773809523825,26.0,3.0
0.0,4.164771989285224,29.0,3.0
0.0,2.470848687423687,25.0,5.0
0.0,3.299629437229437,26.0,6.0
0.0,3.4406789321789306,30.0,4.0
0.0,3.837033333333332,32.0,4.0
0.0,4.426987121212122,35.0,5.0
0.0,5.228830415417916,36.0,6.0
0.0,5.457992277167276,35.0,5.5
1.0,3.1269812295012906,31.0,6.0
4.5,1.2830000000000004,21.0,10.0
0.0,3.1055287091887247,30.0,9.0
0.0,2.980488832001332,26.0,9.0
0.0,3.4010430118256334,29.0,10.0
0.0,2.8255429473304474,31.0,13.0
0.0,2.8255429473304474,31.0,13.0
0.0,2.8255429473304474,31.0,13.0
0.0,3.4804301226551204,29.0,13.0
0.0,3.837033333333332,32.0,4.0
0.0,3.2829531934960166,29.0,4.0
0.0,4.426987121212122,35.0,5.0
0.0,5.292681011010129,34.0,7.0
0.0,5.495071725763821,35.0,11.0
0.0,7.367937944801364,36.0,14.0
0.0,5.495071725763821,35.0,11.0
0.0,2.8313985708735703,27.0,11.0
0.0,2.529395114768347,28.0,10.0
0.0,3.775915530915238,32.0,7.0
0.0,4.539232986746144,33.0,7.5
0.0,2.7076675588300594,28.0,8.5
0.0,3.4766245999123466,29.0,9.0
15.0,0.8040000000000004,19.0,11.0
2.0,0.9510000000000005,18.0,13.0
6.0,2.5949619047619024,23.0,6.5
0.0,2.853105412601824,29.0,6.0
0.0,4.12923797036297,31.0,6.5
0.0,2.273421042455137,27.0,10.0
0.0,3.579493289352214,31.0,9.0
0.0,3.2003658863299838,30.0,8.0
0.0,4.039758847310535,32.0,8.0
0.0,2.529395114768347,28.0,10.0
0.0,1.7353293956043965,25.0,11.0
0.0,2.433583649541892,28.0,11.0
0.0,2.9912577416048016,29.0,11.0
0.0,3.0851060049171455,28.0,8.0
0.0,3.7983215758140068,31.0,7.0
0.0,3.70183198051948,29.0,5.5
0.0,3.6099705459043383,29.0,7.0
0.0,3.775915530915238,32.0,7.0
0.0,5.435956655280291,35.0,9.0
0.0,6.111302689728535,36.0,10.0
0.0,6.145437994250119,36.0,11.0
0.0,7.1910007936507965,36.0,11.5
0.0,6.145232564002319,36.0,9.0
0.0,2.5275281581378715,27.0,8.0
0.0,6.145232564002319,36.0,9.0
0.0,5.482939304402774,34.0,10.0
0.0,4.05159278452484,32.0,9.0
0.0,3.579493289352214,31.0,9.0
0.0,3.1055287091887247,30.0,9.0
0.0,3.8249654761904748,29.0,9.5
0.0,4.314197363715256,33.0,12.0
0.0,6.374595836353189,34.0,11.5
0.0,4.018558786354195,32.0,10.0
0.0,3.8151315480142483,31.0,14.0
0.0,6.111302689728535,36.0,10.0
0.0,5.482939304402774,34.0,10.0
0.0,4.058384451659452,31.0,15.0
0.0,6.238801082200549,36.0,15.0
0.0,8.1891123015873,37.5,13.0
0.0,7.304537949574011,37.0,12.0
0.0,4.314197363715256,33.0,12.0
0.0,3.2503070321692786,31.0,11.0
0.0,5.435956655280291,35.0,9.0
0.0,6.074733952158949,36.0,9.5
0.0,5.055095361344786,34.0,12.0
0.0,7.979667835870693,39.5,12.0
0.0,7.1910007936507965,36.0,11.5
0.0,6.179343186329533,36.0,12.0
0.0,6.981015059945424,37.0,15.0
0.0,6.238801082200549,36.0,15.0
0.0,3.959429033365041,33.0,13.0
0.0,4.797097580614331,35.0,12.0
0.0,5.495071725763821,35.0,11.0
0.0,8.897825732600733,37.0,10.5
0.0,8.451242882057743,39.0,12.0
0.0,8.124461060262771,38.0,13.0
0.0,8.124461060262771,38.0,13.0
0.0,6.152967971802493,37.0,11.0
0.0,8.274000877629584,38.0,12.0
0.0,7.7998361043396445,38.0,11.0
0.0,8.274000877629584,38.0,12.0
0.0,8.2,37.0,12.0
0.0,6.4,35.0,16.0
0.0,8.1,35.0,17.0
0.0,2.1,33.0,15.0
0.0,8.0,36.0,14.5
0.0,7.2,38.5,15.5
0.0,1.5,39.0,15.0
0.0,8.3,42.0,15.0
0.0,10.3,40.0,17.0
0.0,9.6,37.0,17.5
0.0,9.4,36.0,17.5
0.0,8.4,36.0,18.0
0.0,7.4,37.0,19.0
0.0,9.3,39.0,18.0
0.0,9.6,41.0,17.0
0.0,10.9,39.0,17.5
0.0,9.7,38.0,18.0
0.0,10.9,38.0,21.0
0.0,5.9,39.0,22.0
0.0,10.0,38.0,18.0
0.0,8.5,38.0,17.0
0.0,9.6,40.0,17.0
0.0,7.6,37.0,19.0
0.0,6.6,39.0,19.0
0.0,11.0,38.0,20.0
0.0,10.9,39.0,20.0
0.0,10.8,39.0,20.0
0.0,10.0,39.0,20.0
0.0,8.5,37.0,19.5
0.0,10.9,38.0,21.0
0.0,10.1,39.0,21.0
0.0,6.5,39.0,23.0
0.0,8.6,39.0,23.0
0.0,10.7,37.0,23.0
0.0,7.2,37.0,24.0
0.0,8.4,37.0,24.0
0.0,10.8,34.0,24.0
0.0,6.6,36.0,24.0
0.0,5.5,33.0,24.0
0.0,6.1,39.0,23.0
0.0,7.0,37.0,23.0
0.0,7.6,38.0,24.0
0.0,8.1,37.0,23.5
0.0,9.9,35.0,22.0
0.0,9.2,37.0,22.0
0.0,7.5,38.0,21.5
7.5,11.2,39.0,22.0
40.0,10.4,36.0,23.0
0.0,11.7,34.0,22.0
17.0,3.3,37.0,23.0
0.0,8.1,36.0,21.0
13.0,5.8,38.0,23.5
0.0,4.2,38.0,21.0
0.0,7.6,39.0,24.0
0.0,10.8,37.0,25.0
0.0,3.2,35.0,25.5
0.0,10.4,37.0,26.0
0.0,6.7,38.0,23.5
33.5,9.2,38.0,24.5
5.5,2.7,36.0,23.0
0.0,1.6,36.0,23.0
0.0,6.4,38.0,23.0
1.5,6.2,35.0,26.0
0.0,4.2,31.0,25.0
32.0,2.8,35.0,24.0
0.0,2.5,33.0,22.0
0.0,0.4,33.0,23.5
32.0,3.2,35.0,24.5
0.0,1.6,34.0,22.5
17.0,6.1,35.0,23.0
0.0,1.5,33.0,21.0
0.0,3.0,34.0,21.0
0.0,4.7,35.0,21.5
0.0,0.6,32.0,24.5
3.5,0.4,31.0,25.0
0.0,0.6,32.0,23.0
1.5,3.9,34.0,23.0
0.0,3.4,34.0,23.0
6.5,4.3,35.0,23.0
0.0,1.2,34.0,23.0
1.5,7.0,33.0,23.0
22.0,0.1,33.0,24.0
0.0,1.4,33.0,23.0
34.0,3.0,35.0,22.0
6.0,2.7,33.0,23.0
2.5,1.1,32.0,23.0
0.0,2.5,30.0,22.0
8.0,0.1,29.0,22.5
9.0,6.8,31.0,24.0
0.0,5.8,32.0,23.5
0.0,2.3,33.0,24.0
3.5,2.1,32.0,23.0
0.0,0.2,34.0,23.0
0.0,4.6,34.0,23.0
29.5,3.4,34.0,24.0
5.5,2.1,32.0,22.5
0.0,0.4,32.0,22.0
0.0,0.3,33.0,22.0
26.5,5.7,34.0,24.0
7.5,9.9,33.0,23.0
11.0,5.8,31.0,22.0
0.0,1.1,32.0,23.0
12.0,1.4,32.0,24.0
14.0,8.0,33.0,23.5
0.0,2.0,31.0,23.0
0.0,1.1,33.0,23.0
4.0,1.5,33.0,25.0
18.5,1.1,34.0,25.0
0.0,6.1,30.0,23.0
0.0,2.2,34.0,23.0
0.0,1.5,35.0,24.0
0.0,1.5,36.0,23.5
0.0,1.3,34.0,24.0
5.0,3.7,35.0,24.0
0.0,1.6,35.0,23.0
0.0,1.4,37.0,23.0
0.0,4.7,35.0,24.0
61.0,5.2,33.0,24.5
0.0,5.1,30.0,22.0
74.0,1.0,30.0,22.0
50.0,8.1,28.0,23.0
9.5,7.7,30.0,22.5
16.0,1.7,32.0,23.0
0.0,1.1,30.0,23.0
5.0,1.5,32.0,23.0
25.0,0.6,33.0,25.0
0.0,2.5,32.0,23.5
0.0,3.6,32.0,24.0
0.0,4.3,33.0,24.0
1.5,4.4,34.0,24.0
0.0,2.3,31.0,23.0
0.0,0.4,33.0,23.0
0.0,4.7,33.0,22.0
0.0,2.6,35.0,22.0
44.5,3.6,32.0,22.0
0.0,3.8,30.0,24.0
0.0,1.0,31.0,22.0
0.0,5.6,33.0,24.0
0.0,1.7,33.0,23.0
0.0,4.0,34.0,25.0
13.0,1.2,35.0,25.0
37.0,1.6,32.0,22.5
0.0,3.1,33.0,22.0
0.0,1.4,33.0,23.0
0.0,3.0,34.0,23.0
0.0,4.2,34.0,23.0
0.0,4.3,36.0,25.0
0.0,5.3,35.0,19.0
0.0,4.2,32.0,19.0
0.0,3.0,28.0,20.0
5.0,1.4,29.0,23.0
4.0,3.7,28.0,23.0
2.5,1.3,28.0,23.0
0.0,1.5,32.0,22.0
8.5,3.9,32.0,20.0
18.5,5.4,31.0,19.0
0.0,0.6,30.0,18.0
0.0,3.3,27.0,18.5
0.0,2.3,31.0,17.0
0.0,0.3,32.0,17.0
0.0,5.6,29.0,16.0
0.0,0.5,30.0,16.5
0.0,0.0,34.0,16.0
0.0,3.9,33.0,15.0
0.0,0.3,33.0,15.0
0.0,0.4,32.0,18.0
0.0,1.6,32.0,17.0
0.0,3.7,34.0,16.0
0.0,2.8,36.0,16.5
0.0,7.8,36.0,16.0
0.0,3.7,35.0,16.0
0.0,3.7,36.0,19.0
0.0,0.0,34.0,19.5
0.0,2.9,35.0,19.0
0.0,3.7,34.0,18.5
0.0,0.3,33.5,18.0
0.0,4.0,33.0,16.0
0.0,0.3,30.0,16.0
0.0,0.4,35.0,16.0
0.0,3.1,38.0,17.0
0.0,2.7,37.0,17.0
0.0,0.5,37.0,18.0
0.0,4.3,36.0,15.0
0.0,4.3,34.0,15.0
0.0,0.5,33.0,18.0
0.0,3.0,32.0,18.0
0.0,3.8,35.0,17.0
0.0,0.0,37.0,15.0
0.0,4.8,36.0,14.5
0.0,4.4,35.0,15.5
0.0,4.2,35.0,14.0
0.0,4.8,36.0,13.0
0.0,4.0,36.0,13.0
0.0,3.6,35.0,13.0
0.0,5.0,34.0,14.0
0.0,2.9,34.0,13.0
0.0,3.7,32.0,13.5
0.0,2.7,31.0,11.5
0.0,3.7,31.0,12.0
0.0,2.9,30.0,14.0
0.0,2.5,32.0,14.0
0.0,1.4,32.0,13.0
0.0,4.3,33.0,13.0
0.0,3.6,32.0,13.0
0.0,2.7,31.0,13.0
0.0,3.0,30.0,13.0
0.0,4.2,28.0,13.0
0.0,0.3,30.0,13.5
0.0,3.2,31.0,13.0
0.0,3.5,30.5,11.0
4.5,0.3,28.0,10.0
0.0,2.0,22.0,9.0
0.0,2.2,26.0,7.0
0.0,0.2,27.0,7.0
0.0,3.1,29.0,8.0
0.0,2.6,32.0,9.0
0.0,3.7,33.0,10.0
0.0,4.4,32.0,10.0
0.0,2.6,28.0,11.0
0.0,1.7,33.0,11.5
0.0,3.2,27.0,15.5
0.0,0.4,32.0,13.0
0.0,3.6,31.5,9.0
3.0,3.4,27.0,9.5
2.5,1.0,20.0,12.0
0.0,1.8,26.0,14.5
0.0,1.8,26.0,9.0
0.0,2.8,34.0,6.0
0.0,0.2,25.0,6.0
0.0,2.6,27.0,13.0
0.0,2.2,28.0,8.0
0.0,2.2,32.0,6.0
0.0,2.7,34.0,7.0
0.0,3.5,32.0,7.0
0.0,3.4,32.0,7.0
0.0,3.1,29.5,6.5
0.0,2.8,26.0,4.5
0.0,3.3,30.0,2.0
0.0,3.3,27.0,2.0
0.0,3.2,29.0,2.5
0.0,0.3,29.0,2.0
0.0,3.4,29.0,2.0
0.0,3.2,31.0,3.0
0.0,3.3,31.0,3.0
0.0,0.3,30.0,4.0
0.0,4.3,29.0,3.0
0.0,3.0,30.0,3.0
0.0,4.9,31.0,3.0
0.0,3.6,28.0,5.0
0.0,3.2,29.0,3.0
0.0,3.6,32.0,2.5
0.0,3.5,29.0,3.0
0.0,3.9,34.0,4.0
0.0,3.8,33.0,5.0
0.0,4.2,26.0,4.0
0.0,1.4,25.0,10.0
0.0,3.7,28.0,6.0
0.0,3.8,29.0,4.5
0.0,4.7,29.0,3.5
0.0,3.4,30.0,4.0
0.0,10.9,30.0,5.0
0.0,3.8,32.0,8.0
0.0,3.7,33.0,8.5
0.0,4.4,32.0,10.0
0.0,3.5,33.0,9.0
0.0,4.9,32.0,9.0
0.0,3.2,32.0,7.0
0.0,4.4,29.0,8.0
0.0,3.8,27.0,6.0
0.0,4.3,32.0,3.0
0.0,4.8,33.0,3.5
0.0,5.0,33.5,5.5
0.0,4.3,34.0,8.0
0.0,4.4,32.0,8.0
3.5,4.6,21.0,9.5
0.0,1.0,28.0,6.0
0.0,4.1,32.0,6.0
0.0,2.6,31.0,9.0
0.0,3.8,31.0,12.0
10.5,3.2,27.0,13.5
0.0,4.6,21.0,15.5
0.0,0.9,27.0,11.0
0.0,3.5,29.0,9.0
0.0,4.0,33.0,9.0
0.0,4.6,34.0,7.0
1.5,5.7,32.0,8.0
2.0,4.9,22.5,9.0
0.0,2.1,25.5,9.0
0.0,0.4,28.0,10.0
0.0,5.1,31.0,9.0
0.0,4.5,32.0,9.5
0.0,3.4,34.0,11.0
0.0,6.2,32.0,11.0
0.0,4.8,34.0,11.0
0.0,4.3,30.0,10.0
0.0,5.2,33.5,7.0
0.0,4.4,36.0,7.0
0.0,6.6,36.0,7.0
0.0,6.6,36.0,6.0
0.0,7.4,35.5,6.0
0.0,4.9,35.5,5.0
0.0,5.7,35.0,5.5
0.0,5.8,31.0,7.0
0.0,5.9,30.5,7.5
0.0,5.9,28.0,6.0
0.0,4.6,28.5,6.0
0.0,2.8,32.0,10.5
0.0,4.7,33.0,7.5
0.0,7.6,33.0,8.0
0.0,7.1,34.0,6.5
0.0,5.1,34.0,7.0
0.0,6.9,29.0,7.0
0.0,3.4,35.0,7.0
0.0,5.6,37.0,6.5
0.0,6.5,34.0,9.0
0.0,6.0,36.0,10.0
0.0,6.4,33.0,10.0
0.0,8.2,33.0,8.0
0.0,6.7,31.5,8.5
0.0,6.4,32.0,8.5
0.0,6.0,28.0,8.0
0.0,2.5,25.0,14.0
0.0,2.1,30.0,6.0
0.0,5.7,37.0,6.0
0.0,8.0,36.0,5.0
0.0,8.4,37.0,11.5
0.0,6.3,36.0,10.0
0.0,9.1,34.0,10.0
0.0,8.6,34.0,11.5
0.0,7.7,38.0,9.5
0.0,9.6,41.0,9.0
0.0,7.3,36.0,9.5
0.0,4.8,30.0,13.5
0.0,4.6,35.0,6.0
0.0,8.6,36.0,6.0
0.0,6.7,35.0,9.0
0.0,8.5,37.0,10.5
0.0,5.6,36.0,13.0
0.0,6.6,37.0,15.0
0.0,9.2,41.0,12.0
0.0,8.3,38.0,11.0
0.0,6.8,33.0,11.5
0.0,6.2,32.0,12.5
0.0,5.8,33.0,13.0
0.0,7.6,34.0,17.0
0.0,7.4,35.0,15.0
0.0,7.2,35.0,15.0
0.0,7.8,33.0,15.0
0.0,3.4,30.0,16.0
0.0,2.9,29.0,18.0
0.0,6.8,32.0,13.0
0.0,6.5,36.0,13.0
0.0,9.1,36.0,17.0
0.0,6.7,37.0,21.5
0.0,8.6,38.0,18.0
0.0,5.3,36.0,15.0
0.0,7.2,37.0,15.0
0.0,9.7,40.0,15.0
0.0,5.6,37.0,18.0
0.0,10.1,40.0,17.0
0.0,8.6,36.0,17.5
0.0,6.9,37.0,18.0
0.0,9.7,41.0,16.0
0.0,8.4,43.0,16.0
0.0,11.5,39.0,16.0
0.0,8.5,38.0,19.0
0.0,10.0,39.0,17.0
0.0,11.1,41.0,15.0
0.0,9.5,40.0,17.0
0.0,8.8,37.0,17.0
0.0,7.7,39.0,18.0
0.0,11.4,42.0,18.0
0.0,8.4,40.0,15.5
0.0,10.6,40.0,14.0
0.0,9.7,40.5,13.0
0.0,9.8,39.0,15.0
0.0,9.6,39.0,15.0
0.0,9.7,39.0,17.0
0.0,10.3,39.0,19.0
0.0,8.8,38.0,19.0
0.0,10.6,39.0,17.0
0.0,9.6,40.0,16.0
0.0,,,16.0
,,41.0,
0.0,9.4,42.0,17.0
0.0,7.8,38.0,16.5
0.0,9.2,38.0,21.0
0.0,7.8,37.0,23.0
0.0,7.4,37.0,23.5
0.0,6.2,35.0,23.5
0.0,7.6,38.0,23.5
0.0,9.4,40.0,22.0
0.0,9.8,40.0,22.0
0.0,10.1,40.0,19.0
0.0,9.9,41.0,17.0
0.0,10.1,40.5,16.5
0.0,9.0,39.0,18.5
0.0,7.8,36.0,19.0
0.0,7.7,35.0,19.5
0.0,5.4,34.0,22.5
0.0,10.6,37.0,22.0
0.0,8.4,36.0,22.0
0.0,9.9,39.0,22.0
0.0,10.4,40.0,22.5
0.0,9.6,38.0,21.5
0.0,10.8,39.0,22.0
0.0,9.6,37.0,22.0
0.0,9.4,42.0,23.0
0.0,10.4,42.0,23.0
0.0,10.6,39.0,25.0
0.0,11.4,41.0,25.0
0.0,9.9,41.0,25.0
0.0,9.5,40.0,24.0
0.0,11.0,39.0,24.5
0.0,9.4,38.0,24.5
0.0,10.1,37.0,24.0
0.0,9.9,39.0,24.5
0.0,11.9,40.0,23.0
0.0,11.9,42.0,23.5
0.0,9.8,40.5,25.0
0.0,9.7,38.0,26.0
2.5,9.0,39.0,24.0
0.0,8.9,38.0,24.0
0.0,9.6,40.0,24.5
2.5,9.1,40.0,25.5
0.0,10.2,40.0,25.0
0.0,8.7,38.0,25.0
8.5,8.8,37.0,26.0
0.0,4.8,35.0,22.5
0.0,8.1,37.0,23.0
0.0,10.5,38.0,23.5
0.0,8.1,38.0,25.0
20.0,7.2,38.0,23.5
23.5,5.9,36.0,25.0
16.0,3.8,36.0,23.0
13.5,2.3,32.0,23.5
0.0,5.2,34.0,24.0
3.0,6.3,36.0,25.0
26.5,4.2,33.0,24.0
20.0,6.7,31.5,24.0
0.0,0.4,30.0,24.0
0.0,3.0,35.0,24.5
25.0,5.8,34.0,24.0
0.0,3.4,33.0,21.5
0.0,5.7,36.0,22.0
102.0,4.0,35.0,23.5
0.0,3.3,32.0,21.0
5.0,5.0,33.2,23.0
2.0,5.0,34.0,22.0
70.0,4.4,32.0,22.0
0.0,4.3,32.0,22.5
14.0,3.8,33.0,23.5
0.0,4.2,30.0,21.5
3.0,4.0,33.0,22.5
0.0,3.3,34.0,22.0
1.0,3.8,36.0,23.0
0.0,7.2,35.0,22.0
24.0,7.0,33.0,23.0
0.0,0.1,34.0,22.0
0.0,4.7,35.0,22.0
18.0,4.8,33.0,24.0
10.0,5.0,31.0,23.0
4.0,5.4,32.0,23.0
0.0,4.7,34.0,23.0
0.0,5.1,34.0,24.0
0.0,3.3,34.0,23.0
0.0,5.5,34.0,23.0
2.0,4.9,31.0,23.0
0.0,2.5,34.0,24.0
0.0,4.3,35.0,24.0
0.0,10.7,35.0,25.0
16.0,5.5,37.0,23.0
0.0,5.9,33.0,23.0
0.0,3.8,35.0,24.0
0.0,4.2,35.0,25.5
0.0,5.0,35.5,25.0
0.0,5.5,36.0,25.0
0.0,4.9,35.0,24.0
16.5,10.2,37.0,24.0
0.0,4.4,32.0,23.0
1.5,4.4,33.0,23.0
0.0,3.4,33.0,23.0
32.5,5.4,35.0,23.5
0.0,5.2,33.0,22.0
0.0,3.2,34.0,23.0
6.0,4.0,32.0,26.0
4.0,3.7,33.0,24.0
0.0,4.4,31.0,24.0
0.0,2.3,34.0,24.0
0.0,3.1,33.0,24.0
12.0,4.2,35.0,24.0
9.0,6.1,29.0,26.0
0.0,0.1,33.0,23.5
24.5,4.4,34.0,23.5
3.5,7.3,30.0,23.0
26.0,1.6,26.0,24.0
58.5,0.1,24.0,23.0
0.0,1.7,31.0,21.0
0.0,2.9,32.0,22.0
0.0,3.9,32.0,24.0
0.0,4.9,34.0,24.0
0.0,3.9,35.0,23.0
0.0,4.8,34.0,19.0
0.0,4.2,35.0,18.0
0.0,3.9,33.0,18.5
0.0,3.9,32.0,19.0
0.0,4.2,32.0,23.5
0.0,3.2,31.0,25.0
19.0,3.3,31.0,21.0
0.0,4.5,32.0,19.0
0.0,4.2,33.0,19.0
0.0,3.6,33.0,21.0
0.0,4.5,34.0,21.0
0.0,3.7,34.0,20.5
,4.1,34.0,20.5
0.0,3.7,34.0,20.0
0.0,5.3,34.0,20.5
0.0,4.1,34.0,15.0
0.0,4.3,34.0,14.0
0.0,3.8,34.0,14.0
0.0,3.6,35.0,16.0
0.0,3.0,38.0,16.0
0.0,5.1,35.0,18.0
0.0,4.3,35.0,20.5
1.5,4.2,34.0,19.0
,3.0,33.0,19.0
25.5,4.4,29.0,19.0
0.0,3.5,32.0,20.0
0.0,3.6,33.0,18.0
,3.5,31.0,18.0
,2.8,31.0,21.0
1.5,2.4,33.0,20.0
,2.9,26.0,20.0
0.0,1.2,34.0,20.0
2.5,3.0,27.0,20.0
0.0,1.0,31.0,21.0
0.0,3.1,31.0,21.0
0.0,3.9,31.0,16.0
0.0,4.6,31.0,14.5
0.0,3.9,32.0,13.5
0.0,2.6,33.0,14.0
0.0,3.4,33.0,14.0
0.0,3.5,32.0,15.0
0.0,3.2,30.0,17.0
0.0,2.7,32.0,16.0
0.0,3.6,34.5,13.0
0.0,3.4,33.0,13.0
0.0,2.8,30.0,14.0
0.0,3.6,34.0,12.0
0.0,3.8,34.0,11.0
0.0,3.4,34.0,10.0
0.0,3.4,34.0,10.0
0.0,3.1,35.0,13.0
0.0,3.6,34.0,13.5
0.0,4.0,33.0,12.0
0.0,3.5,34.0,9.0
0.0,4.2,34.0,5.0
0.0,4.1,34.0,6.0
0.0,3.7,35.0,6.0
0.0,3.5,35.0,6.0
0.0,3.8,35.0,6.0
0.0,3.6,36.0,5.0
0.0,3.9,32.0,6.0
0.0,3.3,32.0,6.0
0.0,3.5,31.0,6.0
0.0,3.4,28.0,8.5
,2.5,28.0,9.5
10.5,2.0,28.0,10.0
0.0,0.5,25.0,17.0
0.0,1.0,31.0,13.0
0.0,2.1,31.0,14.0
2.0,1.3,32.0,13.5
1.0,3.3,24.0,14.5
0.0,0.8,29.0,12.0
0.0,1.8,31.0,9.5
0.0,3.3,31.0,10.0
0.0,2.7,30.0,9.5
0.0,4.2,29.0,9.0
0.0,3.1,30.0,5.5
0.0,2.9,26.0,5.5
0.0,1.8,27.0,6.0
0.0,3.8,28.0,6.0
0.0,1.8,31.0,6.0
0.0,2.8,32.0,3.0
0.0,3.2,31.0,3.0
0.0,3.8,31.0,3.0
0.0,2.2,29.5,5.0
0.0,4.6,28.0,4.0
0.0,3.0,28.0,4.5
0.0,1.9,32.0,3.5
0.0,4.7,29.0,4.0
5.0,3.1,23.0,4.5
0.0,1.5,22.0,13.5
0.0,2.1,23.0,3.5
0.0,2.1,28.0,3.5
0.0,2.8,28.0,2.0
0.0,1.8,31.0,0.5
0.0,2.7,34.0,0.5
0.0,2.6,32.0,2.0
0.0,4.3,29.0,4.0
0.0,3.6,31.0,3.0
0.0,3.7,32.0,3.5
0.0,3.3,32.0,3.0
0.0,3.6,34.0,4.0
0.0,3.6,34.0,4.5
0.0,3.7,32.0,6.0
1.5,4.1,33.0,8.0
0.0,1.8,24.0,8.5
0.0,0.3,28.0,15.0
0.0,0.5,27.5,17.5
0.0,2.3,29.0,15.5
0.0,3.5,30.0,16.0
0.0,2.5,32.0,10.0
0.0,4.1,34.0,8.0
0.0,3.7,35.0,7.0
0.0,4.3,35.0,7.0
0.0,5.4,34.0,8.0
0.0,4.1,32.0,8.5
0.0,3.2,32.0,9.0
0.0,3.5,35.0,9.0
0.0,4.6,34.0,8.5
0.0,4.1,33.0,7.0
0.0,4.5,32.0,7.0
0.0,3.9,35.0,7.0
0.0,5.2,32.0,7.5
0.0,2.0,33.0,8.5
0.0,3.9,33.0,11.5
0.0,3.1,34.5,8.0
0.0,6.2,33.0,8.5
0.0,3.1,35.0,9.0
0.0,5.3,34.0,12.0
0.0,3.7,34.0,12.5
0.0,3.3,33.0,14.5
8.0,3.8,29.0,15.0
0.0,3.0,30.0,10.0
0.0,3.2,31.0,10.5
6.0,4.3,22.0,13.5
1.0,0.2,20.0,14.5
0.0,0.3,24.0,15.0
0.0,0.6,28.0,9.0
0.0,3.7,29.0,9.0
0.0,3.8,33.0,7.0
0.0,4.3,33.0,7.0
0.0,3.3,32.0,12.0
8.0,4.3,27.0,11.5
3.0,1.6,25.0,17.0
0.0,1.5,28.0,10.0
0.0,4.9,32.0,9.0
0.0,4.3,34.0,9.0
0.0,4.8,34.0,10.0
0.0,5.0,31.0,10.0
2.5,3.9,28.0,12.0
0.0,4.7,26.0,11.0
0.0,4.1,30.0,5.0
0.0,5.3,30.0,5.0
0.0,3.6,26.0,6.0
0.0,3.8,24.0,14.0
0.0,1.8,27.0,14.5
0.0,4.2,29.0,9.0
0.0,4.6,29.0,5.0
0.0,2.0,27.0,5.0
0.0,1.6,30.0,9.0
0.0,6.4,31.0,5.0
0.0,3.7,29.0,5.0
0.0,5.8,30.0,5.0
0.0,4.5,32.0,5.5
0.0,5.6,34.0,5.0
0.0,6.0,34.5,5.0
0.0,6.2,29.0,8.5
0.0,2.7,36.0,12.0
0.0,5.1,35.0,10.5
0.0,8.0,36.0,8.0
0.0,6.4,33.0,8.0
0.0,4.7,35.0,11.0
0.0,4.9,34.5,8.0
0.0,7.0,33.0,8.0
0.0,6.6,28.0,8.0
0.0,4.2,24.0,12.0
0.0,4.7,27.0,5.0
0.0,6.0,29.0,5.0
0.0,6.1,32.0,5.0
0.0,6.8,35.0,5.5
0.0,7.3,34.0,6.0
0.0,3.1,31.0,8.5
0.0,8.5,34.5,12.0
0.0,8.1,38.0,9.0
0.0,6.5,34.0,9.0
0.0,7.4,33.0,10.5
0.0,6.9,34.0,10.0
0.0,6.9,38.0,12.5
12.0,8.8,39.0,12.0
0.0,7.2,39.0,12.0
0.0,9.1,37.0,12.5
0.0,8.8,34.5,15.0
0.0,6.8,26.0,12.0
0.0,8.4,34.0,7.0
0.0,6.2,35.0,7.0
0.0,7.1,34.0,8.5
0.0,3.6,38.0,9.0
0.0,8.6,34.0,9.0
0.0,4.5,28.0,15.0
0.0,2.4,37.0,11.0
0.0,7.8,38.0,11.5
0.0,9.3,40.0,13.0
0.0,9.2,39.0,13.0
0.0,4.4,36.0,13.5
0.0,8.7,37.0,14.0
0.0,10.3,35.0,14.0
0.0,5.8,33.0,17.0
0.0,6.5,37.0,13.0
0.0,8.3,38.0,13.0
0.0,8.2,37.0,13.0
0.0,8.4,37.0,13.0
0.0,7.9,34.0,13.0
0.0,5.1,35.0,13.0
0.0,9.4,36.0,13.0
0.0,9.0,34.0,13.0
0.0,9.0,34.0,15.0
0.0,7.1,34.0,18.0
0.0,6.0,33.0,19.5
0.0,4.8,38.5,17.0
0.0,9.2,37.0,15.0
0.0,6.1,39.0,14.5
0.0,9.8,43.0,14.5
0.0,10.6,41.5,14.0
0.0,10.5,37.0,14.0
0.0,5.3,37.0,12.0
0.0,10.9,38.5,10.0
0.0,7.2,38.5,10.5
0.0,11.1,38.0,12.5
0.0,10.3,38.0,12.0
0.0,14.6,40.0,13.0
0.0,4.3,40.0,14.0
0.0,10.5,40.0,15.0
0.0,7.0,39.0,16.0
0.0,13.0,38.0,18.0
0.0,8.1,38.0,18.0
0.0,9.2,38.0,18.0
0.0,10.1,38.0,19.0
0.0,9.2,39.0,18.0
0.0,9.3,38.0,18.0
0.0,7.2,38.0,23.0
0.0,10.6,39.0,22.0
0.0,9.2,40.0,22.0
0.0,9.6,38.0,21.0
0.0,9.2,39.0,20.0
0.0,6.4,37.0,18.0
0.0,8.6,38.0,17.5
0.0,9.9,39.0,20.0
0.0,8.4,38.0,22.5
0.0,10.5,42.0,19.0
0.0,10.3,42.0,17.0
0.0,11.9,42.0,15.5
0.0,9.8,37.0,15.0
0.0,8.1,38.0,17.5
0.0,8.4,38.0,23.0
0.0,9.5,38.0,20.0
0.0,10.2,39.0,18.0
0.0,10.0,40.0,18.0
0.0,9.8,38.0,17.5
0.0,9.8,39.0,19.5
0.0,9.1,39.0,20.0
0.0,9.1,39.0,23.5
0.0,9.1,39.0,23.0
0.0,9.0,40.0,23.0
0.0,9.3,41.0,23.0
0.0,9.8,42.0,22.0
0.0,9.2,41.0,23.0
0.0,11.1,41.0,25.5
0.0,9.9,39.0,26.0
0.0,10.5,41.0,23.5
0.0,11.4,40.0,23.0
0.0,9.1,40.0,23.0
0.0,11.3,40.0,24.0
0.0,8.7,37.0,25.0
0.0,8.0,39.0,24.0
3.0,9.5,39.0,24.0
0.0,9.0,40.0,25.0
7.0,9.3,41.0,24.5
0.0,8.9,37.0,23.5
6.0,6.9,37.0,24.0
42.0,7.2,34.0,24.0
1.0,5.5,33.0,23.0
0.0,1.3,35.0,23.0
0.0,5.4,35.5,23.0
14.0,5.9,36.0,25.0
0.0,8.2,34.0,23.0
0.0,5.6,34.0,25.0
6.0,5.7,37.0,25.5
28.0,5.1,36.0,25.0
4.0,5.9,33.0,22.5
0.0,4.5,32.0,24.0
0.0,2.7,38.0,23.0
8.0,4.0,36.5,23.0
3.0,0.9,35.0,24.5
5.0,6.5,37.0,24.0
1.0,7.2,37.0,24.0
0.0,5.4,37.0,23.0
3.0,6.2,34.0,23.5
13.0,5.3,34.0,23.0
0.0,3.8,33.0,22.0
0.0,4.5,35.0,23.0
0.0,4.5,36.0,23.5
0.0,6.0,37.0,21.0
6.0,6.4,38.0,22.0
13.0,0.6,34.0,23.0
13.0,3.7,34.0,23.0
0.0,0.6,33.5,21.5
0.0,4.4,33.0,21.5
0.0,2.0,35.0,22.5
0.0,5.2,36.0,23.0
99.0,7.6,34.0,24.0
19.0,11.2,33.0,23.0
0.0,4.4,32.0,23.0
3.0,4.6,35.0,23.5
10.0,7.0,33.0,24.0
0.0,4.3,33.0,23.0
4.0,3.4,34.0,23.0
0.0,6.2,34.0,23.0
0.0,4.0,33.0,23.0
0.0,2.7,34.0,24.0
0.0,6.4,36.0,24.5
0.0,5.6,33.0,24.5
35.0,3.3,34.0,25.0
0.0,6.0,34.0,21.0
0.0,3.2,34.0,22.0
0.0,5.4,35.0,22.0
0.0,4.3,35.0,21.0
0.0,4.3,35.0,21.5
40.0,5.0,33.0,24.0
4.0,6.8,32.0,23.0
0.0,3.6,33.5,22.5
61.0,4.2,33.0,23.5
0.0,9.3,32.0,22.0
101.0,1.5,31.0,22.5
45.5,5.0,31.0,21.5
0.0,5.5,29.0,21.0
0.0,0.9,29.5,22.5
5.5,0.2,32.0,23.0
0.0,4.5,33.0,22.0
0.0,5.3,33.0,22.0
0.0,5.0,34.0,23.0
0.0,4.9,35.0,23.0
0.0,5.4,35.0,25.0
0.0,5.8,35.0,22.0
2.0,3.5,35.0,21.5
0.0,7.6,32.0,23.0
31.0,1.4,31.0,23.5
0.0,4.5,31.0,23.0
0.0,2.7,33.0,23.5
6.0,3.8,33.0,24.5
1.0,4.1,30.0,24.0
0.0,1.8,31.0,24.0
34.0,2.3,32.0,25.0
0.0,6.3,31.0,22.0
0.0,2.3,33.0,23.0
4.0,5.5,34.0,23.0
6.0,2.2,32.0,23.0
0.0,4.9,33.0,23.0
20.5,2.9,33.0,23.0
0.0,4.9,33.0,22.0
23.0,2.8,33.0,22.0
0.0,5.9,34.0,22.0
1.0,3.2,31.0,22.5
2.5,1.2,28.0,24.0
43.5,7.1,24.0,22.0
0.0,4.0,30.0,22.0
0.0,0.8,33.0,22.0
0.0,4.1,34.0,22.5
0.0,4.7,33.0,23.0
0.0,4.1,33.0,20.0
0.0,4.1,34.0,21.0
0.0,2.3,36.0,20.5
0.0,3.4,35.0,20.0
0.0,3.2,35.0,21.5
0.0,3.5,34.0,20.0
0.0,3.6,33.5,20.0
0.0,5.5,33.0,22.0
0.0,3.6,34.0,22.0
2.0,3.0,34.0,22.5
29.0,3.5,30.0,22.0
17.0,3.4,28.0,22.0
0.0,2.5,30.0,22.0
0.0,2.7,34.0,22.5
0.0,2.6,31.0,20.0
0.0,3.7,33.0,20.0
0.0,3.1,32.0,21.0
0.0,3.5,33.0,22.0
0.0,3.4,34.0,21.5
0.0,5.4,34.0,21.0
0.0,2.7,36.0,21.5
3.5,4.3,37.0,18.5
2.0,4.5,35.0,17.0
0.0,3.4,34.0,17.0
0.0,3.6,35.0,16.0
0.0,3.5,35.0,17.0
0.0,3.2,33.0,16.0
0.0,3.0,32.0,16.0
0.0,3.4,30.0,18.0
0.0,1.9,32.0,19.0
0.0,3.4,31.0,16.0
0.0,3.9,32.0,12.0
0.0,2.3,31.0,12.0
0.0,4.2,31.0,13.0
0.0,3.2,31.0,14.5
0.0,3.2,33.0,14.0
0.0,3.5,34.0,13.0
0.0,2.7,34.0,13.5
0.0,4.5,33.0,16.0
0.0,4.2,32.0,15.0
0.0,3.0,33.0,12.0
0.0,3.0,35.0,12.0
0.0,3.6,35.0,12.0
0.0,3.3,36.0,16.0
0.0,3.3,37.0,14.0
0.0,3.9,37.5,14.0
0.0,3.9,37.0,14.0
0.0,4.5,36.0,14.0
0.0,3.0,34.0,14.5
0.0,3.2,33.0,17.0
0.0,3.5,37.0,15.0
0.0,1.4,28.0,16.0
0.0,1.4,31.0,10.0
0.0,3.3,34.5,10.0
0.0,3.4,35.0,9.5
0.0,4.1,34.0,9.5
0.0,2.6,32.0,11.5
0.0,4.9,30.0,12.0
0.0,2.2,32.0,10.5
0.0,3.2,28.0,10.0
0.0,4.6,33.0,11.0
0.0,1.0,31.0,13.0
0.0,3.6,29.0,11.0
0.0,4.4,35.0,8.0
0.0,2.4,34.0,8.5
0.0,4.1,35.0,9.0
0.0,4.5,36.0,8.5
0.0,4.5,32.0,9.0
0.0,3.2,32.0,10.0
0.0,1.1,32.0,10.0
0.0,2.5,32.0,10.5
0.0,2.8,31.0,11.0
0.0,3.5,29.0,10.0
0.0,3.3,28.5,10.0
0.0,1.8,29.0,9.0
0.0,2.9,29.0,9.0
0.0,2.9,27.0,10.0
0.0,4.2,30.0,7.0
0.0,2.0,33.0,5.0
0.0,4.6,29.0,3.0
0.0,1.5,31.0,3.0
0.0,3.6,34.0,2.5
0.0,2.4,36.0,2.5
0.0,3.5,35.0,4.0
0.0,3.9,32.0,5.0
0.0,2.9,31.0,5.0
0.0,2.8,32.0,5.0
0.0,4.3,32.0,5.5
0.0,1.9,30.0,6.0
0.0,4.7,31.0,5.0
0.0,3.4,32.0,5.0
0.0,3.9,29.5,5.5
0.0,3.4,26.0,3.0
0.0,3.7,29.0,1.0
0.0,3.7,29.0,0.0
0.0,3.1,28.0,0.0
0.0,2.0,32.0,3.0
0.0,3.0,28.0,12.0
0.0,0.5,29.0,14.5
0.0,2.3,30.0,12.0
0.0,4.9,32.0,8.0
0.0,3.4,31.0,7.0
0.0,3.7,31.0,7.0
0.0,3.7,32.0,6.0
0.0,3.7,32.0,6.0
0.0,3.9,31.0,8.0
0.0,3.5,27.0,8.0
0.0,1.4,27.0,10.0
9.5,1.6,21.0,12.0
31.0,0.5,21.0,17.0
48.5,1.9,21.0,16.5
0.0,2.7,22.0,13.0
0.0,1.3,33.0,9.0
0.0,2.0,25.0,7.0
0.0,1.8,28.0,7.5
0.0,4.0,23.0,7.0
0.0,2.0,26.0,9.5
0.0,3.0,24.0,10.0
20.0,1.2,19.0,10.0
0.0,2.3,22.0,11.0
0.0,1.7,22.5,5.5
0.0,2.5,24.0,5.5
0.0,3.8,27.0,5.5
0.0,3.2,26.0,5.5
0.0,3.1,23.0,6.0
0.0,2.2,27.0,8.5
0.0,3.1,26.5,7.0
0.0,3.4,25.0,5.5
0.0,3.0,28.0,6.0
0.0,3.4,26.0,7.0
0.0,1.7,24.0,10.0
0.0,3.5,24.0,13.0
0.0,3.1,27.0,5.0
0.0,3.7,29.0,4.0
0.0,2.5,31.0,4.0
0.0,4.1,24.0,7.0
0.0,0.9,22.5,9.5
0.0,0.6,27.0,14.0
0.0,4.4,25.0,8.0
0.0,2.5,28.0,6.0
0.0,4.0,29.0,3.0
0.0,4.1,28.0,3.0
0.0,3.7,32.0,4.5
0.0,3.3,37.0,4.5
0.0,6.4,37.0,6.0
0.0,5.4,34.0,7.0
0.0,5.3,32.0,5.0
0.0,5.0,30.0,5.0
4.0,5.2,23.0,4.5
9.0,1.6,23.0,11.5
0.0,3.0,24.0,12.0
0.0,2.4,28.0,5.0
0.0,3.7,31.0,5.5
0.0,4.2,27.0,6.0
0.0,3.0,27.0,10.5
0.0,4.8,26.0,13.0
0.0,3.2801113840306555,29.0,8.0
0.0,2.278514699530738,26.0,8.0
0.0,3.2801113840306555,29.0,8.0
0.0,2.5829111111111116,24.0,8.5
0.0,2.039608023838907,24.0,10.5
0.0,3.2801113840306555,29.0,8.0
0.0,2.801713359007357,27.0,6.0
0.0,3.299629437229437,26.0,6.0
0.0,3.52657730025603,31.0,8.0
0.0,4.1647732738034575,33.0,8.0
0.0,3.4303447251278123,29.0,8.5
0.0,2.7568088189588194,30.0,13.0
0.0,3.2503070321692786,31.0,11.0
0.0,2.496658333333334,27.0,10.5
0.0,1.188601082251083,24.0,11.0
3.0,1.6480000000000004,26.0,15.0
15.0,2.314999999999996,28.0,9.0
0.0,3.4766245999123466,29.0,9.0
0.0,3.052502654536608,31.0,10.0
0.0,4.060248048205252,33.0,9.0
0.0,4.039758847310535,32.0,8.0
0.0,4.060248048205252,33.0,9.0
0.0,3.579493289352214,31.0,9.0
0.0,3.640005293317792,32.0,9.5
0.0,4.039758847310535,32.0,8.0
0.0,4.039758847310535,32.0,8.0
0.0,4.559009668243971,34.0,8.0
0.0,4.597258694083693,33.5,8.0
0.0,4.105349725437962,31.0,8.5
0.0,4.3684705759668585,32.0,7.5
0.0,4.559009668243971,34.0,8.0
0.0,6.579971188452072,37.0,9.0
0.0,6.579971188452072,37.0,9.0
0.0,5.482939304402774,34.0,10.0
0.0,5.495071725763821,35.0,11.0
0.0,6.579971188452072,37.0,9.0
0.0,6.5899166666666735,39.0,8.5
0.0,6.946015291816089,37.0,10.0
0.0,5.298161344781885,34.0,13.0
0.0,4.933216811298396,34.0,11.0
0.0,3.579493289352214,31.0,9.0
0.0,4.060248048205252,33.0,9.0
0.0,4.658867118992117,36.0,8.5
0.0,5.435956655280291,35.0,9.0
0.0,6.111302689728535,36.0,10.0
0.0,7.4077041114986795,38.0,10.0
0.0,6.179343186329533,36.0,12.0
0.0,7.304537949574011,37.0,12.0
0.0,5.157584842848192,35.0,17.0
0.0,6.981015059945424,37.0,15.0
0.0,6.981015059945424,37.0,15.0
0.0,9.792431564513919,40.0,13.0
0.0,9.792431564513919,40.0,13.0
0.0,7.096639189469801,37.0,17.0
0.0,4.7661408359786055,35.0,20.0
0.0,3.959429033365041,33.0,13.0
0.0,4.933216811298396,34.0,11.0
0.0,5.91908233584441,36.0,10.5
0.0,7.960479149920836,38.0,10.5
0.0,7.7998361043396445,38.0,11.0
0.0,7.7998361043396445,38.0,11.0
0.0,8.897825732600733,37.0,10.5
0.0,5.495071725763821,35.0,11.0
0.0,6.111302689728535,36.0,10.0
0.0,6.111302689728535,36.0,10.0
0.0,6.179343186329533,36.0,12.0
0.0,6.708454185123205,36.0,13.0
0.0,6.145437994250119,36.0,11.0
0.0,6.152967971802493,37.0,11.0
0.0,7.680559523206267,38.5,12.0
0.0,7.979667835870693,39.5,12.0
0.0,8.451242882057743,39.0,12.0
0.0,8.124461060262771,38.0,13.0
0.0,8.641771345182427,39.0,15.0
0.0,8.774291508165035,39.0,14.0
0.0,8.124461060262771,38.0,13.0
0.0,8.124461060262771,38.0,13.0
0.0,6.708454185123205,36.0,13.0
0.0,6.708454185123205,36.0,13.0
0.0,6.981015059945424,37.0,15.0
0.0,8.840075688522,39.5,17.0
0.0,7.4273382556871335,37.0,18.0
0.0,4.7661408359786055,35.0,20.0
0.0,2.270047619047622,30.0,20.0
0.0,4.755155011435458,35.0,21.0
0.0,4.7661408359786055,35.0,20.0
0.0,5.694139861948023,36.0,22.0
0.0,9.080873516796588,38.0,20.0
0.0,6.213022010503032,36.0,20.0
0.0,6.213022010503032,36.0,20.0
0.0,9.202687186764308,39.0,17.0
0.0,9.27812909412569,39.0,16.5
0.0,8.352323100244485,38.0,18.0
0.0,8.352323100244485,38.0,18.0
0.0,8.352323100244485,38.0,18.0
0.0,7.909863045704437,38.0,15.0
0.0,6.981015059945424,37.0,15.0
0.0,9.186104632363753,39.0,16.0
0.0,9.442647509293563,39.0,18.0
0.0,9.979600747601323,40.0,18.0
0.0,8.74196533980725,39.0,19.0
0.0,7.096639189469801,37.0,17.0
0.0,7.453452981787733,36.0,17.0
0.0,4.7661408359786055,35.0,20.0
0.0,6.147852233877234,35.0,19.5
0.0,3.9655844155844107,29.0,19.0
0.0,4.384296103896104,35.0,20.5
0.0,4.176466666666669,29.0,21.0
0.0,5.694139861948023,36.0,22.0
0.0,5.953031992849211,37.0,23.0
0.0,7.053357913867189,38.0,24.0
0.0,4.416783322943347,34.0,24.0
0.0,7.641604956154957,38.0,22.0
0.0,7.641604956154957,38.0,22.0
0.0,9.463141297866219,40.0,23.0
0.0,8.29400073566416,39.0,23.0
0.5,9.099832364857358,41.0,24.0
0.0,9.19455886570445,39.0,25.0
0.0,9.479555154176266,40.0,25.0
0.0,8.648882389602463,39.0,24.0
0.0,7.053357913867189,38.0,24.0
0.0,5.844850058219545,36.0,24.0
3.0,6.359344781144785,38.0,24.0
0.0,3.7000469696969702,32.0,23.5
0.0,5.844850058219545,36.0,24.0
0.0,9.19455886570445,39.0,25.0
0.0,5.288376094028688,36.0,25.0
0.0,3.3688590909090887,33.0,26.5
0.0,5.231042857142858,35.0,27.0
0.0,3.2474423659673666,33.0,25.0
0.0,7.053357913867189,38.0,24.0
0.0,9.611143676986924,40.0,24.0
0.0,8.294557776906995,38.5,23.0
0.0,8.19015062992563,40.0,23.5
0.0,6.825145113200474,37.0,24.0
0.0,5.102423304473304,36.0,26.0
1.0,5.334059523809523,37.0,25.5
4.0,9.099166666666669,39.0,24.0
12.0,5.401000000000002,37.0,25.0
36.0,8.772000000000002,39.0,25.0
13.0,5.501000000000002,37.0,22.0
0.0,5.0088366584839505,35.0,24.0
97.0,8.783000000000014,37.0,25.0
20.0,3.453499999999998,31.0,23.0
12.5,5.632666666666665,35.0,23.0
0.0,5.940668797993372,35.0,23.5
12.0,6.570999999999997,36.0,24.0
21.0,2.099000000000002,29.0,25.0
0.0,2.2936333333333336,29.0,23.5
0.0,4.664728499560146,34.0,23.5
2.5,2.6582267857142883,35.0,24.5
0.0,3.2474423659673666,33.0,25.0
4.0,5.825600000000001,35.5,25.0
17.5,7.557466666666661,35.0,23.0
0.0,2.194550000000002,28.5,22.0
25.5,5.119999999999996,32.0,22.0
0.0,4.038518029242,34.0,21.5
0.0,5.098277522789198,35.0,22.0
0.0,4.875732354397967,35.0,23.0
17.5,3.7144999999999953,32.0,23.0
11.0,3.8674137085137104,33.0,23.0
0.0,3.846233484842383,33.0,23.0
0.0,4.291658208050968,34.0,23.0
1.0,3.345663997113996,33.0,23.5
1.0,3.4124333333333356,30.0,24.0
0.0,3.779913761190116,33.0,24.0
0.0,4.291658208050968,34.0,23.0
0.0,3.846233484842383,33.0,23.0
1.0,4.549137843687958,34.0,23.5
1.5,4.2966142857142815,34.0,24.0
0.0,3.1120668067226904,31.0,22.5
0.0,5.098277522789198,35.0,22.0
0.0,6.698510645974202,37.0,22.0
80.0,11.7336,38.0,22.0
0.0,3.968567908480408,32.0,21.5
12.5,3.3166845238095237,34.0,23.0
0.0,3.4292931966468334,33.0,23.5
53.0,6.520999999999997,32.0,25.0
52.0,5.843000000000001,33.0,23.0
0.0,3.787951249066613,33.0,22.5
0.0,4.291658208050968,34.0,23.0
26.0,5.780250000000002,35.0,25.0
0.0,3.5937543238048106,32.0,23.0
0.0,4.664728499560146,34.0,23.5
91.0,11.401999999999992,34.0,25.0
4.0,2.1789999999999985,28.0,22.0
0.0,3.846233484842383,33.0,23.0
0.0,3.846233484842383,33.0,23.0
4.5,3.3452857142857146,34.0,22.5
0.0,4.611146783493878,34.0,22.0
0.0,5.098277522789198,35.0,22.0
2.5,4.611499999999993,34.0,24.5
0.0,3.5937543238048106,32.0,23.0
0.0,4.291658208050968,34.0,23.0
0.0,4.875732354397967,35.0,23.0
0.0,4.875732354397967,35.0,23.0
5.0,5.7875499999999995,35.0,23.5
0.0,4.416783322943347,34.0,24.0
0.0,5.940668797993372,35.0,23.5
0.0,5.2083164086106395,36.0,23.0
0.0,5.2083164086106395,36.0,23.0
0.0,4.291658208050968,34.0,23.0
25.0,5.817250000000001,35.0,25.5
0.0,4.038518029242,34.0,21.5
0.0,5.392525793650794,36.0,21.5
0.0,5.657532142857141,35.5,24.0
0.0,5.844850058219545,36.0,24.0
12.5,6.516999999999993,36.0,24.5
0.0,3.846233484842383,33.0,23.0
0.0,5.0088366584839505,35.0,24.0
0.0,4.4706541347541355,35.0,25.5
0.0,5.87074773469994,36.0,24.5
28.0,7.327999999999998,37.0,25.0
0.0,2.717653879453879,30.0,23.0
0.0,3.846233484842383,33.0,23.0
0.0,3.779913761190116,33.0,24.0
0.0,3.4527580446514263,32.0,24.0
0.0,3.5995108696858695,34.0,24.5
0.0,5.2083164086106395,36.0,23.0
24.5,6.446000000000001,36.0,22.5
0.0,4.611146783493878,34.0,22.0
10.5,3.989249999999996,33.0,22.0
0.0,3.1016617714596104,31.0,23.0
0.0,4.291658208050968,34.0,23.0
0.0,3.7142251710549075,32.0,22.0
0.0,3.780466197527961,33.0,20.0
0.0,4.260788102869634,33.0,18.0
0.0,4.3663661664845,34.0,18.0
0.0,4.3663661664845,34.0,18.0
0.0,4.3663661664845,34.0,18.0
0.0,5.863027952602952,34.0,18.5
0.0,6.147852233877234,35.0,19.5
0.0,5.13271526765551,36.0,19.0
0.0,5.157584842848192,35.0,17.0
0.0,5.436975325499805,35.0,14.0
0.0,4.670146039375533,35.0,13.0
0.0,5.298161344781885,34.0,13.0
0.0,5.298161344781885,34.0,13.0
0.0,4.231305303030303,33.5,13.0
0.0,4.363463569102043,33.0,15.0
0.0,4.339513694335719,32.0,14.0
0.0,3.3116796492980707,32.0,13.0
0.0,5.298161344781885,34.0,13.0
0.0,4.670146039375533,35.0,13.0
0.0,7.3833159746303,37.0,13.0
0.0,8.124461060262771,38.0,13.0
0.0,8.274000877629584,38.0,12.0
0.0,6.179343186329533,36.0,12.0
0.0,6.430100188700184,35.0,13.5
0.0,6.145437994250119,36.0,11.0
0.0,4.933216811298396,34.0,11.0
0.0,4.797097580614331,35.0,12.0
0.0,6.708454185123205,36.0,13.0
0.0,4.670146039375533,35.0,13.0
0.0,6.708454185123205,36.0,13.0
0.0,5.418306441239183,35.0,15.0
0.0,6.708454185123205,36.0,13.0
0.0,4.797097580614331,35.0,12.0
0.0,5.495071725763821,35.0,11.0
0.0,5.495071725763821,35.0,11.0
0.0,5.321904447693234,35.0,10.0
0.0,5.544670099345101,34.5,9.0
0.0,4.891699634842283,34.5,10.0
0.0,5.343310897435896,33.5,9.0
0.0,5.452487078540986,34.0,9.0
0.0,4.160419930601922,35.0,8.0
0.0,3.847230583288401,34.0,7.5
0.0,3.8370434569561285,33.0,7.0
4.0,2.340416866325446,30.0,7.0
5.0,3.0029999999999974,24.0,13.0
0.0,3.2801113840306555,29.0,8.0
0.0,3.1055287091887247,30.0,9.0
0.0,2.6716444444444436,29.5,9.0
0.0,3.52657730025603,31.0,8.0
0.0,3.775915530915238,32.0,7.0
0.0,3.775915530915238,32.0,7.0
0.0,4.1647732738034575,33.0,8.0
0.0,3.8370434569561285,33.0,7.0
0.0,4.658867118992117,36.0,8.5
0.0,3.2003658863299838,30.0,8.0
0.0,3.4010430118256334,29.0,10.0
0.0,3.327484581094781,30.0,7.0
0.0,3.775915530915238,32.0,7.0
0.0,3.2801113840306555,29.0,8.0
0.0,3.52657730025603,31.0,8.0
0.0,3.2801113840306555,29.0,8.0
0.0,4.160419930601922,35.0,8.0
0.0,4.1647732738034575,33.0,8.0
0.0,3.579493289352214,31.0,9.0
0.0,2.529395114768347,28.0,10.0
0.0,2.1813234598734605,26.0,10.0
0.0,2.7202322738664857,27.0,4.0
0.0,4.230613492063492,30.0,4.5
0.0,4.12923797036297,31.0,6.5
0.0,4.212479944466066,34.0,6.0
0.0,4.447024760461304,34.0,6.5
0.0,4.212479944466066,34.0,6.0
0.0,3.7856369047619056,34.0,5.5
0.0,3.5078471907993958,33.0,5.0
0.0,4.427607540494422,34.0,5.0
0.0,3.6583676295926284,33.5,6.0
0.0,3.655281716231824,33.0,6.0
0.0,3.5078471907993958,33.0,5.0
0.0,3.5728595485611736,29.0,5.0
0.0,3.327484581094781,30.0,7.0
0.0,3.040629466577289,30.0,6.0
0.0,4.12923797036297,31.0,6.5
0.0,3.775915530915238,32.0,7.0
0.0,3.8370434569561285,33.0,7.0
0.0,2.8129827187690193,28.0,7.0
0.0,6.111302689728535,36.0,10.0
0.0,5.300649818563791,36.0,8.0
0.0,6.109172252747252,35.0,6.5
0.0,3.8370434569561285,33.0,7.0
0.0,3.5775136337896316,32.0,6.0
0.0,3.655281716231824,33.0,6.0
0.0,2.981765036352534,31.5,7.0
0.0,3.579493289352214,31.0,9.0
0.0,3.6099705459043383,29.0,7.0
0.0,3.7983215758140068,31.0,7.0
0.0,2.014592857142857,26.0,15.0
0.0,1.7353293956043965,25.0,11.0
0.0,3.3024857142857162,28.0,0.0
0.0,3.2965714285714283,34.0,-1.0
0.0,4.468983333333333,31.5,-1.0
0.0,3.4974878352856305,31.0,3.0
0.0,4.363544705982574,30.0,5.0
0.0,4.363544705982574,30.0,5.0
0.0,3.055715873015873,29.0,4.5
0.0,4.363544705982574,30.0,5.0
0.0,3.118338699042645,30.0,10.0
0.0,4.060248048205252,33.0,9.0
3.0,2.181999999999999,19.0,9.5
0.0,3.4804301226551204,29.0,13.0
0.0,3.7983215758140068,31.0,7.0
0.0,3.655281716231824,33.0,6.0
0.0,3.5775136337896316,32.0,6.0
0.0,3.991074134525607,31.0,7.5
0.0,3.5775136337896316,32.0,6.0
0.0,3.5078471907993958,33.0,5.0
0.0,3.7856369047619056,34.0,5.5
0.0,3.5775136337896316,32.0,6.0
0.0,4.597258694083693,33.5,8.0
0.0,4.559009668243971,34.0,8.0
0.0,4.3684705759668585,32.0,7.5
0.0,3.0526890220890213,27.0,13.0
0.0,1.7084992063492064,28.5,11.0
0.0,4.358399200799202,33.5,7.0
0.0,5.325914954489957,37.0,7.5
0.0,4.559009668243971,34.0,8.0
0.0,3.640005293317792,32.0,9.5
0.0,5.452487078540986,34.0,9.0
0.0,4.160419930601922,35.0,8.0
0.0,5.140897692585195,37.0,7.0
0.0,5.343310897435896,33.5,9.0
0.0,5.435956655280291,35.0,9.0
0.0,6.145232564002319,36.0,9.0
0.0,5.435956655280291,35.0,9.0
0.0,5.482939304402774,34.0,10.0
0.0,5.321904447693234,35.0,10.0
0.0,5.452487078540986,34.0,9.0
0.0,6.145232564002319,36.0,9.0
0.0,6.989811111111112,38.0,9.5
0.0,6.946015291816089,37.0,10.0
0.0,6.989811111111112,38.0,9.5
0.0,6.946015291816089,37.0,10.0
0.0,5.055095361344786,34.0,12.0
0.0,6.145437994250119,36.0,11.0
0.0,4.797097580614331,35.0,12.0
0.0,6.3503926073926085,38.0,9.0
0.0,7.161075396825397,39.0,9.0
0.0,6.145232564002319,36.0,9.0
0.0,4.060248048205252,33.0,9.0
0.0,3.579493289352214,31.0,9.0
0.0,3.2829531934960166,29.0,4.0
0.0,3.4406789321789306,30.0,4.0
0.0,3.9309045981795983,31.0,9.5
0.0,4.1647732738034575,33.0,8.0
0.0,5.421590404792146,36.0,7.0
0.0,3.8370434569561285,33.0,7.0
0.0,6.111302689728535,36.0,10.0
0.0,6.145437994250119,36.0,11.0
0.0,4.846008488288955,33.0,11.0
2.5,1.3349999999999989,23.0,10.5
0.0,2.9912577416048016,29.0,11.0
0.0,3.775915530915238,32.0,7.0
0.0,3.5078471907993958,33.0,5.0
0.0,5.630705122655126,34.5,7.0
0.0,4.160419930601922,35.0,8.0
0.0,5.495071725763821,35.0,11.0
0.0,4.160419930601922,35.0,8.0
0.0,4.160419930601922,35.0,8.0
0.0,5.452487078540986,34.0,9.0
0.0,5.321904447693234,35.0,10.0
0.0,5.435956655280291,35.0,9.0
0.0,5.321904447693234,35.0,10.0
0.0,6.708454185123205,36.0,13.0
0.0,9.040851368076373,39.0,11.0
0.0,9.151549755799758,41.0,11.0
0.0,7.528856926406926,37.5,12.0
0.0,4.797097580614331,35.0,12.0
0.0,7.132553555594733,36.0,14.5
0.0,7.4077041114986795,38.0,10.0
0.0,7.4077041114986795,38.0,10.0
0.0,8.1891123015873,37.5,13.0
0.0,7.367937944801364,36.0,14.0
0.0,8.124461060262771,38.0,13.0
0.0,9.755399999999991,43.0,14.5
0.0,9.209109722222225,40.0,15.5
0.0,6.238801082200549,36.0,15.0
0.0,6.981015059945424,37.0,15.0
0.0,5.0193633286648005,35.5,15.0
0.0,7.994197496539409,37.0,11.5
0.0,8.274000877629584,38.0,12.0
0.0,8.274000877629584,38.0,12.0
0.0,9.040851368076373,39.0,11.0
0.0,8.274000877629584,38.0,12.0
0.0,7.819515564406356,38.0,11.5
0.0,7.576795900096636,38.0,14.0
0.0,8.89903808252833,39.0,13.0
0.0,6.0366690019486065,39.5,13.0
0.0,8.89903808252833,39.0,13.0
0.0,6.7754789248220595,37.0,14.0
0.0,5.436975325499805,35.0,14.0
0.0,8.897825732600733,37.0,10.5
0.0,8.05505,38.5,10.5
0.0,8.274000877629584,38.0,12.0
0.0,8.274000877629584,38.0,12.0
0.0,4.206796825396825,37.5,12.5
0.0,7.576795900096636,38.0,14.0
0.0,8.497048520923519,39.0,10.5
0.0,8.497048520923519,39.0,10.5
0.0,7.304537949574011,37.0,12.0
0.0,7.371641391941396,39.0,14.5
0.0,4.844727948961775,34.0,15.0
0.0,8.774291508165035,39.0,14.0
0.0,9.847787284937285,40.5,14.0
0.0,9.186104632363753,39.0,16.0
0.0,9.711190476190476,41.5,16.0
0.0,9.711190476190476,41.5,16.0
0.0,9.27812909412569,39.0,16.5
0.0,9.27812909412569,39.0,16.5
0.0,8.620519811270752,38.0,19.0
0.0,8.352323100244485,38.0,18.0
0.0,9.442647509293563,39.0,18.0
0.0,9.348104287765898,39.0,21.0
0.0,10.322135790516672,40.0,19.0
0.0,10.583299999999992,42.0,18.0
0.0,11.322250000000006,42.0,16.5
0.0,7.567985714285723,36.5,16.5
0.0,6.498882209663804,37.0,21.0
0.0,6.698510645974202,37.0,22.0
0.0,5.694139861948023,36.0,22.0
0.0,8.26893943001443,38.0,20.5
0.0,9.979600747601323,40.0,18.0
0.0,9.979600747601323,40.0,18.0
0.0,10.322135790516672,40.0,19.0
0.0,9.223508333333328,41.0,19.0
0.0,8.150174603174603,41.0,21.0
0.0,9.463141297866219,40.0,23.0
0.0,7.852693675988747,38.0,21.0
0.0,9.813566666666665,40.5,20.5
0.0,9.126376190476192,41.0,21.5
0.0,9.378580952380956,41.0,22.5
0.0,9.463141297866219,40.0,23.0
0.0,7.120714285714286,39.0,26.0
0.0,7.120714285714286,39.0,26.0
0.0,6.34039126984127,36.5,25.0
0.0,4.950485545847274,36.0,25.5
0.0,8.868197657244716,40.0,25.5
0.0,9.743127357025497,41.0,24.0
0.0,7.053357913867189,38.0,24.0
0.0,9.110056241285488,38.5,25.0
0.0,8.751675685425692,40.5,23.0
0.0,9.498256807081802,41.5,23.0
0.0,7.188600748458631,38.0,25.5
0.0,8.868197657244716,40.0,25.5
0.0,7.120714285714286,39.0,26.0
5.5,5.863999999999997,38.0,25.0
51.0,8.486999999999993,39.0,25.0
29.0,8.120000000000005,39.0,23.0
0.0,5.2083164086106395,36.0,23.0
37.0,8.538000000000002,38.5,25.0
85.0,10.46499999999999,37.0,21.5
0.0,9.348104287765898,39.0,21.0
0.0,7.852693675988747,38.0,21.0
6.0,6.816083333333337,39.0,25.0
4.0,3.1106785714285707,34.0,25.0
1.0,4.9670353701853776,35.0,23.5
0.0,4.664728499560146,34.0,23.5
0.0,6.299592803321601,38.0,23.0
0.0,8.29400073566416,39.0,23.0
0.0,8.294557776906995,38.5,23.0
4.5,7.620083333333334,39.0,24.5
21.0,8.628000000000005,39.0,25.0
0.0,4.291658208050968,34.0,23.0
10.0,6.099000000000001,35.0,24.0
0.0,5.0088366584839505,35.0,24.0
0.0,5.940668797993372,35.0,23.5
9.0,5.5096666666666705,35.0,26.5
2.5,3.1649071428571425,32.0,25.0
0.0,4.611146783493878,34.0,22.0
2.0,6.501664285714281,35.5,22.0
0.0,5.2083164086106395,36.0,23.0
1.0,5.9709202685536305,38.0,23.0
0.0,4.875732354397967,35.0,23.0
0.0,6.275764178346594,35.5,23.0
11.0,5.683000000000003,37.0,24.0
0.0,4.291658208050968,34.0,23.0
20.5,6.5168636517765,38.0,23.0
10.5,3.855416666666666,33.0,23.0
4.0,2.0310000000000024,29.5,23.5
1.0,2.0569999999999986,28.0,23.0
0.0,3.1016617714596104,31.0,23.0
9.5,5.181999999999996,33.0,23.0
8.5,4.04962857142857,34.0,23.0
39.0,5.621999999999996,33.0,23.5
0.0,3.846233484842383,33.0,23.0
21.0,3.707916666666664,33.0,23.0
0.0,4.291658208050968,34.0,23.0
3.0,2.605833333333334,32.0,24.0
0.0,3.81701079835384,33.0,22.0
66.0,7.702999999999998,33.5,22.0
15.5,4.975666666666668,32.5,23.5
45.5,6.174000000000003,33.0,23.0
2.0,4.440816666666662,33.0,22.0
0.0,4.611146783493878,34.0,22.0
3.0,6.1818341705791955,34.5,23.0
0.0,4.664728499560146,34.0,23.5
1.5,3.0358226190476234,33.0,24.0
0.0,4.291658208050968,34.0,23.0
0.0,4.416783322943347,34.0,24.0
0.0,4.291658208050968,34.0,23.0
51.5,5.816000000000002,33.5,23.0
0.0,4.291658208050968,34.0,23.0
43.0,7.462999999999994,35.0,23.0
0.0,3.846233484842383,33.0,23.0
1.0,4.746667857142858,33.5,23.5
0.0,4.742580194805195,33.5,23.5
43.0,7.437,34.0,23.5
0.0,3.9929282099359598,33.0,21.0
6.0,4.277999999999994,33.0,22.0
18.0,5.13339285714286,33.0,22.5
60.0,6.662999999999993,33.0,23.0
14.5,3.4739999999999975,32.0,23.0
0.0,3.5937543238048106,32.0,23.0
0.0,3.846233484842383,33.0,23.0
0.0,5.0088366584839505,35.0,24.0
22.0,6.17775,35.0,24.0
0.0,2.1732000000000005,29.0,23.0
0.0,3.1016617714596104,31.0,23.0
0.0,3.779913761190116,33.0,24.0
39.0,5.535600000000001,34.0,24.5
34.0,5.748000000000004,33.0,21.5
24.0,3.2960000000000025,30.0,21.5
2.0,1.6140000000000005,28.0,23.0
36.0,4.201999999999998,29.0,23.0
0.0,4.630859581164936,32.0,21.0
0.0,3.81701079835384,33.0,22.0
0.0,4.664728499560146,34.0,23.5
0.0,4.291658208050968,34.0,23.0
0.0,4.416783322943347,34.0,24.0
0.0,4.291658208050968,34.0,23.0
0.0,3.5463625362907543,31.0,23.5
64.0,5.508000000000001,29.0,24.0
0.0,2.71967575757576,29.5,21.0
0.0,4.202298359973362,33.0,21.5
0.0,3.81701079835384,33.0,22.0
0.0,3.5937543238048106,32.0,23.0
0.0,3.5937543238048106,32.0,23.0
0.0,3.779913761190116,33.0,24.0
0.0,3.846233484842383,33.0,23.0
0.0,4.611146783493878,34.0,22.0
0.0,6.389630025530028,34.5,22.0
0.0,3.846233484842383,33.0,23.0
1.0,4.469166666666665,34.0,23.0
42.0,6.1389999999999905,35.0,22.0
1.0,1.7545333333333335,28.5,21.0
0.0,3.787951249066613,33.0,22.5
0.0,4.853148189291241,34.0,21.0
0.0,3.6897745377160636,34.0,20.5
0.0,4.875732354397967,35.0,23.0
0.0,5.2083164086106395,36.0,23.0
16.0,5.599516666666664,36.0,22.0
0.0,4.755155011435458,35.0,21.0
0.0,4.755155011435458,35.0,21.0
0.0,4.853148189291241,34.0,21.0
0.0,4.148153571428574,31.5,21.0
0.0,4.853148189291241,34.0,21.0
0.0,4.119345221121135,34.0,20.0
0.0,3.780466197527961,33.0,20.0
0.0,5.739058753649565,34.0,19.0
0.0,4.658655538302277,34.5,19.0
0.0,5.739058753649565,34.0,19.0
0.0,4.339513694335719,32.0,14.0
0.0,4.314197363715256,33.0,12.0
0.0,4.314197363715256,33.0,12.0
0.0,5.081072623811221,34.0,16.0
0.0,5.081072623811221,34.0,16.0
0.0,5.081072623811221,34.0,16.0
0.0,5.7713122549019635,35.0,16.5
0.0,4.402394309087884,32.0,18.0
104.0,6.637000000000004,25.0,18.5
32.0,3.739000000000002,25.5,21.5
0.0,3.4998440476190478,30.0,21.5
0.0,4.402394309087884,32.0,18.0
0.0,4.880413808467786,33.0,17.5
0.0,4.3329183144512875,33.0,17.0
0.0,4.458969047619046,30.0,17.0
0.0,5.753958363858369,32.0,18.5
0.0,3.130968996689586,32.0,17.0
0.0,4.677037556971417,33.0,16.0
0.0,5.178975000000003,33.0,16.5
0.0,5.081072623811221,34.0,16.0
0.0,4.3329183144512875,33.0,17.0
0.0,4.677037556971417,33.0,16.0
0.0,5.081072623811221,34.0,16.0
0.0,4.363463569102043,33.0,15.0
0.0,4.3739142135642135,32.0,15.0
0.0,5.5154420634920625,31.5,13.0
0.0,3.1224674722250585,32.0,12.0
0.0,3.19850476698604,31.0,12.0
0.0,5.086035918625203,33.0,14.0
0.0,3.56449794389477,32.0,16.0
0.0,4.339513694335719,32.0,14.0
0.0,5.086035918625203,33.0,14.0
0.0,5.086035918625203,33.0,14.0
0.0,4.363463569102043,33.0,15.0
0.0,3.959429033365041,33.0,13.0
0.0,4.314197363715256,33.0,12.0
0.0,4.060248048205252,33.0,9.0
0.0,4.871263793931407,33.0,10.0
0.0,3.640005293317792,32.0,9.5
0.0,3.052502654536608,31.0,10.0
0.0,3.052502654536608,31.0,10.0
0.0,3.118338699042645,30.0,10.0
0.0,3.118338699042645,30.0,10.0
0.0,2.7987842216349175,29.0,12.0
0.0,2.7987842216349175,29.0,12.0
0.0,2.273421042455137,27.0,10.0
0.0,2.5633952380952376,25.0,10.0
0.0,2.3022666666666685,29.5,10.0
0.0,1.5198139499389478,26.0,10.5
0.0,3.0546987286577,30.0,12.0
0.0,3.4804301226551204,29.0,13.0
0.0,3.959429033365041,33.0,13.0
0.0,1.8133047619047615,23.0,13.0
0.0,2.566827380952377,28.5,14.0
0.0,3.6099705459043383,29.0,7.0
0.0,3.040629466577289,30.0,6.0
0.0,4.054209930639535,31.0,5.5
0.0,3.837033333333332,32.0,4.0
0.0,3.7873727439227425,33.0,4.0
0.0,4.3067885776532355,31.5,6.0
0.0,3.775915530915238,32.0,7.0
0.0,3.377277469091899,31.0,6.0
0.0,2.5954938311688314,29.0,6.5
1.0,2.4508863636363625,28.0,11.0
0.0,2.272523192004076,24.0,10.0
0.0,2.467429726121831,27.0,9.0
0.0,2.5425759712317513,28.0,9.0
3.5,2.374541906081536,28.0,7.0
0.0,2.7876650793650795,23.0,6.5
0.0,1.4329277777777782,25.5,4.5
0.0,4.164771989285224,29.0,3.0
0.0,3.469945937395937,32.0,3.0
0.0,2.9772577256077266,30.0,3.0
20.0,2.3538999999999994,22.0,4.0
0.0,1.3112380952380958,21.0,9.0
0.0,3.580883333333332,23.0,4.0
0.0,3.4974878352856305,31.0,3.0
0.0,4.164771989285224,29.0,3.0
0.0,2.8589083333333325,23.0,3.0
0.0,4.27589186469114,32.0,11.0
0.0,4.003196743534245,31.0,4.0
0.0,3.2829531934960166,29.0,4.0
0.0,3.115852681142389,27.0,3.0
0.0,3.327484581094781,30.0,7.0
0.0,3.775915530915238,32.0,7.0
0.0,4.559009668243971,34.0,8.0
0.0,4.1647732738034575,33.0,8.0
0.0,3.4010430118256334,29.0,10.0
0.0,3.575943312466911,30.0,11.0
3.0,1.1886666666666674,22.0,14.0
3.5,1.5609999999999986,19.0,15.0
0.0,1.1529999999999996,19.0,13.0
6.5,0.9100000000000007,19.0,13.0
0.0,1.494183333333333,22.0,14.0
0.0,4.110465476190476,29.0,14.0
30.0,2.656999999999997,19.0,13.5
0.0,0.9533333333333326,20.0,12.0
0.0,3.768016666666668,24.0,7.0
0.0,2.2174999999999985,20.0,7.0
0.0,2.4521500000000014,17.0,5.0
0.0,2.2690000000000023,17.5,1.0
0.0,2.8453999999999997,23.5,1.0
0.0,2.4753773809523825,26.0,3.0
0.0,3.4962738095238097,28.0,3.0
0.0,2.7202322738664857,27.0,4.0
0.0,5.414650000000003,19.0,4.0
0.0,2.529395114768347,28.0,10.0
7.0,1.2110000000000019,25.0,10.0
0.0,2.0088833333333334,23.0,9.0
0.0,2.476371380958224,26.0,7.0
0.0,3.1200659715284704,28.5,5.0
0.0,3.9442007243349284,32.0,5.0
0.0,3.8370434569561285,33.0,7.0
0.0,3.7651119171678,33.0,6.5
0.0,4.1647732738034575,33.0,8.0
0.0,4.018558786354195,32.0,10.0
0.0,4.05159278452484,32.0,9.0
0.0,3.052502654536608,31.0,10.0
0.0,3.2801113840306555,29.0,8.0
0.0,2.467429726121831,27.0,9.0
0.0,7.4077041114986795,38.0,10.0
0.0,2.6541710317460314,25.0,7.0
0.0,3.5689666666666686,37.0,4.0
0.0,4.003196743534245,31.0,4.0
0.0,3.2829531934960166,29.0,4.0
0.0,3.2801113840306555,29.0,8.0
0.0,1.5699329365079366,27.0,14.0
0.0,1.570695238095237,28.0,15.0
0.0,3.579493289352214,31.0,9.0
0.0,4.05159278452484,32.0,9.0
0.0,3.2503070321692786,31.0,11.0
0.0,3.52657730025603,31.0,8.0
0.0,3.775915530915238,32.0,7.0
0.0,3.775915530915238,32.0,7.0
0.0,3.8370434569561285,33.0,7.0
0.0,4.3684705759668585,32.0,7.5
0.0,3.377277469091899,31.0,6.0
0.0,3.837033333333332,32.0,4.0
0.0,3.7873727439227425,33.0,4.0
0.0,6.109172252747252,35.0,6.5
0.0,4.221760714285716,35.0,7.5
0.0,5.435956655280291,35.0,9.0
0.0,6.111302689728535,36.0,10.0
0.0,5.2840141413520225,35.0,7.0
0.0,5.292681011010129,34.0,7.0
0.0,3.9783269230769234,34.5,8.0
0.0,5.435956655280291,35.0,9.0
0.0,5.482939304402774,34.0,10.0
0.0,4.160419930601922,35.0,8.0
0.0,5.300649818563791,36.0,8.0
0.0,7.150689285714286,35.5,9.0
0.0,7.923768001443006,39.0,10.0
0.0,5.489932936507936,35.5,11.5
0.0,6.922899762737262,35.0,10.5
0.0,7.805445581869111,35.5,10.5
0.0,6.152967971802493,37.0,11.0
0.0,6.922899762737262,35.0,10.5
0.0,2.3135351731601723,27.5,11.0
0.0,2.9235340520590505,29.5,13.0
0.0,4.871263793931407,33.0,10.0
0.0,3.8249654761904748,29.0,9.5
0.0,4.1647732738034575,33.0,8.0
0.0,4.160419930601922,35.0,8.0
0.0,5.592094688644688,34.0,10.5
0.0,4.933216811298396,34.0,11.0
0.0,5.343310897435896,33.5,9.0
0.0,6.145437994250119,36.0,11.0
0.0,4.623040031446693,35.0,6.0
0.0,4.658867118992117,36.0,8.5
0.0,7.304537949574011,37.0,12.0
0.0,7.304537949574011,37.0,12.0
0.0,8.124461060262771,38.0,13.0
0.0,7.367937944801364,36.0,14.0
0.0,3.1224674722250585,32.0,12.0
0.0,3.19850476698604,31.0,12.0
0.0,2.9557189393939383,30.0,16.0
0.0,2.8255429473304474,31.0,13.0
0.0,4.231305303030303,33.5,13.0
0.0,4.846008488288955,33.0,11.0
0.0,4.27589186469114,32.0,11.0
0.0,5.321904447693234,35.0,10.0
0.0,5.91908233584441,36.0,10.5
0.0,4.933216811298396,34.0,11.0
0.0,5.087545479520479,35.0,11.5
0.0,4.314197363715256,33.0,12.0
0.0,4.319743173493173,32.0,12.5
0.0,6.3503926073926085,38.0,9.0
0.0,6.3503926073926085,38.0,9.0
0.0,7.304537949574011,37.0,12.0
0.0,7.576795900096636,38.0,14.0
0.0,8.641771345182427,39.0,15.0
0.0,6.145437994250119,36.0,11.0
0.0,6.145437994250119,36.0,11.0
0.0,4.670146039375533,35.0,13.0
0.0,6.145232564002319,36.0,9.0
0.0,6.074733952158949,36.0,9.5
0.0,6.3503926073926085,38.0,9.0
0.0,8.279426984126983,37.0,8.5
0.0,6.145437994250119,36.0,11.0
0.0,7.994197496539409,37.0,11.5
0.0,6.374595836353189,34.0,11.5
0.0,4.670146039375533,35.0,13.0
0.0,6.234022889610388,34.5,12.0
0.0,7.613704960235843,35.5,12.0
0.0,7.304537949574011,37.0,12.0
0.0,7.819515564406356,38.0,11.5
0.0,9.01460218392719,40.0,12.0
0.0,8.199156746031749,41.0,13.0
0.0,9.921031199356198,41.0,16.5
0.0,7.329038659147873,38.0,16.5
0.0,7.576795900096636,38.0,14.0
0.0,7.680559523206267,38.5,12.0
0.0,8.54689694472195,39.0,11.5
0.0,8.774291508165035,39.0,14.0
0.0,8.89903808252833,39.0,13.0
0.0,7.367937944801364,36.0,14.0
0.0,7.096639189469801,37.0,17.0
0.0,7.304537949574011,37.0,12.0
0.0,7.1910007936507965,36.0,11.5
0.0,8.89903808252833,39.0,13.0
0.0,9.081466993300818,41.0,12.0
0.0,9.5420675990676,40.5,13.0
0.0,8.199156746031749,41.0,13.0
0.0,11.598250000000014,40.5,14.5
0.0,10.611103643578645,41.0,15.0
0.0,10.611103643578645,41.0,15.0
0.0,10.359649999999997,43.0,18.0
0.0,10.359649999999997,43.0,18.0
0.0,8.74196533980725,39.0,19.0
0.0,8.620519811270752,38.0,19.0
0.0,8.496954133856349,39.5,19.0
0.0,7.852693675988747,38.0,21.0
0.0,7.832663175713178,37.0,20.5
0.0,5.7811185555283915,36.0,21.0
0.0,5.7811185555283915,36.0,21.0
0.0,6.616128484930962,37.0,20.0
0.0,9.785728270676694,37.5,20.0
0.0,9.108244104132881,38.0,21.5
0.0,6.871835101010103,37.5,22.0
0.0,7.053357913867189,38.0,24.0
2.0,7.237924242424243,40.0,22.0
0.0,9.172861835584435,40.0,22.5
2.5,6.360952319902325,38.0,23.5
0.0,6.299592803321601,38.0,23.0
0.0,6.299592803321601,38.0,23.0
0.0,7.681373751545151,38.0,26.0
0.0,8.294557776906995,38.5,23.0
0.0,8.29400073566416,39.0,23.0
4.0,6.5852962962962955,38.0,24.0
0.0,5.844850058219545,36.0,24.0
0.0,7.053357913867189,38.0,24.0
0.0,9.463141297866219,40.0,23.0
0.0,9.393908333333336,41.5,22.0
0.0,8.294557776906995,38.5,23.0
0.0,9.797480457042962,41.0,25.0
0.0,9.855229131652662,39.0,25.5
2.5,8.334130952380947,39.0,24.0
0.5,8.516255555555556,38.5,24.0
0.0,5.953031992849211,37.0,23.0
0.0,8.29400073566416,39.0,23.0
0.0,9.743127357025497,41.0,24.0
0.0,9.743127357025497,41.0,24.0
23.0,8.538000000000004,39.0,24.0
0.0,5.0088366584839505,35.0,24.0
39.0,5.682000000000003,34.0,25.0
0.0,5.953031992849211,37.0,23.0
0.0,5.953031992849211,37.0,23.0
14.5,6.361833333333325,38.0,24.0
0.0,6.302844196073828,36.0,23.5
23.0,6.101750000000001,35.0,24.0
0.0,4.291658208050968,34.0,23.0
0.0,5.953031992849211,37.0,23.0
34.0,9.316000000000013,38.0,25.0
0.0,4.875732354397967,35.0,23.0
0.0,4.875732354397967,35.0,23.0
10.0,5.847000000000003,34.0,27.0
25.0,5.068083333333334,31.5,24.0
14.5,3.0810000000000004,30.0,22.0
0.0,3.81701079835384,33.0,22.0
41.0,7.953999999999997,34.0,23.0
3.0,2.605833333333334,32.0,24.0
14.0,5.726600000000002,33.5,23.0
0.0,3.846233484842383,33.0,23.0
0.0,3.846233484842383,33.0,23.0
0.0,4.291658208050968,34.0,23.0
0.0,3.779913761190116,33.0,24.0
31.0,4.885550000000004,33.0,24.0
63.4,8.036999999999999,33.0,23.0
0.0,3.846233484842383,33.0,23.0
0.0,4.403228319904399,34.0,25.0
10.5,6.742000000000006,34.0,25.0
17.0,7.287147619047619,38.5,23.5
0.0,3.4292931966468334,33.0,23.5
0.0,4.611146783493878,34.0,22.0
0.0,5.098277522789198,35.0,22.0
16.5,5.3004666666666695,33.0,23.0
45.0,6.215000000000003,33.0,23.0
0.0,4.630859581164936,32.0,21.0
4.0,4.637345238095236,34.0,21.0
32.0,5.271266666666663,34.0,24.0
0.0,3.81701079835384,33.0,22.0
4.0,3.9785119047619,34.0,22.0
11.0,4.010380375180374,33.0,22.5
0.0,5.157908851437967,34.5,23.0
25.0,5.289999999999995,34.0,23.0
40.0,5.2285,32.0,23.0
0.0,3.846233484842383,33.0,23.0
3.0,2.605833333333334,32.0,24.0
20.0,4.775000000000002,33.0,26.0
0.0,3.846233484842383,33.0,23.0
0.0,4.548779413594626,34.0,22.5
5.0,2.1441,32.0,23.5
0.0,2.6064202380952377,30.0,24.0
13.5,4.868000000000005,33.0,26.0
31.0,5.226333333333333,32.0,22.5
2.0,5.0947765873015864,33.0,23.0
2.0,4.6657020202020165,33.0,22.5
0.0,3.5937543238048106,32.0,23.0
15.5,5.932799999999997,34.0,23.0
0.0,4.291658208050968,34.0,23.0
16.5,5.8838833333333325,35.0,23.0
7.0,2.8583333333333347,31.0,22.0
40.6,4.877000000000004,25.0,23.0
8.0,1.1449999999999991,26.0,23.0
0.0,3.5937543238048106,32.0,23.0
0.0,3.5937543238048106,32.0,23.0
27.5,5.975566666666668,33.5,23.0
0.5,2.585587820104734,30.0,22.0
8.5,4.203333333333334,32.0,22.0
40.5,5.454999999999993,32.0,22.0
0.0,3.7142251710549075,32.0,22.0
0.0,3.81701079835384,33.0,22.0
0.0,3.7000469696969702,32.0,23.5
0.0,3.779913761190116,33.0,24.0
0.0,2.6955999999999976,29.0,25.0
0.0,3.846233484842383,33.0,23.0
2.0,3.944430158730158,34.0,24.0
0.0,5.396302919843988,33.5,22.0
0.0,4.611146783493878,34.0,22.0
33.5,3.4580000000000024,31.0,24.0
0.0,3.7142251710549075,32.0,22.0
0.0,3.81701079835384,33.0,22.0
0.0,3.846233484842383,33.0,23.0
0.0,5.396302919843988,33.5,22.0
0.0,4.611146783493878,34.0,22.0
0.0,5.940668797993372,35.0,23.5
0.0,5.157908851437967,34.5,23.0
57.0,6.307000000000003,33.0,21.0
0.0,3.9929282099359598,33.0,21.0
0.0,3.846233484842383,33.0,23.0
0.0,5.940668797993372,35.0,23.5
0.0,4.416783322943347,34.0,24.0
0.0,3.846233484842383,33.0,23.0
19.0,3.546999999999997,31.0,23.0
0.0,4.0986722222222225,32.0,20.0
0.0,4.404145243645245,32.0,20.5
0.0,4.038518029242,34.0,21.5
0.0,4.755155011435458,35.0,21.0
0.0,5.2083164086106395,36.0,23.0
0.0,5.2083164086106395,36.0,23.0
0.0,5.098277522789198,35.0,22.0
0.0,4.119345221121135,34.0,20.0
0.0,3.780466197527961,33.0,20.0
0.0,4.677037556971417,33.0,16.0
0.0,5.0023327922077945,33.0,14.5
0.0,5.086035918625203,33.0,14.0
0.0,5.086035918625203,33.0,14.0
0.0,6.175487738233556,34.0,14.5
0.0,4.079663492063491,34.0,15.5
0.0,4.880413808467786,33.0,17.5
0.0,4.3663661664845,34.0,18.0
0.0,4.9615926561901365,34.0,14.0
0.0,5.321904447693234,35.0,10.0
0.0,5.482939304402774,34.0,10.0
0.0,4.846008488288955,33.0,11.0
0.0,5.482939304402774,34.0,10.0
0.0,6.946015291816089,37.0,10.0
0.0,6.145232564002319,36.0,9.0
0.0,4.160419930601922,35.0,8.0
0.0,4.559009668243971,34.0,8.0
0.0,5.321904447693234,35.0,10.0
0.0,3.7683640436192167,34.0,9.5
0.0,5.482939304402774,34.0,10.0
0.0,5.495071725763821,35.0,11.0
0.0,7.994197496539409,37.0,11.5
0.0,6.708454185123205,36.0,13.0
0.0,3.959429033365041,33.0,13.0
0.0,5.0023327922077945,33.0,14.5
0.0,4.9615926561901365,34.0,14.0
0.0,3.959429033365041,33.0,13.0
0.0,4.314197363715256,33.0,12.0
0.0,3.959429033365041,33.0,13.0
0.0,3.959429033365041,33.0,13.0
0.0,3.3116796492980707,32.0,13.0
0.0,4.9615926561901365,34.0,14.0
0.0,4.202773809523812,29.0,14.5
0.0,2.8255429473304474,31.0,13.0
0.0,4.314197363715256,33.0,12.0
0.0,4.314197363715256,33.0,12.0
0.0,5.086035918625203,33.0,14.0
0.0,5.050003312309589,34.0,13.5
0.0,3.957508547008548,33.0,12.5
6.0,2.3749999999999996,28.0,11.0
6.0,1.1480000000000015,19.0,12.0
0.0,2.1271309135309107,25.5,9.0
0.0,2.7076675588300594,28.0,8.5
0.0,3.52657730025603,31.0,8.0
0.0,3.579493289352214,31.0,9.0
0.0,2.8313985708735703,27.0,11.0
28.0,2.2449999999999988,27.0,13.0
18.0,1.9540000000000013,23.0,15.0
0.0,1.570695238095237,28.0,15.0
0.0,3.19850476698604,31.0,12.0
0.0,3.579802849927848,30.0,11.5
0.0,2.7196533964401617,27.0,12.0
0.0,1.6380190476190482,27.0,15.0
0.0,4.110465476190476,29.0,14.0
0.0,5.3582702380952405,29.0,12.5
0.0,2.8313985708735703,27.0,11.0
3.0,1.004,19.0,11.0
20.0,1.3860000000000008,26.0,15.0
0.0,2.433583649541892,28.0,11.0
0.0,2.529395114768347,28.0,10.0
0.0,2.0955000000000026,22.0,10.0
0.0,2.5425759712317513,28.0,9.0
0.0,3.6099705459043383,29.0,7.0
0.0,2.6541710317460314,25.0,7.0
0.0,2.433583649541892,28.0,11.0
0.0,2.8954351190476206,28.0,10.5
0.0,3.52657730025603,31.0,8.0
0.0,2.278514699530738,26.0,8.0
0.0,2.5425759712317513,28.0,9.0
0.0,2.467429726121831,27.0,9.0
0.0,3.5728595485611736,29.0,5.0
0.0,3.1200659715284704,28.5,5.0
0.0,2.6918719486395957,28.0,5.0
0.0,2.7202322738664857,27.0,4.0
0.0,3.401410409035409,28.0,4.0
0.0,3.2829531934960166,29.0,4.0
0.0,2.9772577256077266,30.0,3.0
0.0,3.4974878352856305,31.0,3.0
0.0,3.7873727439227425,33.0,4.0
0.0,3.5078471907993958,33.0,5.0
0.0,5.292681011010129,34.0,7.0
0.0,4.039758847310535,32.0,8.0
0.0,3.7576023649553063,33.0,8.5
0.0,3.52657730025603,31.0,8.0
0.0,3.327484581094781,30.0,7.0
0.0,3.333222971472972,30.0,5.5
0.0,3.70183198051948,29.0,5.5
0.0,3.70183198051948,29.0,5.5
0.0,4.363544705982574,30.0,5.0
0.0,4.363544705982574,30.0,5.0
0.0,4.005766797091797,30.0,6.5
0.0,1.4306133424686538,27.0,6.5
0.0,2.8589083333333325,23.0,3.0
0.0,2.6276666666666677,26.0,1.0
0.0,2.657138888888889,26.0,1.5
0.0,2.276552380952379,22.0,1.5
0.0,3.1111818181818194,27.0,0.0
0.0,3.3049562770562773,28.0,1.5
0.0,4.882807539682532,30.0,1.5
0.0,3.4977555555555546,25.0,2.0
0.0,2.5275281581378715,27.0,8.0
0.0,3.0468611111111117,28.0,13.0
0.0,2.1627559523809525,26.5,12.0
0.0,4.339513694335719,32.0,14.0
0.0,3.1224674722250585,32.0,12.0
0.0,3.4804301226551204,29.0,13.0
0.0,3.6567809523809536,30.0,15.0
0.0,2.853105412601824,29.0,6.0
0.0,4.230613492063492,30.0,4.5
0.0,4.022371428571429,31.0,4.5
0.0,2.6918719486395957,28.0,5.0
0.0,3.4766245999123466,29.0,9.0
0.0,2.0202500000000017,22.0,12.0
0.0,3.110474435937549,28.0,6.0
0.0,4.230613492063492,30.0,4.5
0.0,3.9442007243349284,32.0,5.0
0.0,3.486645207570206,33.0,5.5
0.0,3.486645207570206,33.0,5.5
0.0,5.292681011010129,34.0,7.0
0.0,4.060248048205252,33.0,9.0
0.0,4.05159278452484,32.0,9.0
0.0,3.8370434569561285,33.0,7.0
0.0,2.5819076058682136,28.0,6.5
0.0,3.327484581094781,30.0,7.0
0.0,3.6099705459043383,29.0,7.0
0.0,3.8887187982577625,31.0,5.0
0.0,3.5078471907993958,33.0,5.0
0.0,3.040629466577289,30.0,6.0
0.0,3.2003658863299838,30.0,8.0
0.0,3.52657730025603,31.0,8.0
0.0,3.7651119171678,33.0,6.5
0.0,4.623040031446693,35.0,6.0
0.0,5.300649818563791,36.0,8.0
0.0,4.559009668243971,34.0,8.0
0.0,6.111302689728535,36.0,10.0
0.0,5.8065700216450225,35.5,10.0
0.0,3.640005293317792,32.0,9.5
0.0,3.3664993561993555,33.5,10.0
0.0,5.321904447693234,35.0,10.0
0.0,4.559009668243971,34.0,8.0
0.0,3.8887187982577625,31.0,5.0
0.0,4.054209930639535,31.0,5.5
0.0,3.4974878352856305,31.0,3.0
0.0,4.164771989285224,29.0,3.0
0.0,3.7873727439227425,33.0,4.0
0.0,4.1532623015873025,33.0,4.5
0.0,4.230613492063492,30.0,4.5
0.0,3.7873727439227425,33.0,4.0
0.0,5.248437379287384,36.0,4.0
0.0,5.292681011010129,34.0,7.0
0.0,3.7651119171678,33.0,6.5
0.0,5.421590404792146,36.0,7.0
0.0,4.559009668243971,34.0,8.0
0.0,4.039758847310535,32.0,8.0
0.0,2.340216666666669,24.0,9.0
0.0,3.1009214285714295,34.0,3.0
0.0,4.240399999999999,35.0,2.5
0.0,5.658791269841272,37.0,6.0
0.0,5.140897692585195,37.0,7.0
0.0,6.579971188452072,37.0,9.0
0.0,5.300649818563791,36.0,8.0
0.0,6.145232564002319,36.0,9.0
0.0,5.495071725763821,35.0,11.0
0.0,5.321904447693234,35.0,10.0
0.0,5.435956655280291,35.0,9.0
0.0,4.060248048205252,33.0,9.0
0.0,5.452487078540986,34.0,9.0
0.0,5.435956655280291,35.0,9.0
0.0,5.435956655280291,35.0,9.0
0.0,7.7998361043396445,38.0,11.0
0.0,8.274000877629584,38.0,12.0
0.0,6.3503926073926085,38.0,9.0
0.0,5.6666328207611105,37.0,8.0
0.0,5.207569047619049,33.5,8.5
0.0,5.292681011010129,34.0,7.0
0.0,5.300649818563791,36.0,8.0
0.0,6.3503926073926085,38.0,9.0
0.0,5.435956655280291,35.0,9.0
0.0,5.321904447693234,35.0,10.0
0.0,6.946015291816089,37.0,10.0
0.0,7.923768001443006,39.0,10.0
0.0,7.3833159746303,37.0,13.0
0.0,8.124461060262771,38.0,13.0
0.0,7.3833159746303,37.0,13.0
0.0,8.451242882057743,39.0,12.0
0.0,8.580592063492062,38.5,10.0
0.0,7.4077041114986795,38.0,10.0
0.0,7.960479149920836,38.0,10.5
0.0,8.124461060262771,38.0,13.0
0.0,7.923768001443006,39.0,10.0
0.0,7.161075396825397,39.0,9.0
0.0,7.4077041114986795,38.0,10.0
0.0,7.7998361043396445,38.0,11.0
0.0,9.040851368076373,39.0,11.0
0.0,7.7998361043396445,38.0,11.0
0.0,8.274000877629584,38.0,12.0
0.0,9.01460218392719,40.0,12.0
0.0,6.981015059945424,37.0,15.0
0.0,5.393500256048549,36.0,16.0
0.0,5.436975325499805,35.0,14.0
0.0,8.775084567606308,37.0,12.5
0.0,7.3833159746303,37.0,13.0
0.0,8.124461060262771,38.0,13.0
0.0,6.430100188700184,35.0,13.5
0.0,6.336904329004328,37.0,13.5
0.0,7.909863045704437,38.0,15.0
0.0,8.124461060262771,38.0,13.0
0.0,8.242557142857146,38.5,13.0
0.0,9.626043284493282,41.0,16.0
0.0,9.507414285714281,42.0,15.0
0.0,9.626043284493282,41.0,16.0
0.0,7.597378641456584,36.0,17.5
0.0,8.358371428571427,36.0,18.5
0.0,5.13271526765551,36.0,19.0
0.0,5.739058753649565,34.0,19.0
0.0,7.096639189469801,37.0,17.0
0.0,9.080873516796588,38.0,20.0
0.0,8.60013315170811,38.0,16.0
0.0,7.909863045704437,38.0,15.0
0.0,8.60013315170811,38.0,16.0
0.0,4.402394309087884,32.0,18.0
0.0,4.022424136484432,32.0,19.0
0.0,5.393500256048549,36.0,16.0
0.0,7.909863045704437,38.0,15.0
0.0,5.328876340326342,36.0,16.5
0.0,8.60013315170811,38.0,16.0
0.0,5.393500256048549,36.0,16.0
0.0,8.620519811270752,38.0,19.0
0.0,7.641604956154957,38.0,22.0
0.0,9.108244104132881,38.0,21.5
0.0,6.049249933399933,38.0,22.5
0.0,9.463141297866219,40.0,23.0
0.0,7.053357913867189,38.0,24.0
0.0,5.2083164086106395,36.0,23.0
0.0,6.46158917383614,37.0,23.5
0.0,3.7404716450216453,33.0,25.5
0.0,5.208954008163605,33.0,24.5
0.0,5.288376094028688,36.0,25.0
0.0,4.973794627622233,35.0,25.0
0.0,7.275657328480174,38.0,25.0
0.0,5.208954008163605,33.0,24.5
0.0,2.305630952380953,29.0,24.0
0.0,3.779913761190116,33.0,24.0
0.0,3.5937543238048106,32.0,23.0
0.0,5.953031992849211,37.0,23.0
0.0,6.616128484930962,37.0,20.0
0.0,6.299592803321601,38.0,23.0
0.0,9.867659007659011,41.0,23.0
0.0,9.731463988788988,42.0,23.0
0.0,8.545255555555556,38.5,24.0
0.0,7.053357913867189,38.0,24.0
0.0,9.19455886570445,39.0,25.0
0.0,6.159893565838189,37.0,25.0
0.0,8.648882389602463,39.0,24.0
0.0,9.611143676986924,40.0,24.0
0.0,9.479555154176266,40.0,25.0
4.0,8.040376190476195,39.0,26.0
0.0,9.463141297866219,40.0,23.0
20.0,10.051999999999989,41.0,23.0
15.0,5.579000000000001,37.0,22.0
44.0,8.542666666666673,38.0,23.0
25.5,7.577000000000005,36.5,23.0
11.0,3.651249999999996,32.0,24.0
0.0,4.291658208050968,34.0,23.0
0.0,6.302844196073828,36.0,23.5
22.0,6.651999999999992,37.0,25.0
11.0,5.128292857142856,34.0,23.0
10.0,4.066999999999994,32.0,24.0
12.5,2.1310000000000016,29.0,24.0
1.0,3.082453571428571,33.0,24.0
66.0,8.753999999999992,34.0,24.0
26.0,5.907523809523804,34.0,23.0
0.0,4.548779413594626,34.0,22.5
0.0,5.940668797993372,35.0,23.5
0.0,3.7404716450216453,33.0,25.5
0.0,3.901439285714286,35.0,26.0
26.0,5.562250000000001,35.0,26.0
0.0,4.679631529581531,32.0,22.5
0.0,3.4527580446514263,32.0,24.0
0.0,4.875732354397967,35.0,23.0
0.0,4.875732354397967,35.0,23.0
6.5,4.733533333333337,35.0,23.0
6.5,3.2034999999999947,33.0,23.0
0.0,3.846233484842383,33.0,23.0
28.0,5.114683333333336,33.0,24.0
6.0,2.5765833333333332,32.0,23.0
31.5,5.129000000000003,33.0,22.0
0.0,3.81701079835384,33.0,22.0
0.0,4.853148189291241,34.0,21.0
,,,24.0
46.0,7.744999999999997,34.0,23.0
0.0,3.846233484842383,33.0,23.0
0.0,3.846233484842383,33.0,23.0
1.0,2.773527380952382,32.0,24.5
0.0,3.846233484842383,33.0,23.0
14.5,5.989766666666661,34.0,23.0
20.5,4.216833333333332,32.0,22.0
0.0,3.846233484842383,33.0,23.0
0.0,4.291658208050968,34.0,23.0
18.0,5.274666666666672,34.0,24.0
0.0,3.846233484842383,33.0,23.0
0.0,4.291658208050968,34.0,23.0
8.0,4.68166666666667,35.0,26.0
7.0,3.603083333333334,32.0,24.0
1.5,3.016056114718614,31.0,24.0
4.0,3.5270833333333296,33.0,24.0
7.0,1.6172500000000005,29.0,24.0
2.5,2.912752380952378,32.0,24.0
24.0,2.812000000000002,33.0,25.0
1.5,5.238140476190477,33.0,23.0
18.0,3.6309999999999962,31.0,23.0
0.0,4.679631529581531,32.0,22.5
0.0,3.846233484842383,33.0,23.0
0.0,2.717653879453879,30.0,23.0
6.0,3.5345166666666636,31.0,23.0
0.0,3.5463625362907543,31.0,23.5
0.0,3.4292931966468334,33.0,23.5
7.5,3.480850000000001,32.0,24.0
44.0,5.679000000000003,32.0,25.0
11.5,3.7037166666666703,32.0,23.0
8.0,3.5789333333333313,31.0,23.0
0.0,4.416783322943347,34.0,24.0
24.0,6.9065000000000065,34.0,24.0
8.0,4.930733333333336,33.0,23.0
7.5,4.618000000000001,34.0,23.0
0.0,3.5937543238048106,32.0,23.0
0.0,4.416783322943347,34.0,24.0
17.5,5.775666666666663,35.0,25.0
9.0,3.909,32.0,24.0
21.0,3.560000000000001,33.0,25.0
7.5,2.515999999999998,31.0,24.0
17.5,3.1210000000000004,31.0,23.5
0.0,3.1016617714596104,31.0,23.0
0.0,3.7142251710549075,32.0,22.0
0.0,3.7142251710549075,32.0,22.0
25.0,4.761433333333337,32.0,23.0
38.0,3.3440000000000003,26.0,23.0
0.0,4.48064880087233,31.0,22.0
10.5,4.022000000000001,32.0,22.0
26.5,5.191999999999996,32.0,22.0
0.0,3.0241022525676935,31.0,21.0
0.0,4.038518029242,34.0,21.5
0.0,3.9929282099359598,33.0,21.0
4.0,4.186255445534857,33.5,22.0
0.0,4.611146783493878,34.0,22.0
0.0,4.985240111917665,35.0,22.5
17.5,7.557466666666661,35.0,23.0
0.0,3.7142251710549075,32.0,22.0
0.0,4.611146783493878,34.0,22.0
0.0,5.0088366584839505,35.0,24.0
0.0,4.291658208050968,34.0,23.0
0.0,4.853148189291241,34.0,21.0
0.0,3.6897745377160636,34.0,20.5
0.0,4.853148189291241,34.0,21.0
12.0,4.490199999999999,33.0,22.0
0.0,3.846233484842383,33.0,23.0
0.0,3.780466197527961,33.0,20.0
0.0,4.260788102869634,33.0,18.0
2.0,4.254464026679861,34.0,18.0
0.0,4.853148189291241,34.0,21.0
0.0,3.9929282099359598,33.0,21.0
1.5,3.625912280701752,32.0,22.0
8.5,3.0,30.0,24.0
0.0,4.345899999999999,28.0,20.0
0.0,4.0986722222222225,32.0,20.0
2.0,2.655141269841268,31.0,20.0
0.0,3.9929282099359598,33.0,21.0
0.0,5.154068208120568,33.5,21.0
0.0,4.7661408359786055,35.0,20.0
0.0,6.213022010503032,36.0,20.0
0.0,6.213022010503032,36.0,20.0
0.0,4.42557222222222,35.5,21.5
0.0,4.755155011435458,35.0,21.0
0.0,4.7661408359786055,35.0,20.0
0.0,5.739058753649565,34.0,19.0
0.0,4.991196975942874,35.0,19.0
0.0,4.119345221121135,34.0,20.0
0.0,4.7661408359786055,35.0,20.0
0.0,6.4105670634920635,35.5,17.0
0.0,5.157584842848192,35.0,17.0
0.0,4.3663661664845,34.0,18.0
0.0,4.677037556971417,33.0,16.0
0.0,7.096639189469801,37.0,17.0
0.0,6.4105670634920635,35.5,17.0
0.0,5.739058753649565,34.0,19.0
0.0,3.736709141512085,33.0,18.5
5.5,5.425082496399365,33.0,18.0
0.0,5.753958363858369,32.0,18.5
0.0,4.3739142135642135,32.0,15.0
0.0,4.358424481074482,32.5,14.0
0.0,4.3329183144512875,33.0,17.0
0.0,5.081072623811221,34.0,16.0
0.0,4.748215079365077,29.0,17.0
0.0,2.7568088189588194,30.0,13.0
0.0,3.575943312466911,30.0,11.0
0.0,2.8255429473304474,31.0,13.0
0.0,3.0546987286577,30.0,12.0
0.0,3.1224674722250585,32.0,12.0
0.0,4.314197363715256,33.0,12.0
0.0,4.9615926561901365,34.0,14.0
0.0,5.590435463891115,35.0,9.5
0.0,4.753172383949647,33.0,9.5
0.0,4.586402329597647,33.0,10.5
0.0,4.933216811298396,34.0,11.0
0.0,3.3116796492980707,32.0,13.0
0.0,3.2003658863299838,30.0,8.0
0.0,4.753172383949647,33.0,9.5
0.0,6.175487738233556,34.0,14.5
0.0,4.364931986448619,33.0,15.5
0.0,2.8255429473304474,31.0,13.0
0.0,3.2801113840306555,29.0,8.0
0.0,2.476371380958224,26.0,7.0
0.0,3.6099705459043383,29.0,7.0
0.0,3.7983215758140068,31.0,7.0
0.0,3.7983215758140068,31.0,7.0
0.0,3.2003658863299838,30.0,8.0
0.0,3.118338699042645,30.0,10.0
0.0,2.3022666666666685,29.5,10.0
0.0,3.052502654536608,31.0,10.0
0.0,3.052502654536608,31.0,10.0
0.0,2.5443148809523812,30.0,10.5
0.0,3.4010430118256334,29.0,10.0
0.0,4.227151082251084,28.0,5.5
0.0,4.262118023643025,32.0,5.5
0.0,3.5775136337896316,32.0,6.0
0.0,3.4766245999123466,29.0,9.0
0.0,2.869614444297533,28.0,12.0
0.0,3.4010430118256334,29.0,10.0
0.0,4.018558786354195,32.0,10.0
0.0,2.6806693926988037,31.0,10.5
0.0,2.1663452380952384,28.0,9.5
0.0,4.871263793931407,33.0,10.0
0.0,2.5443148809523812,30.0,10.5
0.0,4.05159278452484,32.0,9.0
0.0,3.4766245999123466,29.0,9.0
0.0,2.8313985708735703,27.0,11.0
0.0,3.052502654536608,31.0,10.0
0.0,3.2503070321692786,31.0,11.0
0.0,2.7196533964401617,27.0,12.0
0.0,2.222260902547743,25.5,7.0
0.0,2.853105412601824,29.0,6.0
0.0,5.292681011010129,34.0,7.0
0.0,4.1647732738034575,33.0,8.0
0.0,4.871263793931407,33.0,10.0
0.0,4.018558786354195,32.0,10.0
0.0,2.529395114768347,28.0,10.0
0.0,2.273421042455137,27.0,10.0
0.0,0.8334333333333329,21.0,12.0
0.0,2.6409063492063494,24.0,5.5
0.0,3.4977555555555546,25.0,2.0
0.0,3.076526406926407,29.0,2.5
0.0,2.901556582306581,32.0,3.5
0.0,4.262118023643025,32.0,5.5
0.0,3.6099705459043383,29.0,7.0
0.0,3.8370434569561285,33.0,7.0
0.0,3.5775136337896316,32.0,6.0
0.0,4.212479944466066,34.0,6.0
0.0,4.212479944466066,34.0,6.0
0.0,4.05159278452484,32.0,9.0
0.0,4.871263793931407,33.0,10.0
0.0,3.7683640436192167,34.0,9.5
0.0,5.086035918625203,33.0,14.0
0.0,5.081072623811221,34.0,16.0
0.0,5.298161344781885,34.0,13.0
0.0,4.23399938842547,34.0,17.0
0.0,2.0902932900432902,30.0,18.0
0.0,3.3116796492980707,32.0,13.0
0.0,5.482939304402774,34.0,10.0
0.0,4.586402329597647,33.0,10.5
0.0,4.521341305916304,31.5,11.0
0.0,3.2503070321692786,31.0,11.0
0.0,4.039758847310535,32.0,8.0
0.0,3.52657730025603,31.0,8.0
0.0,3.8887187982577625,31.0,5.0
0.0,4.363544705982574,30.0,5.0
0.0,3.7873727439227425,33.0,4.0
0.0,4.426987121212122,35.0,5.0
0.0,5.2840141413520225,35.0,7.0
0.0,4.630777597402596,36.0,7.5
0.0,6.5931891330891315,35.5,8.0
0.0,4.1647732738034575,33.0,8.0
0.0,2.5275281581378715,27.0,8.0
0.0,2.4482568417589574,27.0,7.0
0.0,3.401410409035409,28.0,4.0
0.0,5.416966666666666,33.0,3.0
0.0,4.12923797036297,31.0,6.5
0.0,3.377277469091899,31.0,6.0
0.0,4.3684705759668585,32.0,7.5
0.0,4.358399200799202,33.5,7.0
0.0,3.7651119171678,33.0,6.5
0.0,4.212479944466066,34.0,6.0
0.0,5.482939304402774,34.0,10.0
0.0,6.145232564002319,36.0,9.0
0.0,5.435956655280291,35.0,9.0
0.0,5.452487078540986,34.0,9.0
0.0,5.482939304402774,34.0,10.0
0.0,8.451242882057743,39.0,12.0
0.0,9.040851368076373,39.0,11.0
0.0,5.298161344781885,34.0,13.0
0.0,8.124461060262771,38.0,13.0
0.0,7.1910007936507965,36.0,11.5
0.0,7.304537949574011,37.0,12.0
0.0,7.304537949574011,37.0,12.0
0.0,6.708454185123205,36.0,13.0
0.0,7.3833159746303,37.0,13.0
0.0,5.436975325499805,35.0,14.0
0.0,4.844727948961775,34.0,15.0
0.0,4.748215079365077,29.0,17.0
0.0,3.734240873015872,32.0,15.5
0.0,2.7568088189588194,30.0,13.0
0.0,4.339513694335719,32.0,14.0
1.0,3.4423230769230777,30.0,14.0
0.0,3.1224674722250585,32.0,12.0
0.0,4.314197363715256,33.0,12.0
0.0,2.8255429473304474,31.0,13.0
0.0,4.110465476190476,29.0,14.0
0.0,3.118338699042645,30.0,10.0
0.0,5.8065700216450225,35.5,10.0
0.0,6.946015291816089,37.0,10.0
0.0,6.111302689728535,36.0,10.0
0.0,6.946015291816089,37.0,10.0
0.0,7.960479149920836,38.0,10.5
0.0,7.819515564406356,38.0,11.5
0.0,6.152967971802493,37.0,11.0
0.0,5.665831080031082,34.5,11.0
0.0,5.482939304402774,34.0,10.0
0.0,4.018558786354195,32.0,10.0
0.0,3.7651119171678,33.0,6.5
0.0,3.775915530915238,32.0,7.0
0.0,3.8370434569561285,33.0,7.0
0.0,4.060248048205252,33.0,9.0
0.0,3.4766245999123466,29.0,9.0
0.0,2.273421042455137,27.0,10.0
0.0,3.0546987286577,30.0,12.0
0.0,4.339513694335719,32.0,14.0
0.0,4.110465476190476,29.0,14.0
0.0,2.7568088189588194,30.0,13.0
0.0,7.367937944801364,36.0,14.0
0.0,8.774291508165035,39.0,14.0
0.0,7.096639189469801,37.0,17.0
0.0,5.393500256048549,36.0,16.0
0.0,5.418306441239183,35.0,15.0
0.0,5.418306441239183,35.0,15.0
0.0,3.052502654536608,31.0,10.0
0.0,3.3664993561993555,33.5,10.0
0.0,5.435956655280291,35.0,9.0
0.0,3.052502654536608,31.0,10.0
0.0,4.058384451659452,31.0,15.0
0.0,4.846008488288955,33.0,11.0
0.0,5.321904447693234,35.0,10.0
0.0,6.946015291816089,37.0,10.0
0.0,7.923768001443006,39.0,10.0
0.0,9.787675367036234,40.0,15.0
0.0,7.909863045704437,38.0,15.0
0.0,7.4077041114986795,38.0,10.0
0.0,6.111302689728535,36.0,10.0
0.0,8.497048520923519,39.0,10.5
0.0,7.7998361043396445,38.0,11.0
0.0,6.152967971802493,37.0,11.0
0.0,7.819515564406356,38.0,11.5
0.0,8.451242882057743,39.0,12.0
0.0,8.676143020868022,40.0,14.0
0.0,8.89903808252833,39.0,13.0
0.0,8.89903808252833,39.0,13.0
0.0,6.238801082200549,36.0,15.0
0.0,6.981015059945424,37.0,15.0
0.0,8.59037457404138,37.0,17.5
0.0,8.131670238095237,37.0,19.5
0.0,8.620519811270752,38.0,19.0
0.0,10.322135790516672,40.0,19.0
0.0,9.080873516796588,38.0,20.0
0.0,9.320194721582649,39.0,20.0
0.0,9.108244104132881,38.0,21.5
0.0,9.388586281496362,39.0,22.0
0.0,9.391670368603705,40.0,22.0
0.0,8.26893943001443,38.0,20.5
0.0,9.442647509293563,39.0,18.0
0.0,9.442647509293563,39.0,18.0
0.0,10.322135790516672,40.0,19.0
0.0,9.795374306249306,41.0,20.0
0.0,9.391670368603705,40.0,22.0
0.0,8.451242882057743,39.0,12.0
9.0,5.190999999999997,37.0,22.0
10.0,5.5774245294444835,36.0,19.0
0.0,4.991196975942874,35.0,19.0
0.0,4.7661408359786055,35.0,20.0
0.0,6.7754789248220595,37.0,14.0
0.0,6.7754789248220595,37.0,14.0
0.0,7.3833159746303,37.0,13.0
0.0,7.6574636469657715,37.0,16.0
0.0,7.6574636469657715,37.0,16.0
0.0,8.620519811270752,38.0,19.0
0.0,7.852693675988747,38.0,21.0
0.0,7.1,36.0,24.0
0.0,4.0,35.5,24.0
2.5,3.8,34.5,25.0
0.0,4.1,34.5,24.5
0.0,4.9,36.5,25.5
16.0,7.1,36.5,26.5
0.0,3.5,32.5,24.0
31.0,6.7,33.5,26.0
44.5,5.862000000000002,33.0,23.5
0.0,3.5,33.0,23.0
16.5,6.4,34.5,23.5
0.0,5.6,34.0,23.0
3.0,2.5,34.0,24.0
0.0,3.8,34.0,21.5
0.0,5.1,35.5,21.5
0.0,6.4,36.0,24.0
0.0,4.1,34.0,24.0
14.0,1.3,30.0,24.0
7.5,5.8,33.5,22.5
0.0,2.9,33.0,22.5
1.0,0.6,28.0,22.5
0.0,3.2,33.0,23.0
0.7,2.1,28.0,23.0
0.0,3.6,33.5,22.5
18.5,7.5,34.5,22.5
1.0,6.6,35.5,24.0
0.0,3.3,35.0,21.0
21.5,5.7,34.0,21.5
0.0,2.0,30.5,22.0
2.5,5.2,34.0,23.0
0.0,0.3,34.5,22.5
0.0,7.1,36.0,24.0
0.0,4.0,35.5,24.0
2.5,3.8,34.5,25.0
0.0,4.1,34.5,24.5
0.0,4.9,36.5,25.5
16.0,7.1,36.5,26.5
0.0,3.5,32.5,24.0
31.0,6.7,33.5,26.0
44.5,5.862000000000002,33.0,23.5
0.0,3.5,33.0,23.0
16.5,6.4,34.5,23.5
0.0,5.6,34.0,23.0
3.0,2.5,34.0,24.0
0.0,3.8,34.0,21.5
0.0,5.1,35.5,21.5
0.0,6.4,36.0,24.0
0.0,4.1,34.0,24.0
14.0,1.3,30.0,24.0
7.5,5.8,33.5,22.5
0.0,2.9,33.0,22.5
1.0,0.6,28.0,22.5
0.0,3.2,33.0,23.0
0.7,2.1,28.0,23.0
0.0,3.6,33.5,22.5
18.5,7.5,34.5,22.5
1.0,6.6,35.5,24.0
6.0,3.3,35.0,21.0
21.5,5.7,34.0,21.5
0.0,2.0,30.5,22.0
2.5,5.2,34.0,23.0
0.0,0.3,34.5,22.5
0.0,2.4,29.0,22.5
0.0,2.4,32.0,23.0
0.0,4.7,32.5,24.0
0.0,2.6,34.0,23.0
0.0,4.6,33.5,23.0
0.0,4.8,35.0,23.0
0.0,2.7,35.0,24.5
0.0,5.4,34.5,24.0
0.0,4.7,34.5,24.0
0.0,5.5,35.5,23.0
0.0,3.4,36.0,24.0
0.0,4.0,34.5,24.5
7.4,6.1,34.5,24.0
0.0,3.0,34.0,24.0
0.0,3.4,34.0,24.5
0.0,5.0,35.5,23.5
0.0,5.9,37.0,23.5
0.0,4.7,37.0,24.0
2.0,5.0,37.5,23.0
0.0,2.0,31.5,21.5
7.0,5.7,36.0,21.5
0.0,3.1,34.5,21.5
0.0,3.6,36.0,21.5
0.0,5.3,37.5,22.5
0.0,4.0,36.5,22.5
0.0,4.7,37.0,21.5
0.0,6.8,38.0,20.0
0.0,6.4,36.0,22.0
46.5,5.2,35.5,26.0
0.0,4.5,34.0,23.0
0.0,3.0,34.0,23.0
3.5,2.2,34.0,23.0
31.0,3.3020000000000005,29.5,24.0
2.0,0.7,28.0,24.0
0.0,2.4,28.5,24.0
0.0,3.2,33.5,23.5
0.0,2.9,32.0,23.5
1.4,2.7,31.0,23.0
0.0,5.3,33.5,22.5
0.0,4.7,33.5,21.0
0.0,1.5,35.5,21.5
22.5,4.1,28.5,18.5
0.0,4.2,28.0,23.5
0.0,3.8,33.0,23.5
0.0,4.6,34.0,22.5
0.0,2.8,35.0,24.5
0.0,4.6,35.0,24.5
15.5,3.9,35.5,20.0
0.0,0.4,29.5,20.0
0.0,2.2,27.0,20.5
0.0,1.7,31.0,21.0
0.0,3.9,30.0,19.5
0.0,4.3,32.0,15.5
0.0,4.2,32.0,15.5
0.0,2.3,32.5,16.0
0.0,3.8,32.5,16.0
0.0,3.7,33.0,16.0
23.0,3.8,29.5,16.5
3.0,2.0,24.5,17.5
0.0,2.8,28.5,12.5
0.0,3.6,30.0,12.5
0.0,3.0,33.0,13.0
0.0,2.0,32.5,14.0
0.0,3.3,34.5,15.5
0.0,2.5,34.5,14.5
0.0,4.5,36.0,13.0
0.0,2.5,35.0,11.5
0.0,4.2,32.5,11.5
0.0,3.9,32.5,14.0
0.0,3.5,34.0,13.5
0.0,3.7,35.0,13.0
0.0,4.0,35.5,12.5
0.0,2.8,34.5,13.5
0.0,4.1,33.0,15.0
0.0,3.0,31.5,15.0
0.0,3.8,31.0,17.0
0.0,3.1,31.0,17.0
0.0,2.6,33.0,16.5
0.0,3.8,29.5,12.0
0.0,3.5,30.5,14.5
0.0,3.7,31.5,12.0
0.0,3.6,31.0,11.0
0.0,3.4,31.5,10.5
0.0,3.4,30.5,10.0
0.0,2.2,31.0,12.0
0.0,1.4,31.5,12.0
0.0,1.3,29.5,12.0
0.0,3.2,33.0,16.5
8.0,1.9,32.5,12.5
0.0,2.0,31.0,13.0
0.0,2.2,26.0,12.5
0.0,2.4,22.0,10.0
0.0,3.9,26.0,9.0
0.0,1.8,24.5,6.0
0.0,2.9,27.0,7.0
0.0,1.3,26.0,7.5
0.0,3.5,28.0,7.5
0.0,3.0,28.0,8.5
0.0,3.2,29.5,8.0
0.0,3.0,30.0,8.5
0.0,3.3,29.0,10.5
0.0,3.2,29.5,12.0
0.0,3.2,29.0,12.5
0.0,3.1,30.0,12.0
0.0,4.5,33.0,7.0
0.0,3.1,32.0,6.5
0.0,3.2,33.5,6.0
0.0,4.5,33.0,6.0
0.0,4.1,33.0,6.5
0.0,4.0,33.5,6.5
0.0,3.7,29.5,6.0
0.0,3.9,30.0,6.5
0.0,3.5,30.5,6.0
5.0,2.1,23.0,7.0
0.0,2.7,24.5,7.0
0.0,3.5,26.0,6.5
0.0,3.0,26.0,7.0
0.0,1.7,27.5,5.5
6.5,1.2,25.5,4.5
0.0,1.4,24.5,5.0
0.0,2.9,28.0,8.5
0.0,2.7,28.0,8.0
0.0,2.5,28.5,7.5
0.0,3.1,33.0,7.0
0.0,3.4,31.5,6.5
0.0,2.9,32.0,7.5
0.0,3.7,33.5,7.5
0.0,3.9,32.0,8.5
0.0,3.8,30.0,8.5
0.0,3.8,30.0,9.5
0.0,3.7,31.0,9.0
0.0,3.6,32.0,9.5
0.0,3.9,30.5,8.0
0.0,3.7,32.0,7.0
0.0,4.2,31.0,7.0
0.0,3.8,28.0,8.5
0.0,3.5,27.0,7.0
0.0,3.4,28.0,5.5
0.0,3.5,30.5,6.0
0.0,3.5,30.5,5.5
0.0,3.6,30.5,6.5
0.0,3.9,30.0,7.0
0.0,3.2,27.0,8.0
11.0,2.5,26.0,12.0
0.0,3.1,28.5,12.5
0.0,3.2,27.5,17.5
0.0,3.7,29.5,8.5
0.0,3.6,30.0,8.5
6.0,2.7,28.0,9.0
0.0,2.2,23.0,12.0
0.0,3.1,27.0,10.5
0.0,3.7,27.5,8.5
0.0,3.5,28.5,9.0
0.0,3.6,28.0,10.5
25.5,1.5,21.5,11.5
10.0,2.4,22.0,13.5
0.0,2.2,24.0,10.0
0.0,3.0,24.5,8.0
0.0,3.0,25.0,8.5
0.0,2.9,29.5,9.0
0.0,3.2,26.5,7.5
2.0,2.7,25.0,10.0
3.0,1.1,17.0,11.0
0.0,3.1,24.0,14.5
0.0,3.5,30.5,6.5
0.0,3.7,29.0,6.0
0.0,3.8,30.0,13.5
0.0,3.4,31.5,14.5
0.0,3.4,29.5,11.5
0.0,3.7,30.0,11.5
0.0,3.5,31.0,12.0
0.0,3.5,27.5,11.5
0.0,4.1,29.0,9.5
0.0,4.5,29.5,7.5
0.0,4.3,28.5,7.5
0.0,4.4,28.0,7.0
0.0,5.2,31.5,6.0
,5.7,,
,5.2,,
,5.2,,
0.0,4.6,33.0,9.5
0.0,5.0,29.0,10.0
0.0,4.9,30.0,10.0
0.0,4.9,32.0,10.0
0.0,5.1,31.0,11.0
0.0,3.7,29.0,12.0
1.0,0.9,24.0,15.5
0.0,2.4,27.0,16.0
0.0,6.2,31.5,14.0
0.0,5.7,30.5,7.0
0.0,5.7,31.0,6.5
0.0,5.8,31.0,8.0
0.0,6.0,31.0,7.5
0.0,5.8,31.5,9.5
0.0,5.2,30.0,9.5
0.0,5.4,33.0,9.0
0.0,5.4,36.0,8.5
0.0,7.6,37.0,9.0
0.0,6.2,33.0,9.0
0.0,6.5,33.0,9.5
0.0,6.7,32.5,10.0
0.0,6.8,32.0,12.5
0.0,7.3,35.0,12.5
0.0,6.4,32.5,8.0
0.0,7.1,33.0,8.0
0.0,7.1,35.5,8.0
0.0,7.1,35.0,11.0
0.0,7.3,35.5,12.5
0.0,7.8,34.5,12.5
0.0,7.2,36.0,12.0
0.0,7.8,33.0,11.0
0.0,6.374595836353189,34.0,11.5
0.0,7.8,34.0,11.0
0.0,7.7,34.5,11.5
0.0,7.5,35.0,11.5
0.0,7.0,35.0,11.5
0.0,7.2,37.0,9.5
0.0,7.4,36.5,11.0
0.0,7.3,36.0,11.5
0.0,7.4,35.5,12.0
0.0,6.8,33.0,12.5
0.0,6.9,33.0,17.0
0.0,7.6,35.5,17.0
0.0,8.1,35.0,16.5
0.0,7.9,34.5,14.5
0.0,7.3,34.0,13.5
0.0,7.9,35.5,13.0
0.0,7.3,36.0,14.0
0.0,7.4,33.0,14.0
0.0,5.4,33.0,15.0
0.0,6.5,32.5,17.5
0.0,7.3,33.0,17.0
0.0,6.7,32.0,16.5
0.0,7.1,31.0,17.5
0.0,7.3,29.5,18.5
0.0,7.3,30.5,14.0
0.0,8.4,34.5,14.0
0.0,8.3,35.5,13.5
0.0,8.2,33.5,14.5
0.0,8.2,33.0,14.5
0.0,6.4,35.0,14.0
1.5,6.8,29.5,14.5
0.0,6.7,30.5,15.5
0.0,7.3,30.5,16.0
0.0,8.2,37.0,11.0
0.0,8.9,40.0,11.0
0.0,8.5,39.5,13.5
0.0,8.6,39.0,15.5
0.0,8.4,39.5,16.5
0.0,9.3,40.0,16.5
0.0,9.2,40.0,17.5
0.0,9.2,40.0,17.5
0.0,9.9,40.0,18.0
0.0,9.8,40.0,15.0
0.0,9.8,40.0,15.0
0.0,9.4,39.5,15.5
0.0,9.5,41.0,14.5
0.0,9.9,41.0,17.5
0.0,9.6,40.0,18.5
0.0,9.9,40.0,18.0
0.0,9.6,42.0,17.5
0.0,9.7,41.5,17.0
0.0,9.8,41.0,17.5
0.0,9.7,41.0,17.0
0.0,9.8,41.0,17.0
0.0,8.1,36.5,16.5
0.0,9.6,38.0,16.0
0.0,9.2,39.0,17.0
0.0,9.0,37.5,15.5
0.0,8.7,37.0,18.0
0.0,9.4,37.5,19.0
0.0,9.3,37.0,20.5
0.0,9.0,30.5,21.5
0.0,9.4,32.0,22.5
0.0,8.9,37.5,22.0
0.0,6.8,37.0,21.0
0.0,5.3,34.0,23.5
0.0,2.9,31.0,24.0
0.0,3.4,30.5,21.5
0.0,4.4,34.0,21.5
0.0,7.9,36.0,21.5
0.0,8.3,38.0,22.0
0.0,8.4,37.5,23.0
0.0,8.0,37.0,22.5
0.0,4.8,37.5,22.5
0.0,8.4,38.0,23.0
0.0,8.9,38.5,23.0
0.0,9.7,39.0,23.0
0.0,9.5,38.5,23.5
0.0,9.4,38.0,24.0
0.0,9.5,41.0,23.5
0.0,9.1,39.0,24.0
0.0,9.5,41.0,26.5
0.0,10.1,40.5,26.5
0.0,10.1,41.0,26.5
1.0,8.5,41.0,26.5
0.0,9.6,39.5,25.5
0.0,10.6,41.0,26.0
0.0,9.9,41.5,26.0
0.0,10.5,41.0,25.5
0.0,10.2,41.5,26.0
18.0,8.6,42.0,26.0
0.0,8.1,41.0,25.0
0.0,8.9,39.5,26.5
5.0,0.5,27.0,25.5
0.0,2.3,31.0,22.5
14.5,4.4,32.5,22.5
0.0,1.4,27.5,24.5
0.0,3.2,30.0,24.5
0.0,4.6,34.0,25.0
0.0,2.2,33.5,25.0
0.0,5.1,35.0,25.5
0.0,3.8,32.0,25.5
0.0,7.188600748458631,38.0,25.5
0.0,8.7,42.0,24.5
0.0,8.8,39.5,26.0
0.0,5.7,36.0,27.0
0.0,6.1,38.0,26.0
5.0,5.5,39.5,26.0
0.0,6.5,39.5,24.0
14.0,5.3,40.0,25.5
5.5,4.9,37.0,24.0
40.0,8.1,35.5,25.5
0.0,4.9,37.0,23.5
52.5,9.369999999999994,37.0,23.5
77.0,5.471000000000003,32.0,23.5
3.0,2.9,32.0,24.0
59.0,5.849999999999998,33.0,24.5
66.5,8.300999999999997,34.0,25.0
2.5,0.6,28.0,24.0
0.0,3.8,35.0,24.0
0.0,5.2,34.0,24.0
0.0,3.7,35.0,24.0
0.0,6.1,37.0,23.5
0.0,6.8,36.5,26.0
17.5,5.7,37.0,25.5
1.5,5.4,35.0,22.5
0.0,6.4,34.0,22.5
24.0,5.5,33.5,24.5
0.0,6.2,33.0,23.0
0.0,6.1,35.5,23.0
54.0,7.527999999999999,34.0,25.0
0.0,6.1,34.5,23.5
8.0,4.7,35.0,23.5
0.0,4.1,34.0,24.0
97.0,9.930999999999996,32.0,25.5
0.5,1.4,35.5,24.0
0.0,3.3,32.5,24.0
0.0,4.7,32.5,25.0
1.5,1.7,33.0,26.5
2.0,4.0,33.0,24.0
32.0,3.9,32.5,23.5
0.0,3.1,33.0,22.5
0.0,3.5,33.5,22.5
0.0,4.2,35.5,24.5
0.0,3.8,35.5,24.5
10.0,6.5,36.5,26.5
0.0,3.6,38.0,24.0
16.5,7.8,33.5,24.5
0.0,3.7,34.0,23.0
2.0,4.9,34.5,23.5
0.5,4.1,34.0,24.5
0.0,3.0,33.5,24.5
5.5,3.7,34.0,27.0
1.0,2.9,34.0,24.0
0.0,4.0,34.0,24.0
10.0,3.5,34.0,24.0
0.0,3.8,33.5,24.5
14.0,4.6,33.0,23.5
0.0,3.4,32.5,23.5
34.0,3.8,30.0,24.0
13.5,3.1,31.0,24.0
0.0,2.1,30.0,24.0
0.0,3.5,30.0,24.0
0.0,2.2,34.0,24.5
0.0,1.9,32.0,24.0
0.0,4.2,35.0,23.0
0.0,4.1,34.5,23.0
0.0,3.9,34.0,24.0
0.0,4.0,34.0,25.0
0.0,4.2,35.0,24.0
2.0,3.6,36.0,24.0
8.0,1.0,29.0,23.5
0.0,2.8,31.0,25.0
0.0,3.7,31.0,24.0
0.0,4.2,32.5,23.5
3.0,3.8,31.5,24.0
9.5,3.5,32.0,24.0
16.0,3.4,34.0,23.5
0.0,3.1,32.0,23.0
0.0,3.2,33.0,22.5
0.0,4.2,35.0,24.0
0.0,4.0,35.0,23.0
0.0,4.0,35.0,23.0
0.0,7.053357913867189,38.0,24.0
0.0,4.1,36.0,22.5
0.0,2.0,32.5,24.0
0.0,2.9,33.5,20.5
0.0,2.5,34.0,20.0
0.0,3.0,33.0,20.0
0.0,2.8,34.0,20.5
0.0,3.1,34.5,20.5
0.0,3.1,34.0,20.0
0.0,3.2,34.0,15.5
0.0,3.0,36.0,15.0
0.0,3.0,34.0,15.5
0.0,2.8,34.0,17.0
0.0,2.9,35.0,19.5
0.0,3.2,35.0,16.5
0.0,2.9,34.0,16.0
0.0,3.2,33.5,12.0
0.0,3.0,32.0,11.5
0.0,2.8,31.5,12.0
0.0,3.6,31.0,14.0
0.0,3.4,31.0,14.0
0.0,3.8,32.5,13.0
0.0,3.9,33.5,11.5
0.0,4.0,34.5,11.0
0.0,3.5,33.0,11.5
0.0,3.6,33.0,12.5
0.0,4.1,36.0,13.5
0.0,3.3,37.0,16.0
0.0,3.4,37.0,16.0
0.0,3.8,36.5,18.5
0.0,4.1,38.0,19.0
0.0,4.0,34.0,13.0
0.0,4.2,36.5,14.0
0.0,4.2,36.0,10.5
0.0,4.1,37.0,7.0
0.0,4.0,36.5,7.0
0.0,3.8,36.0,8.5
0.0,3.8,33.5,8.0
0.0,3.8,32.0,10.5
0.0,4.3,32.5,8.0
0.0,4.2,32.0,7.0
0.0,3.5,33.0,6.5
0.0,2.9,32.5,7.0
0.0,3.0,32.5,8.0
0.0,2.9,30.0,9.0
0.0,3.1,30.5,5.5
0.0,3.3,31.5,5.5
0.0,3.2,35.0,6.0
0.0,3.2,35.0,7.0
0.0,3.2,35.0,8.0
0.0,3.3,35.0,8.0
0.0,3.2,34.5,8.5
0.0,3.3,34.5,9.0
0.0,3.8,33.0,8.0
0.0,3.6,34.0,6.5
0.0,3.3,32.5,7.0
0.0,3.2,32.0,6.5
0.0,3.1,33.0,7.0
0.0,2.5,28.5,7.5
0.0,2.9,33.5,6.0
0.0,3.4,33.0,7.0
0.0,3.2,34.5,5.0
0.0,3.1,34.0,5.0
0.0,3.0,34.0,5.5
0.0,3.2,34.5,6.0
0.0,3.2,34.0,6.0
0.0,3.1,34.0,7.0
0.0,3.2,34.0,7.5
0.0,3.2,34.0,7.5
0.0,3.2,34.5,8.0
0.0,3.1,34.0,7.5
0.0,3.3,34.5,7.5
0.0,2.9,32.5,7.0
0.0,2.6,31.5,8.0
0.0,2.5,29.5,9.0
0.0,2.1,30.0,7.5
0.0,2.1,28.5,7.0
0.0,1.9,29.0,8.5
0.0,1.8,28.0,9.0
0.0,1.8,31.0,8.0
0.0,1.9,31.5,7.0
0.0,1.6,31.0,7.5
0.0,1.3,31.0,7.5
0.0,1.7,31.0,7.0
0.0,1.4,30.5,6.5
0.0,1.3,31.0,6.5
0.0,1.4,31.5,6.5
0.0,1.2,31.5,7.5
0.0,1.1,26.5,7.5
0.0,1.2,28.5,7.5
0.0,1.0,27.0,8.5
0.0,1.2,27.0,6.5
0.0,1.3,28.5,6.5
0.0,1.6,31.5,6.5
0.0,1.5,31.5,6.0
0.0,2.2,33.5,6.5
0.0,1.9,32.0,10.0
0.0,2.0,32.0,10.0
0.0,2.1,30.5,9.5
0.0,1.9,28.0,4.5
0.0,2.2,28.5,6.5
0.0,2.4,34.0,5.5
0.0,2.4,34.5,3.5
0.0,2.5,34.0,3.0
0.0,2.8,34.5,3.5
0.0,2.8,34.0,4.0
0.0,2.9,34.5,4.0
0.0,2.9,33.5,5.5
0.0,2.6,31.0,6.0
0.0,2.7,31.5,7.0
0.0,2.5,32.0,6.0
0.0,2.6,31.5,7.0
0.0,2.7,31.0,7.0
0.0,3.0,32.5,6.0
0.0,2.8,31.5,6.0
0.0,3.1,32.0,6.5
0.0,3.0,28.5,5.0
0.0,2.9,28.0,5.0
0.0,2.2,29.0,5.5
0.0,2.8,30.5,6.0
0.0,3.2,32.0,5.5
0.0,3.3,31.5,7.0
0.0,3.1,30.0,4.5
0.0,2.9,28.5,2.0
0.0,1.9,18.0,2.0
0.0,2.2,23.0,-5.0
0.0,2.5,24.5,-4.5
0.0,2.7,26.0,2.5
0.0,2.8,32.0,2.0
0.0,2.4,31.0,3.5
0.0,2.5,29.0,4.5
0.0,2.3,32.5,4.5
0.0,2.6,32.0,4.5
0.0,2.8,31.5,6.0
0.0,3.0,32.0,6.5
0.0,3.5,36.0,6.0
0.0,5.9,37.5,8.0
0.0,5.3,34.0,8.0
0.0,5.6,35.0,9.0
0.0,5.7,35.5,9.5
0.0,5.7,35.5,9.0
0.0,5.8,36.0,9.5
0.0,5.4,34.5,10.0
0.0,4.9,32.0,7.5
0.0,5.0,32.0,6.5
0.0,5.4,32.0,7.0
0.0,5.3,31.0,6.5
0.0,5.4,31.0,6.0
0.0,5.5,32.0,6.0
0.0,4.9,33.0,6.0
0.0,4.5,34.0,7.0
0.0,4.7,34.0,7.5
0.0,4.8,34.5,7.5
0.0,4.7,34.5,9.0
0.0,4.6,35.0,9.5
0.0,5.0,34.5,10.0
0.0,4.8,35.0,11.0
0.0,4.5,32.5,11.0
0.0,5.1,32.5,10.0
0.0,5.3,34.0,9.5
0.0,5.1,34.5,10.5
0.0,4.9,33.5,10.5
0.0,4.6,34.5,11.5
0.0,4.8,34.0,11.5
0.0,4.9,34.5,11.5
0.0,4.8,34.5,10.0
0.0,5.2,34.0,11.0
0.0,5.3,35.0,10.5
0.0,5.6,34.5,10.0
0.0,5.4,34.0,10.0
0.0,5.6,35.0,10.5
0.0,5.8,36.5,10.0
0.0,5.6,36.0,9.5
0.0,6.0,37.0,9.5
0.0,5.9,36.5,9.5
0.0,6.1,37.0,9.0
0.0,5.9,36.5,9.5
0.0,6.2,36.0,9.5
0.0,6.1,36.5,9.5
0.0,6.2,36.0,10.0
0.0,6.3,36.0,9.5
0.0,9.1,39.0,20.5
0.0,9.6,38.5,21.0
0.0,8.6,40.5,20.0
0.0,9.6,39.0,22.5
0.0,7.7,39.5,23.5
0.0,8.6,40.0,23.5
0.0,9.0,40.5,23.5
0.0,8.4,40.0,23.5
0.0,9.3,38.5,23.5
0.0,8.8,40.0,24.0
0.0,9.4,40.0,24.0
0.0,9.4,38.5,24.5
0.0,9.6,38.0,24.5
0.0,8.4,39.5,23.5
0.0,7.6,39.0,25.0
0.0,7.6,36.0,25.0
0.0,7.5,37.0,26.0
0.0,7.4,38.0,26.0
0.0,8.4,38.0,24.5
0.0,8.7,39.0,24.0
0.0,8.7,39.5,24.5
0.0,9.1,39.0,25.5
0.0,8.8,38.0,24.5
2.0,8.4,41.0,24.0
16.0,8.2,34.0,27.0
64.0,4.9,35.0,23.5
18.5,6.440500000000001,36.5,22.5
0.0,8.6,38.0,22.0
21.0,8.7,39.5,22.5
5.0,3.9,36.5,25.0
6.0,5.1,37.0,23.0
25.0,4.7,34.5,23.0
1.5,5.1,31.5,23.0
36.5,1.7,33.0,23.5
8.0,4.9,35.5,23.0
47.5,3.7,33.0,23.0
9.0,8.8,35.0,22.5
3.0,8.0,35.0,23.5
25.5,8.7,34.5,23.0
3.5,8.9,37.0,23.5
30.0,8.8,34.5,23.5
51.0,9.8,36.0,24.0
0.5,8.7,35.5,23.0
0.0,5.6,36.0,23.0
0.0,8.9,35.0,23.5
0.0,7.9,37.0,23.5
0.0,9.9,36.0,24.0
9.5,10.5,35.5,23.0
16.0,9.4,36.0,23.5
0.0,10.2,36.0,22.5
18.0,10.0,35.0,23.5
26.0,9.3,35.0,23.5
0.0,9.5,36.0,22.0
0.0,,35.5,
1.5,9.9,36.5,23.0
0.0,9.2,36.0,23.5
6.5,9.0,34.0,23.5
0.0,9.4,34.5,25.5
30.0,10.0,34.0,25.0
0.0,8.5,35.5,24.0
16.5,9.3,36.0,24.0
10.5,9.5,34.0,23.5
0.0,10.3,34.5,22.5
0.0,9.8,34.5,23.0
0.0,9.9,35.0,23.5
10.0,10.3,35.0,23.0
25.5,9.9,35.5,23.5
0.0,8.1,36.0,24.0
0.0,9.8,35.5,23.0
79.5,9.5,35.0,23.0
2.5,5.055804545454546,35.0,22.0
0.0,9.4,36.5,22.5
0.0,9.0,36.5,22.0
0.0,8.6,36.0,22.5
18.0,8.9,34.5,22.5
2.5,7.4,35.5,22.0
6.0,2.2,34.0,22.5
5.5,7.8,34.5,22.0
34.5,8.7,34.0,22.0
0.0,7.7,34.0,24.0
0.0,8.7,36.0,23.5
0.0,9.2,36.0,24.0
0.0,9.7,35.5,24.0
17.0,9.1,35.0,23.5
7.0,7.8,36.0,22.5
0.0,8.6,36.0,24.0
0.0,8.9,34.5,23.0
0.0,7.1,35.0,24.0
0.0,7.8,35.5,23.0
0.0,7.3,36.0,23.5
0.0,7.6,36.0,23.0
0.0,7.1,36.0,23.5
0.0,7.3,35.5,23.0
0.0,8.1,36.0,23.0
0.0,8.2,36.0,23.5
2.0,3.0,34.0,23.0
0.0,8.0,35.5,22.5
0.0,8.8,34.5,22.5
0.0,8.5,35.5,22.0
0.0,8.8,36.0,22.5
0.0,8.3,34.5,22.0
0.0,8.2,35.0,22.0
0.0,8.4,34.0,22.5
0.0,8.9,34.0,23.0
0.0,9.0,34.5,22.0
0.0,8.4,35.5,23.0
3.0,8.7,35.0,23.0
0.0,8.4,34.0,22.5
0.0,8.7,34.0,22.0
0.0,8.1,34.0,21.0
0.0,8.5,33.5,22.0
28.5,8.1,31.5,21.5
0.0,7.5,33.5,21.0
0.0,7.7,33.5,21.0
0.0,8.0,34.0,22.0
0.0,8.2,33.5,22.0
0.0,8.4,34.0,22.0
0.0,7.7,33.5,22.0
0.0,7.8,33.0,21.0
0.0,8.0,33.5,21.5
0.0,7.8,34.0,19.5
0.0,8.2,34.0,19.5
0.0,7.5,33.5,21.0
0.0,8.2,34.0,19.5
0.0,8.3,33.5,19.0
0.0,8.4,34.0,19.0
0.0,8.1,34.0,19.5
0.0,8.2,35.0,19.5
0.0,8.8,34.5,20.0
4.5,8.4,34.5,19.5
0.0,7.6,34.0,19.0
0.0,7.8,34.0,18.5
0.0,7.9,34.0,19.0
0.0,8.6,34.0,18.5
0.0,8.2,34.5,18.0
0.0,8.8,33.0,18.0
0.0,3.8,33.5,15.0
0.0,7.3,34.0,15.0
0.0,7.5,34.0,16.5
0.0,7.5,33.5,16.5
0.0,7.3,33.0,16.0
0.0,7.2,33.0,15.5
0.0,7.1,33.0,15.0
0.0,7.4,36.0,15.5
0.0,7.2,33.5,16.0
0.0,8.0,33.0,16.5
0.0,7.4,32.5,15.0
0.0,7.8,33.0,13.0
0.0,7.6,33.5,12.0
0.0,8.6,33.0,12.0
18.5,8.5,33.5,12.0
8.5,7.1,32.5,12.5
0.0,7.1,33.5,12.0
0.0,7.4,34.0,12.0
0.0,7.5,33.5,13.0
0.0,7.8,32.5,12.5
0.0,8.1,33.0,12.5
0.0,7.9,33.0,12.0
0.0,7.6,31.0,11.5
0.0,7.2,31.5,11.0
0.0,7.8,32.0,11.0
28.5,8.1,32.5,12.5
0.0,3.688706240981242,32.0,11.5
0.0,7.1,33.0,11.0
0.0,8.0,31.5,12.0
0.0,7.1,32.0,10.0
0.0,7.0,32.0,6.0
0.0,7.5,31.5,5.5
50.0,4.421049050997828,31.0,6.0
0.0,7.9,30.0,5.5
0.0,6.8,31.0,5.5
0.0,7.1,30.5,6.0
0.0,6.5,29.5,6.0
0.0,6.9,29.5,5.5
0.0,7.2,30.0,5.0
0.0,7.3,29.0,5.5
0.0,7.1,30.5,6.0
0.0,6.5,29.5,5.5
0.0,6.9,28.5,5.5
0.0,7.6,30.5,5.0
0.0,7.9,29.5,11.0
0.0,7.8,29.0,8.5
0.0,7.2,26.0,8.5
0.0,5.5,25.0,7.5
0.0,3.6,23.5,7.5
0.0,5.9,24.0,5.0
0.0,4.2,21.5,5.0
0.0,5.7,20.5,3.0
0.0,5.8,21.0,3.5
0.0,6.2,20.0,3.5
0.0,5.8,19.0,4.0
0.0,6.2,19.5,3.0
0.0,5.9,19.0,4.0
0.0,5.7,20.0,4.0
0.0,5.8,18.5,3.5
0.0,6.1,18.0,3.5
0.0,3.9,23.0,4.0
0.0,4.2,21.5,4.0
0.0,4.6,31.0,4.0
0.0,5.0,31.0,4.5
0.0,5.3,31.0,5.5
0.0,5.1,31.0,6.0
0.0,5.9,29.5,8.0
0.0,5.5,29.0,9.5
0.0,4.9,30.5,7.5
0.0,5.2,29.5,6.5
0.0,5.3,29.5,6.0
0.0,5.5,29.5,5.0
0.0,4.8,29.0,5.0
0.0,4.6,27.5,4.5
0.0,5.1,28.5,4.0
0.0,7.2,28.5,4.0
0.0,5.2,29.5,4.0
0.0,4.2,30.0,5.5
0.0,5.7,31.5,6.0
0.0,6.1,31.5,6.0
0.0,5.3,31.0,5.0
0.0,4.1,29.5,5.5
0.0,4.3,31.0,5.0
0.0,5.2,30.0,6.5
0.0,5.2,31.0,6.0
0.0,4.7,32.5,5.5
0.0,4.6,31.5,7.0
0.0,4.6,32.0,7.0
0.0,5.1,30.5,6.5
0.0,4.5,31.0,5.5
0.0,5.3,31.0,5.0
0.0,5.5,32.0,6.0
0.0,4.8,32.5,5.5
0.0,3.7,33.5,5.5
0.0,4.2,33.0,4.5
0.0,1.9,34.0,6.0
0.0,1.3,26.0,8.0
0.0,3.7,33.0,4.5
0.0,3.8,33.5,5.0
0.0,3.4,32.5,5.5
0.0,1.6,33.5,6.0
0.0,4.0,33.5,8.0
0.0,4.3,34.0,7.5
1.0,1.2,29.0,6.0
0.0,2.6,31.5,8.5
0.0,3.7,30.5,8.0
0.0,2.9,31.0,4.0
0.0,2.7,29.0,8.5
0.0,1.5,30.0,9.5
0.0,1.1,26.0,10.5
0.0,3.2,28.5,3.5
0.0,3.8,30.0,6.0
0.0,4.3,33.0,4.0
0.0,3.8,34.0,5.0
1.5,3.6,32.5,6.5
5.0,1.7,31.0,14.0
0.0,3.9,32.0,12.5
0.0,4.5,34.5,13.5
0.0,4.3,32.0,6.0
0.0,4.7,34.0,6.5
0.0,3.5,33.0,6.5
0.0,4.5,35.0,6.5
0.0,5.1,36.0,7.5
0.0,4.9,35.0,5.5
0.0,4.8,35.0,6.5
0.0,5.3,36.0,5.5
0.0,5.7,36.5,6.0
0.0,5.8,33.5,7.5
0.0,5.2,34.0,7.0
0.0,6.2,35.5,7.0
0.0,5.1,32.5,6.5
0.0,6.0,33.0,6.5
0.0,6.2,33.0,6.5
0.0,6.3,34.5,6.0
0.0,6.8,36.5,6.5
0.0,4.2,34.5,6.5
0.0,5.4,37.0,6.5
0.0,4.6,31.5,9.0
0.0,4.0,30.0,12.0
0.0,5.2,30.5,12.5
0.0,5.6,31.5,8.0
0.0,5.9,29.0,6.5
0.0,5.9,30.5,6.0
0.0,6.1,32.0,8.0
0.0,6.2,31.0,7.5
0.0,6.1,34.0,7.0
0.0,6.3,35.0,7.5
0.0,6.6,35.5,9.0
0.0,7.3,35.5,10.0
0.0,7.7,36.0,10.5
0.0,7.4,34.0,10.5
0.0,7.3,34.5,10.0
0.0,7.8,35.0,10.5
0.0,7.1,35.5,10.0
0.0,7.3,36.0,10.5
0.0,7.3,33.5,11.0
0.0,7.4,34.5,9.0
0.0,7.4,34.0,9.0
0.0,7.3,34.5,9.5
0.0,7.1,34.5,8.5
0.0,7.3,34.5,9.0
0.0,7.5,36.0,9.0
0.0,7.6,36.5,9.0
0.0,8.4,37.0,8.5
0.0,8.0,36.0,10.5
0.0,8.1,35.5,11.0
0.0,7.9,36.0,11.0
0.0,8.2,35.5,9.5
0.0,8.1,35.5,9.0
0.0,8.4,37.0,10.0
0.0,8.8,37.5,11.0
0.0,8.2,36.0,9.5
0.0,8.3,37.5,10.0
0.0,8.4,37.0,10.0
0.0,9.2,38.0,11.5
0.0,7.7,41.0,13.0
0.0,8.3,39.5,15.0
0.0,8.1,39.0,16.5
0.0,7.5,31.5,17.0
0.0,9.0,39.0,17.0
0.0,8.4,39.0,17.5
0.0,8.6,39.5,16.0
0.0,5.4,40.0,16.0
0.0,8.7,40.0,12.0
0.0,8.4,38.0,15.0
0.0,8.5,39.5,15.5
0.0,8.9,40.0,15.5
0.0,8.2,40.5,16.0
0.0,8.2,40.5,17.0
0.0,8.4,39.5,16.0
0.0,8.5,39.5,16.0
0.0,8.0,39.5,15.5
0.0,8.7,37.5,11.0
0.0,8.6,38.0,12.0
0.0,8.8,40.5,13.5
0.0,8.7,40.0,17.0
0.0,8.7,40.0,17.0
0.0,9.1,41.0,17.0
0.0,8.9,39.5,17.5
0.0,9.1,40.0,18.0
0.0,9.1,39.5,18.5
0.0,9.1,39.5,16.0
0.0,9.3,40.0,17.0
0.0,9.1,41.0,17.5
0.0,9.3,41.0,17.0
0.0,9.1,40.0,19.5
0.0,8.9,39.0,19.0
0.0,9.1,39.5,21.0
0.0,9.2,39.0,21.0
0.0,8.9,40.0,22.0
0.9,9.0,40.0,19.5
0.0,9.5,41.5,20.0
0.0,9.3,41.0,18.0
0.0,9.4,40.5,19.5
0.0,8.9,38.0,20.0
0.0,9.1,38.0,19.0
0.0,7.5,36.0,18.5
0.0,6.6,37.0,19.5
0.0,8.6,40.0,20.5
0.0,8.4,39.0,21.5
0.0,8.4,39.0,22.0
0.0,8.7,40.0,22.5
0.0,8.6,40.0,25.5
0.0,8.5,39.5,25.0
0.0,8.8,40.5,24.5
0.0,8.7,40.0,24.5
0.0,8.8,40.0,24.0
0.0,8.4,39.0,21.5
0.0,8.6,39.0,23.0
0.0,8.7,39.5,23.0
0.0,8.6,40.0,22.5
0.0,8.8,41.5,23.5
0.0,8.1,40.0,25.0
2.0,5.6,37.5,25.0
2.5,5.8,35.0,26.0
10.0,7.2,34.5,25.5
4.0,4.8,34.5,22.5
20.0,6.9401666666666655,35.0,23.5
0.0,4.7,34.5,24.0
0.0,5.5,36.0,24.0
0.0,6.1,36.0,25.0
0.0,6.5,38.0,26.0
0.0,6.7,38.5,26.0
1.5,6.3,38.0,25.0
1.0,,,
8.0,4.810575000000004,35.0,24.0
4.0,8.272083333333335,39.0,24.5
38.0,5.961999999999993,37.0,23.0
10.0,4.492000000000001,34.0,21.0
0.0,4.853148189291241,34.0,21.0
0.0,3.2474423659673666,33.0,25.0
2.5,3.7448000000000032,33.0,25.0
18.0,7.490499999999994,36.0,24.5
0.0,3.098533333333333,28.0,23.0
0.0,2.953533333333332,28.0,24.0
0.0,3.846233484842383,33.0,23.0
0.0,4.291658208050968,34.0,23.0
0.0,4.291658208050968,34.0,23.0
5.0,4.7089999999999925,35.0,24.0
0.0,4.416783322943347,34.0,24.0
70.0,8.575,35.0,25.0
0.0,5.694139861948023,36.0,22.0
35.0,7.456000000000004,34.0,22.0
1.0,4.5263416666666645,35.0,23.0
24.0,6.9065000000000065,34.0,24.0
1.0,3.371699999999999,34.0,24.0
28.0,5.598600000000006,34.0,24.0
0.0,3.81701079835384,33.0,22.0
0.0,4.611146783493878,34.0,22.0
0.0,4.416783322943347,34.0,24.0
8.0,4.267000000000005,33.0,24.0
0.0,3.846233484842383,33.0,23.0
0.0,4.291658208050968,34.0,23.0
0.0,5.2083164086106395,36.0,23.0
0.0,4.875732354397967,35.0,23.0
1.0,5.601844444444442,36.0,22.0
0.0,4.611146783493878,34.0,22.0
18.0,7.0379999999999985,37.0,24.0
83.0,8.957999999999993,31.0,23.0
0.0,3.81701079835384,33.0,22.0
0.0,5.098277522789198,35.0,22.0
4.0,5.041366666666665,35.0,23.0
0.0,4.875732354397967,35.0,23.0
0.0,4.875732354397967,35.0,23.0
0.0,5.288376094028688,36.0,25.0
5.5,4.752666666666666,35.0,26.0
0.0,4.291658208050968,34.0,23.0
27.0,5.9482571428571385,34.0,23.0
1.5,3.625912280701752,32.0,22.0
0.0,3.779913761190116,33.0,24.0
10.0,4.827633333333333,34.0,23.0
0.0,3.779913761190116,33.0,24.0
1.0,4.469166666666665,34.0,23.0
12.0,4.498716666666668,33.0,23.0
20.0,3.453499999999998,31.0,23.0
10.0,5.335999999999997,33.0,23.0
3.0,3.721064285714287,33.0,22.0
0.0,3.81701079835384,33.0,22.0
0.0,3.846233484842383,33.0,23.0
0.0,4.291658208050968,34.0,23.0
0.0,3.779913761190116,33.0,24.0
18.0,5.7170000000000005,34.0,22.0
6.0,3.701999999999998,34.0,22.0
2.5,2.7175555555555544,31.0,22.0
25.0,2.653999999999999,31.0,24.0
17.0,2.0005000000000006,29.0,23.0
6.0,2.4890000000000008,30.0,24.0
0.0,2.6064202380952377,30.0,24.0
0.0,4.611146783493878,34.0,22.0
5.5,5.204499999999997,35.0,23.0
0.0,5.0088366584839505,35.0,24.0
0.0,5.2083164086106395,36.0,23.0
0.0,7.641604956154957,38.0,22.0
0.0,4.611146783493878,34.0,22.0
8.0,1.1389999999999987,28.0,24.0
148.0,8.540000000000006,26.0,25.0
192.0,7.493000000000007,24.0,23.0
0.0,3.81701079835384,33.0,22.0
24.0,5.304000000000002,33.0,22.0
0.0,3.846233484842383,33.0,23.0
0.0,3.846233484842383,33.0,23.0
0.0,3.779913761190116,33.0,24.0
0.0,4.403228319904399,34.0,25.0
1.0,3.082453571428571,33.0,24.0
0.0,3.5937543238048106,32.0,23.0
0.0,4.260788102869634,33.0,18.0
0.0,4.260788102869634,33.0,18.0
0.0,4.425510635198134,33.0,19.0
0.0,3.780466197527961,33.0,20.0
0.0,3.780466197527961,33.0,20.0
0.0,4.260788102869634,33.0,18.0
0.0,4.3329183144512875,33.0,17.0
0.0,4.119345221121135,34.0,20.0
0.0,4.119345221121135,34.0,20.0
0.0,5.13271526765551,36.0,19.0
0.0,4.119345221121135,34.0,20.0
0.0,4.119345221121135,34.0,20.0
0.0,3.780466197527961,33.0,20.0
0.0,5.739058753649565,34.0,19.0
0.0,3.130968996689586,32.0,17.0
0.0,3.130968996689586,32.0,17.0
0.0,4.630859581164936,32.0,21.0
10.0,4.514916666666662,33.0,21.0
0.0,3.81701079835384,33.0,22.0
0.0,3.780466197527961,33.0,20.0
0.0,5.739058753649565,34.0,19.0
0.0,4.3663661664845,34.0,18.0
0.0,4.363463569102043,33.0,15.0
0.0,5.086035918625203,33.0,14.0
0.0,5.436975325499805,35.0,14.0
0.0,5.436975325499805,35.0,14.0
0.0,4.844727948961775,34.0,15.0
0.0,4.844727948961775,34.0,15.0
0.0,5.418306441239183,35.0,15.0
0.0,6.708454185123205,36.0,13.0
0.0,5.055095361344786,34.0,12.0
0.0,4.314197363715256,33.0,12.0
0.0,2.3675880952380948,26.0,14.0
0.0,4.677037556971417,33.0,16.0
0.0,4.350144859063591,35.0,16.0
0.0,4.23399938842547,34.0,17.0
50.0,4.341749999999999,29.0,17.0
0.0,2.1763166666666676,28.0,21.0
0.0,2.0902932900432902,30.0,18.0
0.0,3.56449794389477,32.0,16.0
3.0,1.2454166666666664,24.0,16.0
0.0,1.6091511904761895,25.0,17.0
0.0,4.677037556971417,33.0,16.0
0.0,5.086035918625203,33.0,14.0
0.0,5.086035918625203,33.0,14.0
0.0,5.418306441239183,35.0,15.0
1.0,4.530504268082842,34.0,16.0
13.0,2.468500000000001,32.0,16.0
0.0,3.56449794389477,32.0,16.0
1.0,1.0444166666666668,23.0,16.0
0.0,4.6315464637916275,31.0,16.0
0.0,4.058384451659452,31.0,15.0
0.0,4.058384451659452,31.0,15.0
0.0,3.6567809523809536,30.0,15.0
0.0,3.8249287851037854,29.0,16.0
0.0,2.0902932900432902,30.0,18.0
0.0,2.9021428571428562,26.0,17.0
0.0,2.0902932900432902,30.0,18.0
0.0,2.52007857142857,26.0,16.0
0.0,3.6099705459043383,29.0,7.0
0.0,3.6099705459043383,29.0,7.0
0.0,3.1055287091887247,30.0,9.0
0.0,4.871263793931407,33.0,10.0
0.0,4.846008488288955,33.0,11.0
0.0,3.0546987286577,30.0,12.0
0.0,3.959429033365041,33.0,13.0
0.0,1.5699329365079366,27.0,14.0
0.0,3.8249287851037854,29.0,16.0
1.0,1.2739166666666661,27.0,16.0
0.0,1.5574333333333326,27.0,16.0
0.0,1.4103999999999988,20.0,11.0
0.0,2.476371380958224,26.0,7.0
0.0,2.4482568417589574,27.0,7.0
0.0,3.52657730025603,31.0,8.0
0.0,3.579493289352214,31.0,9.0
0.0,4.060248048205252,33.0,9.0
0.0,3.0546987286577,30.0,12.0
0.0,3.52657730025603,31.0,8.0
0.0,4.1647732738034575,33.0,8.0
0.0,3.8370434569561285,33.0,7.0
0.0,5.292681011010129,34.0,7.0
0.0,4.060248048205252,33.0,9.0
0.0,3.579493289352214,31.0,9.0
13.0,2.855779449398735,32.0,10.0
0.0,5.482939304402774,34.0,10.0
0.0,2.1813234598734605,26.0,10.0
0.0,3.2801113840306555,29.0,8.0
0.0,3.775915530915238,32.0,7.0
0.0,3.7983215758140068,31.0,7.0
0.0,3.0526890220890213,27.0,13.0
9.0,2.629416666666667,30.0,10.0
0.0,2.529395114768347,28.0,10.0
0.0,2.6073215367965368,26.0,12.0
0.0,2.529395114768347,28.0,10.0
0.0,3.5728595485611736,29.0,5.0
0.0,2.853105412601824,29.0,6.0
0.0,3.775915530915238,32.0,7.0
0.0,3.52657730025603,31.0,8.0
0.0,2.5425759712317513,28.0,9.0
0.0,1.7353293956043965,25.0,11.0
0.0,3.19850476698604,31.0,12.0
0.0,3.579493289352214,31.0,9.0
0.0,3.4010430118256334,29.0,10.0
0.0,2.5425759712317513,28.0,9.0
0.0,2.273421042455137,27.0,10.0
0.0,3.8887187982577625,31.0,5.0
0.0,3.040629466577289,30.0,6.0
0.0,4.039758847310535,32.0,8.0
0.0,3.655281716231824,33.0,6.0
0.0,3.1009214285714295,34.0,3.0
0.0,3.1009214285714295,34.0,3.0
0.0,3.469945937395937,32.0,3.0
0.0,3.469945937395937,32.0,3.0
0.0,4.003196743534245,31.0,4.0
0.0,4.1647732738034575,33.0,8.0
0.0,3.8370434569561285,33.0,7.0
0.0,4.846008488288955,33.0,11.0
0.0,3.118338699042645,30.0,10.0
0.0,4.27589186469114,32.0,11.0
0.0,5.298161344781885,34.0,13.0
0.0,4.933216811298396,34.0,11.0
0.0,4.846008488288955,33.0,11.0
0.0,4.110465476190476,29.0,14.0
0.0,4.039758847310535,32.0,8.0
0.0,3.52657730025603,31.0,8.0
0.0,4.018558786354195,32.0,10.0
0.0,3.7983215758140068,31.0,7.0
0.0,3.327484581094781,30.0,7.0
0.0,3.2801113840306555,29.0,8.0
0.0,3.5728595485611736,29.0,5.0
0.0,2.6918719486395957,28.0,5.0
0.0,3.377277469091899,31.0,6.0
0.0,3.5775136337896316,32.0,6.0
0.0,4.212479944466066,34.0,6.0
0.0,5.228830415417916,36.0,6.0
0.0,5.421590404792146,36.0,7.0
0.0,3.52657730025603,31.0,8.0
0.0,4.871263793931407,33.0,10.0
0.0,5.482939304402774,34.0,10.0
0.0,4.933216811298396,34.0,11.0
0.0,5.495071725763821,35.0,11.0
0.0,6.179343186329533,36.0,12.0
0.0,6.145437994250119,36.0,11.0
0.0,6.3503926073926085,38.0,9.0
0.0,5.2840141413520225,35.0,7.0
0.0,5.2840141413520225,35.0,7.0
0.0,4.160419930601922,35.0,8.0
0.0,5.300649818563791,36.0,8.0
0.0,4.060248048205252,33.0,9.0
0.0,5.435956655280291,35.0,9.0
0.0,4.060248048205252,33.0,9.0
0.0,3.3116796492980707,32.0,13.0
0.0,6.111302689728535,36.0,10.0
0.0,5.435956655280291,35.0,9.0
0.0,4.559009668243971,34.0,8.0
0.0,5.292681011010129,34.0,7.0
0.0,4.060248048205252,33.0,9.0
0.0,4.039758847310535,32.0,8.0
0.0,3.7983215758140068,31.0,7.0
0.0,4.060248048205252,33.0,9.0
0.0,3.1055287091887247,30.0,9.0
0.0,3.118338699042645,30.0,10.0
10.0,2.487939285714285,28.0,14.0
0.0,1.570695238095237,28.0,15.0
0.0,2.7568088189588194,30.0,13.0
0.0,4.314197363715256,33.0,12.0
0.0,5.055095361344786,34.0,12.0
0.0,3.959429033365041,33.0,13.0
0.0,4.27589186469114,32.0,11.0
0.0,3.4010430118256334,29.0,10.0
0.0,4.212479944466066,34.0,6.0
0.0,4.212479944466066,34.0,6.0
0.0,5.2840141413520225,35.0,7.0
0.0,5.140897692585195,37.0,7.0
0.0,6.152967971802493,37.0,11.0
0.0,6.145437994250119,36.0,11.0
0.0,8.451242882057743,39.0,12.0
0.0,9.151549755799758,41.0,11.0
0.0,7.3833159746303,37.0,13.0
0.0,5.298161344781885,34.0,13.0
0.0,2.9557189393939383,30.0,16.0
0.0,4.670146039375533,35.0,13.0
0.0,7.304537949574011,37.0,12.0
0.0,6.179343186329533,36.0,12.0
0.0,7.4077041114986795,38.0,10.0
0.0,6.579971188452072,37.0,9.0
0.0,6.111302689728535,36.0,10.0
0.0,5.482939304402774,34.0,10.0
0.0,5.482939304402774,34.0,10.0
0.0,2.5443148809523812,30.0,10.5
0.0,4.363463569102043,33.0,15.0
0.0,6.145437994250119,36.0,11.0
0.0,9.039566666666666,40.0,10.0
0.0,9.001166422466433,41.0,10.0
0.0,8.451242882057743,39.0,12.0
0.0,9.040851368076373,39.0,11.0
0.0,9.01460218392719,40.0,12.0
0.0,6.708454185123205,36.0,13.0
0.0,8.274000877629584,38.0,12.0
0.0,8.274000877629584,38.0,12.0
0.0,4.314197363715256,33.0,12.0
0.0,4.9615926561901365,34.0,14.0
0.0,5.086035918625203,33.0,14.0
0.0,4.23399938842547,34.0,17.0
0.0,6.179343186329533,36.0,12.0
0.0,8.124461060262771,38.0,13.0
0.0,9.792431564513919,40.0,13.0
0.0,9.040851368076373,39.0,11.0
0.0,6.946015291816089,37.0,10.0
0.0,9.001166422466433,41.0,10.0
0.0,8.774291508165035,39.0,14.0
0.0,7.909863045704437,38.0,15.0
0.0,8.451242882057743,39.0,12.0
0.0,7.304537949574011,37.0,12.0
0.0,6.238801082200549,36.0,15.0
0.0,6.7754789248220595,37.0,14.0
0.0,8.124461060262771,38.0,13.0
0.0,8.124461060262771,38.0,13.0
0.0,8.89903808252833,39.0,13.0
0.0,9.186104632363753,39.0,16.0
0.0,5.157584842848192,35.0,17.0
1.0,3.313199195249195,33.0,20.0
0.0,7.4273382556871335,37.0,18.0
0.0,7.576795900096636,38.0,14.0
0.0,6.7754789248220595,37.0,14.0
0.0,7.3833159746303,37.0,13.0
0.0,7.576795900096636,38.0,14.0
0.0,7.909863045704437,38.0,15.0
0.0,10.583299999999992,42.0,18.0
0.0,10.322135790516672,40.0,19.0
0.0,9.998751998001996,40.0,20.0
0.0,10.583299999999992,42.0,18.0
0.0,10.483039646464652,41.0,18.0
0.0,10.483039646464652,41.0,18.0
0.0,9.795374306249306,41.0,20.0
0.0,9.080873516796588,38.0,20.0
0.0,3.106631992787915,31.0,20.0
0.0,9.172776301400699,40.0,17.0
0.0,9.979600747601323,40.0,18.0
0.0,9.172776301400699,40.0,17.0
0.0,10.020157142857132,42.0,16.0
0.0,9.622376651453123,41.0,17.0
0.0,8.620519811270752,38.0,19.0
0.0,7.852693675988747,38.0,21.0
0.0,9.510358333333334,41.0,22.0
0.0,9.525405158730159,42.0,22.0
0.0,9.854400000000014,42.0,21.0
0.0,10.801002242202241,42.0,25.0
0.0,9.743127357025497,41.0,24.0
0.0,8.648882389602463,39.0,24.0
0.0,7.275657328480174,38.0,25.0
0.0,9.19455886570445,39.0,25.0
0.0,8.868197657244716,40.0,25.5
0.0,7.681373751545151,38.0,26.0
0.0,7.502148972548777,37.0,26.0
0.0,9.92478928571428,42.0,26.0
0.0,9.611143676986924,40.0,24.0
0.0,9.743127357025497,41.0,24.0
0.0,9.479555154176266,40.0,25.0
0.0,9.19455886570445,39.0,25.0
35.0,11.148999999999994,41.0,25.0
0.0,9.391670368603705,40.0,22.0
0.0,9.474309668109669,40.0,24.5
0.0,9.611143676986924,40.0,24.0
5.0,9.546166666666664,41.5,23.0
74.0,7.551999999999997,39.0,23.0
19.0,6.296999999999996,33.0,21.0
0.0,6.698510645974202,37.0,22.0
0.0,6.299592803321601,38.0,23.0
0.0,9.19455886570445,39.0,25.0
0.0,6.159893565838189,37.0,25.0
50.0,8.964000000000004,37.0,25.0
0.0,4.755155011435458,35.0,21.0
0.0,5.0088366584839505,35.0,24.0
2.0,6.320000000000002,38.0,26.0
20.0,6.513999999999997,35.0,24.0
29.0,6.229666666666662,35.0,23.0
14.0,4.837533333333333,33.0,23.0
42.0,6.987999999999994,33.0,23.0
1.0,3.859572802197803,33.0,22.0
0.0,4.875732354397967,35.0,23.0
60.0,9.426000000000005,35.0,24.0
9.0,5.4328333333333365,31.0,23.0
5.0,2.852171428571428,32.0,24.0
3.5,5.239000000000004,30.0,23.0
16.5,6.548999999999991,34.0,23.5
33.5,5.593266666666666,34.0,24.0
4.5,2.572866666666667,31.0,22.0
0.0,3.846233484842383,33.0,23.0
0.0,4.875732354397967,35.0,23.0
23.5,6.1819999999999995,35.0,23.0
2.5,2.3174000000000032,32.0,22.0
0.0,3.846233484842383,33.0,23.0
0.0,4.875732354397967,35.0,23.0
1.0,3.6187926601176574,33.0,23.0
3.0,3.4452000000000003,34.0,24.0
0.0,5.098277522789198,35.0,22.0
0.0,5.694139861948023,36.0,22.0
0.0,5.288376094028688,36.0,25.0
0.0,3.2474423659673666,33.0,25.0
17.0,5.837499999999999,36.0,23.0
0.0,4.119345221121135,34.0,20.0
103.0,11.830142857142857,36.0,21.0
0.0,4.611146783493878,34.0,22.0
0.0,4.611146783493878,34.0,22.0
0.0,4.875732354397967,35.0,23.0
0.0,3.846233484842383,33.0,23.0
0.0,3.846233484842383,33.0,23.0
0.0,5.098277522789198,35.0,22.0
2.0,4.990871212121209,35.0,22.0
6.0,5.372000000000002,34.0,23.5
0.0,4.291658208050968,34.0,23.0
6.0,1.9880000000000022,29.0,24.0
39.0,6.358,33.0,23.0
0.0,3.81701079835384,33.0,22.0
0.0,3.81701079835384,33.0,22.0
0.0,3.846233484842383,33.0,23.0
0.0,4.875732354397967,35.0,23.0
8.5,4.844566666666671,33.0,23.0
80.5,9.392000000000005,35.0,23.0
1.0,4.073925963879231,32.0,21.0
0.0,3.81701079835384,33.0,22.0
0.0,5.0088366584839505,35.0,24.0
16.0,1.767000000000001,29.0,24.0
0.0,3.81701079835384,33.0,22.0
10.0,5.263000000000003,34.0,22.0
44.5,8.299999999999999,34.0,23.0
0.0,3.846233484842383,33.0,23.0
0.0,3.81701079835384,33.0,22.0
113.0,11.194999999999995,33.0,23.0
0.0,4.611146783493878,34.0,22.0
9.5,4.0610000000000035,32.0,22.0
0.0,3.81701079835384,33.0,22.0
0.0,4.611146783493878,34.0,22.0
0.0,5.844850058219545,36.0,24.0
15.5,5.097000000000001,36.0,26.0
5.0,3.289000000000003,34.0,22.0
0.0,4.664728499560146,34.0,23.5
10.0,5.434000000000005,34.0,25.0
1.0,3.7953451691282636,34.0,25.0
27.5,5.053183333333336,33.0,24.0
17.0,2.848999999999998,30.0,23.0
0.0,2.6064202380952377,30.0,24.0
1.5,5.238140476190477,33.0,23.0
1.0,3.082453571428571,33.0,24.0
0.0,4.403228319904399,34.0,25.0
0.0,4.875732354397967,35.0,23.0
0.0,4.291658208050968,34.0,23.0
0.0,3.2474423659673666,33.0,25.0
0.0,4.407105451819422,32.0,25.0
64.0,10.216999999999993,36.0,23.0
16.0,5.0488333333333335,33.0,21.0
11.0,2.277,27.0,23.0
0.0,3.1016617714596104,31.0,23.0
0.0,4.291658208050968,34.0,23.0
0.0,3.846233484842383,33.0,23.0
54.0,7.064,33.0,24.0
0.0,3.846233484842383,33.0,23.0
0.0,2.6064202380952377,30.0,24.0
0.0,3.779913761190116,33.0,24.0
0.0,4.403228319904399,34.0,25.0
36.0,4.272999999999999,30.0,23.0
0.0,2.1732000000000005,29.0,23.0
0.0,1.84466666666667,29.0,22.0
0.0,4.291658208050968,34.0,23.0
0.0,5.2083164086106395,36.0,23.0
0.0,4.875732354397967,35.0,23.0
13.0,5.170000000000004,35.0,24.0
0.0,3.9929282099359598,33.0,21.0
0.0,5.098277522789198,35.0,22.0
0.0,3.4527580446514263,32.0,24.0
0.0,4.416783322943347,34.0,24.0
3.5,2.87795,32.0,23.0
0.0,3.7142251710549075,32.0,22.0
0.0,4.611146783493878,34.0,22.0
0.0,4.611146783493878,34.0,22.0
0.0,4.853148189291241,34.0,21.0
0.0,4.611146783493878,34.0,22.0
0.0,4.853148189291241,34.0,21.0
0.0,4.853148189291241,34.0,21.0
0.0,4.23399938842547,34.0,17.0
0.0,4.15634009869439,35.0,18.0
0.0,7.453452981787733,36.0,17.0
0.0,5.13271526765551,36.0,19.0
0.0,4.991196975942874,35.0,19.0
0.0,4.23399938842547,34.0,17.0
0.0,4.23399938842547,34.0,17.0
0.0,4.260788102869634,33.0,18.0
0.0,4.3329183144512875,33.0,17.0
0.0,4.3329183144512875,33.0,17.0
0.0,4.991196975942874,35.0,19.0
0.0,6.213022010503032,36.0,20.0
0.0,6.498882209663804,37.0,21.0
0.0,7.182214548171125,37.0,19.0
0.0,6.213022010503032,36.0,20.0
0.0,5.157584842848192,35.0,17.0
0.0,7.453452981787733,36.0,17.0
0.0,4.350144859063591,35.0,16.0
0.0,7.6574636469657715,37.0,16.0
0.0,5.393500256048549,36.0,16.0
0.0,4.677037556971417,33.0,16.0
25.0,2.5779999999999985,26.0,17.0
1.0,1.5490000000000004,23.0,19.0
0.0,3.377751911976913,31.0,18.0
0.0,3.56449794389477,32.0,16.0
0.0,4.363463569102043,33.0,15.0
0.0,5.086035918625203,33.0,14.0
0.0,5.298161344781885,34.0,13.0
0.0,2.7568088189588194,30.0,13.0
0.0,4.3739142135642135,32.0,15.0
0.0,3.130968996689586,32.0,17.0
0.0,4.6315464637916275,31.0,16.0
0.0,5.086035918625203,33.0,14.0
0.0,3.3116796492980707,32.0,13.0
0.0,3.8151315480142483,31.0,14.0
0.0,2.8255429473304474,31.0,13.0
0.0,3.19850476698604,31.0,12.0
0.0,3.2503070321692786,31.0,11.0
0.0,4.018558786354195,32.0,10.0
0.0,4.018558786354195,32.0,10.0
0.0,3.4010430118256334,29.0,10.0
0.0,3.052502654536608,31.0,10.0
0.0,3.052502654536608,31.0,10.0
0.0,3.579493289352214,31.0,9.0
0.0,4.724904761904769,34.0,2.0
0.0,4.52566666666667,35.0,3.0
0.0,4.870882936507938,34.0,4.0
0.0,3.9442007243349284,32.0,5.0
0.0,4.363544705982574,30.0,5.0
0.0,3.9442007243349284,32.0,5.0
0.0,3.5078471907993958,33.0,5.0
0.0,3.377277469091899,31.0,6.0
0.0,4.060248048205252,33.0,9.0
0.0,5.452487078540986,34.0,9.0
0.0,4.871263793931407,33.0,10.0
0.0,4.27589186469114,32.0,11.0
0.0,4.933216811298396,34.0,11.0
0.0,3.1224674722250585,32.0,12.0
0.0,4.110465476190476,29.0,14.0
0.0,3.3116796492980707,32.0,13.0
0.0,4.339513694335719,32.0,14.0
0.0,3.3116796492980707,32.0,13.0
0.0,3.052502654536608,31.0,10.0
0.0,3.52657730025603,31.0,8.0
0.0,3.6099705459043383,29.0,7.0
0.0,2.8437522005772014,25.0,8.0
0.0,2.5275281581378715,27.0,8.0
0.0,3.5728595485611736,29.0,5.0
0.0,3.4406789321789306,30.0,4.0
0.0,3.401410409035409,28.0,4.0
0.0,3.2829531934960166,29.0,4.0
0.0,3.5728595485611736,29.0,5.0
0.0,3.333222971472972,30.0,5.5
0.0,3.040629466577289,30.0,6.0
0.0,2.853105412601824,29.0,6.0
0.0,2.433583649541892,28.0,11.0
0.0,3.040629466577289,30.0,6.0
0.0,3.4406789321789306,30.0,4.0
0.0,5.416966666666666,33.0,3.0
0.0,2.9772577256077266,30.0,3.0
0.0,2.5633952380952376,25.0,10.0
0.0,1.2129999999999987,18.0,15.0
0.0,2.6276666666666677,26.0,1.0
0.0,3.391900000000004,31.0,1.0
0.0,5.416966666666666,33.0,3.0
0.0,4.426987121212122,35.0,5.0
0.0,2.3675880952380948,26.0,14.0
0.0,3.3116796492980707,32.0,13.0
0.0,2.9912577416048016,29.0,11.0
0.0,3.327484581094781,30.0,7.0
0.0,3.377277469091899,31.0,6.0
0.0,3.040629466577289,30.0,6.0
0.0,3.377277469091899,31.0,6.0
0.0,3.110474435937549,28.0,6.0
0.0,3.0164626984127,26.0,13.0
0.0,2.8255429473304474,31.0,13.0
0.0,3.19850476698604,31.0,12.0
0.0,3.56449794389477,32.0,16.0
0.0,5.298161344781885,34.0,13.0
0.0,4.846008488288955,33.0,11.0
0.0,3.1224674722250585,32.0,12.0
0.0,3.575943312466911,30.0,11.0
0.0,3.327484581094781,30.0,7.0
0.0,2.6541710317460314,25.0,7.0
0.0,2.6073215367965368,26.0,12.0
0.0,3.8151315480142483,31.0,14.0
0.0,6.179343186329533,36.0,12.0
0.0,7.304537949574011,37.0,12.0
0.0,3.19850476698604,31.0,12.0
12.0,4.901721904146222,33.0,12.0
2.0,2.0780000000000025,25.0,15.0
0.0,3.945287839937841,28.0,14.0
10.0,2.5086428571428567,27.0,14.0
0.0,3.0164626984127,26.0,13.0
0.0,3.052502654536608,31.0,10.0
0.0,5.482939304402774,34.0,10.0
0.0,6.111302689728535,36.0,10.0
0.0,6.145232564002319,36.0,9.0
0.0,5.482939304402774,34.0,10.0
0.0,5.482939304402774,34.0,10.0
0.0,4.27589186469114,32.0,11.0
0.0,4.314197363715256,33.0,12.0
0.0,2.8255429473304474,31.0,13.0
4.0,2.5393500000000007,28.0,14.0
0.0,3.8930000000000065,28.0,18.0
9.0,1.554,26.0,15.0
10.5,1.4434999999999993,26.0,16.0
0.0,3.343089545177045,30.0,14.0
0.0,4.797097580614331,35.0,12.0
0.0,5.055095361344786,34.0,12.0
0.0,3.8151315480142483,31.0,14.0
0.0,3.3116796492980707,32.0,13.0
0.0,3.1224674722250585,32.0,12.0
0.0,6.238801082200549,36.0,15.0
0.0,4.797097580614331,35.0,12.0
0.0,3.118338699042645,30.0,10.0
0.0,3.7983215758140068,31.0,7.0
0.0,3.7983215758140068,31.0,7.0
0.0,4.05159278452484,32.0,9.0
0.0,4.27589186469114,32.0,11.0
0.0,5.495071725763821,35.0,11.0
11.0,4.3322520354321234,33.0,11.0
5.5,1.9531333333333327,25.0,18.0
0.0,4.018558786354195,32.0,10.0
0.0,5.321904447693234,35.0,10.0
0.0,3.4010430118256334,29.0,10.0
0.0,1.561714285714286,24.0,15.0
0.0,4.018558786354195,32.0,10.0
0.0,4.27589186469114,32.0,11.0
0.0,4.018558786354195,32.0,10.0
0.0,4.846008488288955,33.0,11.0
12.0,2.678081816079066,32.0,11.0
2.0,2.279428143274855,30.0,11.0
0.0,2.9912577416048016,29.0,11.0
3.0,2.382817615717615,31.0,13.0
0.0,2.7568088189588194,30.0,13.0
0.0,3.8151315480142483,31.0,14.0
0.0,3.6567809523809536,30.0,15.0
0.0,2.9557189393939383,30.0,16.0
0.0,3.1224674722250585,32.0,12.0
0.0,5.055095361344786,34.0,12.0
0.0,6.179343186329533,36.0,12.0
0.0,4.844727948961775,34.0,15.0
0.0,4.844727948961775,34.0,15.0
0.0,7.367937944801364,36.0,14.0
0.0,7.909863045704437,38.0,15.0
0.0,6.981015059945424,37.0,15.0
0.0,6.238801082200549,36.0,15.0
0.0,5.418306441239183,35.0,15.0
0.0,4.363463569102043,33.0,15.0
0.0,5.418306441239183,35.0,15.0
0.0,6.238801082200549,36.0,15.0
0.0,6.708454185123205,36.0,13.0
0.0,6.7754789248220595,37.0,14.0
0.0,7.4273382556871335,37.0,18.0
0.0,7.909863045704437,38.0,15.0
0.0,9.787675367036234,40.0,15.0
0.0,7.909863045704437,38.0,15.0
0.0,7.182214548171125,37.0,19.0
0.0,4.991196975942874,35.0,19.0
0.0,7.182214548171125,37.0,19.0
1.0,3.1428143196672598,31.0,21.0
0.0,5.418306441239183,35.0,15.0
0.0,4.670146039375533,35.0,13.0
0.0,6.179343186329533,36.0,12.0
0.0,5.298161344781885,34.0,13.0
0.0,3.8151315480142483,31.0,14.0
0.0,5.157584842848192,35.0,17.0
0.0,3.19850476698604,31.0,12.0
0.0,2.8255429473304474,31.0,13.0
0.0,6.111302689728535,36.0,10.0
0.0,4.27589186469114,32.0,11.0
0.0,4.3739142135642135,32.0,15.0
0.0,4.23399938842547,34.0,17.0
0.0,6.708454185123205,36.0,13.0
0.0,6.152967971802493,37.0,11.0
0.0,5.495071725763821,35.0,11.0
0.0,6.145437994250119,36.0,11.0
0.0,7.304537949574011,37.0,12.0
0.0,4.670146039375533,35.0,13.0
0.0,9.797480457042962,41.0,25.0
0.0,9.463141297866219,40.0,23.0
0.0,9.611143676986924,40.0,24.0
0.0,9.743127357025497,41.0,24.0
0.0,9.626043284493282,41.0,16.0
0.0,9.697846121933617,40.0,26.0
0.0,9.19455886570445,39.0,25.0
0.0,7.053357913867189,38.0,24.0
0.0,6.299592803321601,38.0,23.0
0.0,9.743127357025497,41.0,24.0
0.0,9.743127357025497,41.0,24.0
0.0,9.697846121933617,40.0,26.0
0.0,9.854400000000014,42.0,21.0
0.0,9.588833333333337,43.0,20.0
0.0,9.433783333333341,42.0,20.0
0.5,8.431145943272414,40.0,23.0
1.5,7.1820196969696966,40.0,23.0
0.0,6.299592803321601,38.0,23.0
2.4,7.039066666666665,47.0,24.0
21.0,6.022750000000001,36.0,24.0
0.0,6.698510645974202,37.0,22.0
4.5,5.920265890698904,38.0,23.0
3.0,7.852000000000004,40.0,24.0
2.0,5.662215934743731,38.0,23.0
3.5,6.879016296296294,38.0,24.0
10.5,7.397000000000002,40.0,24.0
13.5,6.482000000000003,37.0,24.0
0.0,7.053357913867189,38.0,24.0
27.0,1.6769999999999996,27.0,25.0
0.0,3.846233484842383,33.0,23.0
0.0,3.846233484842383,33.0,23.0
45.0,8.79099999999999,36.0,22.0
5.0,6.204499999999992,35.0,22.0
47.0,10.292627272727268,42.0,25.0
5.0,3.7369999999999988,33.0,24.0
0.0,5.0088366584839505,35.0,24.0
1.3,5.041795238095244,35.0,24.0
0.0,6.825145113200474,37.0,24.0
0.0,5.844850058219545,36.0,24.0
0.0,7.053357913867189,38.0,24.0
20.0,6.6859999999999955,36.0,22.0
6.0,3.909999999999995,34.0,23.0
4.0,5.7247235336439335,36.0,21.0
0.0,5.098277522789198,35.0,22.0
0.0,4.875732354397967,35.0,23.0
0.0,5.0088366584839505,35.0,24.0
23.0,7.6514999999999995,36.0,23.0
20.0,7.084185470085467,38.0,22.0
20.0,7.084185470085467,38.0,22.0
1.0,4.469166666666665,34.0,23.0
4.0,5.413797619047617,34.0,23.0
15.5,5.932799999999997,34.0,23.0
0.0,4.875732354397967,35.0,23.0
0.0,4.973794627622233,35.0,25.0
0.0,3.81701079835384,33.0,22.0
72.0,11.867000000000003,35.0,22.0
0.0,4.291658208050968,34.0,23.0
0.0,4.875732354397967,35.0,23.0
0.0,4.875732354397967,35.0,23.0
1.5,3.99367380952381,36.0,23.0
17.0,6.149799999999999,35.0,22.0
0.0,5.098277522789198,35.0,22.0
7.0,3.6786999999999996,33.0,24.0
18.0,5.286976190476195,33.0,23.0
20.0,4.42,34.0,22.0
64.0,10.100000000000001,35.0,22.0
1.0,4.469166666666665,34.0,23.0
10.0,7.857999999999992,35.0,23.0
0.0,4.291658208050968,34.0,23.0
33.0,6.333000000000006,34.0,22.0
0.0,4.291658208050968,34.0,23.0
0.0,4.875732354397967,35.0,23.0
3.0,5.355822510822512,37.0,22.0
0.0,6.698510645974202,37.0,22.0
0.0,5.288376094028688,36.0,25.0
0.0,6.825145113200474,37.0,24.0
1.0,3.6187926601176574,33.0,23.0
0.0,3.1016617714596104,31.0,23.0
0.0,5.0088366584839505,35.0,24.0
0.0,5.844850058219545,36.0,24.0
0.0,5.844850058219545,36.0,24.0
0.0,4.416783322943347,34.0,24.0
0.0,5.0088366584839505,35.0,24.0
40.0,9.05899999999999,36.0,23.0
42.0,7.328000000000004,34.0,24.0
0.0,4.416783322943347,34.0,24.0
46.0,4.621999999999998,29.0,24.0
10.5,4.842999999999996,35.0,25.0
0.0,4.416783322943347,34.0,24.0
0.0,5.0088366584839505,35.0,24.0
0.0,4.416783322943347,34.0,24.0
5.0,4.7089999999999925,35.0,24.0
5.5,3.560816666666665,31.0,23.0
42.0,8.139,34.0,23.0
0.0,4.291658208050968,34.0,23.0
0.0,5.0088366584839505,35.0,24.0
0.0,5.844850058219545,36.0,24.0
0.0,5.844850058219545,36.0,24.0
4.0,4.997325079103459,37.0,21.0
0.0,4.611146783493878,34.0,22.0
0.0,5.0088366584839505,35.0,24.0
0.0,5.0088366584839505,35.0,24.0
24.0,6.384499999999996,36.0,24.0
0.0,5.288376094028688,36.0,25.0
0.0,5.953031992849211,37.0,23.0
18.0,2.758,28.0,23.0
0.0,2.6821508491508492,30.0,21.0
0.0,4.755155011435458,35.0,21.0
1.0,5.6432866602618965,36.0,21.0
0.0,3.121666666666667,26.0,21.0
3.0,2.0847999999999995,25.0,19.0
0.0,3.499169047619049,30.0,19.0
0.0,4.229866666666663,31.0,19.0
0.0,4.755155011435458,35.0,21.0
0.0,5.694139861948023,36.0,22.0
0.0,6.698510645974202,37.0,22.0
7.0,6.216000000000003,37.0,22.0
0.0,4.7661408359786055,35.0,20.0
0.0,4.991196975942874,35.0,19.0
0.0,5.13271526765551,36.0,19.0
0.0,5.13271526765551,36.0,19.0
0.0,3.780466197527961,33.0,20.0
0.0,4.3663661664845,34.0,18.0
0.0,5.081072623811221,34.0,16.0
0.0,4.23399938842547,34.0,17.0
0.0,5.157584842848192,35.0,17.0
0.0,5.157584842848192,35.0,17.0
0.0,7.453452981787733,36.0,17.0
0.0,5.157584842848192,35.0,17.0
25.5,3.9487285714285694,31.0,18.0
1.0,2.0792000000000015,30.0,20.0
0.0,3.343089545177045,30.0,14.0
0.0,3.0546987286577,30.0,12.0
0.0,5.055095361344786,34.0,12.0
0.0,3.3116796492980707,32.0,13.0
0.0,4.3739142135642135,32.0,15.0
0.0,4.23399938842547,34.0,17.0
0.0,5.418306441239183,35.0,15.0
0.0,5.436975325499805,35.0,14.0
0.0,4.797097580614331,35.0,12.0
0.0,5.055095361344786,34.0,12.0
0.0,4.797097580614331,35.0,12.0
0.0,3.1224674722250585,32.0,12.0
0.0,3.0468611111111117,28.0,13.0
0.0,4.670146039375533,35.0,13.0
0.0,6.708454185123205,36.0,13.0
0.0,4.363463569102043,33.0,15.0
0.0,2.0902932900432902,30.0,18.0
0.0,3.775915530915238,32.0,7.0
0.0,5.2840141413520225,35.0,7.0
0.0,5.2840141413520225,35.0,7.0
0.0,5.2840141413520225,35.0,7.0
0.0,5.300649818563791,36.0,8.0
0.0,4.060248048205252,33.0,9.0
0.0,4.933216811298396,34.0,11.0
1.0,3.631353551513844,31.0,14.0
0.0,3.5765613997113985,29.0,18.0
4.0,1.554999999999999,26.0,21.0
0.0,4.176466666666669,29.0,21.0
0.0,3.499169047619049,30.0,19.0
0.0,4.748215079365077,29.0,17.0
0.0,4.677037556971417,33.0,16.0
0.0,5.482939304402774,34.0,10.0
0.0,5.452487078540986,34.0,9.0
0.0,6.145232564002319,36.0,9.0
0.0,6.111302689728535,36.0,10.0
0.0,5.321904447693234,35.0,10.0
0.0,5.495071725763821,35.0,11.0
0.0,5.321904447693234,35.0,10.0
0.0,5.435956655280291,35.0,9.0
111.0,3.7186666666666643,31.0,10.0
8.0,1.5679999999999998,21.0,10.0
0.0,2.470848687423687,25.0,5.0
0.0,2.6918719486395957,28.0,5.0
0.0,2.801713359007357,27.0,6.0
0.0,2.6541710317460314,25.0,7.0
0.0,3.110474435937549,28.0,6.0
0.0,3.110474435937549,28.0,6.0
0.0,3.327484581094781,30.0,7.0
0.0,1.2899761904761917,23.0,10.0
0.0,4.748215079365077,29.0,17.0
0.0,3.579493289352214,31.0,9.0
0.0,2.853105412601824,29.0,6.0
0.0,3.377277469091899,31.0,6.0
0.0,3.775915530915238,32.0,7.0
0.0,2.6541710317460314,25.0,7.0
0.0,2.5382333333333333,22.0,2.0
0.0,2.4753773809523825,26.0,3.0
0.0,2.7202322738664857,27.0,4.0
0.0,3.6099705459043383,29.0,7.0
0.0,2.8437522005772014,25.0,8.0
0.0,2.354333333333334,25.0,14.0
0.0,3.8151315480142483,31.0,14.0
0.0,5.482939304402774,34.0,10.0
0.0,3.2003658863299838,30.0,8.0
0.0,3.1055287091887247,30.0,9.0
0.0,2.5425759712317513,28.0,9.0
0.0,2.8129827187690193,28.0,7.0
0.0,2.5008746031746028,24.0,6.0
0.0,2.4753773809523825,26.0,3.0
0.0,2.5319840548340546,28.0,2.0
0.0,4.164771989285224,29.0,3.0
0.0,3.4962738095238097,28.0,3.0
0.0,4.164771989285224,29.0,3.0
0.0,3.0253364135864125,29.0,2.0
0.0,4.164771989285224,29.0,3.0
0.0,3.0253364135864125,29.0,2.0
0.0,3.532160894660896,30.0,2.0
0.0,3.1009214285714295,34.0,3.0
0.0,3.9319333333333315,35.0,4.0
0.0,4.52566666666667,35.0,3.0
0.0,2.9772577256077266,30.0,3.0
0.0,3.9319333333333315,35.0,4.0
0.0,4.426987121212122,35.0,5.0
0.0,3.5078471907993958,33.0,5.0
0.0,3.327484581094781,30.0,7.0
0.0,2.5275281581378715,27.0,8.0
0.0,3.040629466577289,30.0,6.0
0.0,2.634856349206351,30.0,1.0
0.0,3.0784523809523794,33.0,2.0
0.0,5.416966666666666,33.0,3.0
0.0,5.416966666666666,33.0,3.0
0.0,3.7983215758140068,31.0,7.0
0.0,2.801713359007357,27.0,6.0
0.0,2.634856349206351,30.0,1.0
0.0,3.8025714285714325,34.0,1.0
0.0,4.724904761904769,34.0,2.0
0.0,4.876760683760688,36.0,3.0
0.0,2.6918719486395957,28.0,5.0
0.0,3.0546987286577,30.0,12.0
0.0,6.152967971802493,37.0,11.0
0.0,4.018558786354195,32.0,10.0
0.0,4.871263793931407,33.0,10.0
0.0,7.923768001443006,39.0,10.0
0.0,7.4077041114986795,38.0,10.0
0.0,5.435956655280291,35.0,9.0
0.0,6.145232564002319,36.0,9.0
0.0,5.435956655280291,35.0,9.0
0.0,7.4077041114986795,38.0,10.0
0.0,6.152967971802493,37.0,11.0
0.0,7.304537949574011,37.0,12.0
0.0,7.3833159746303,37.0,13.0
0.0,4.339513694335719,32.0,14.0
0.0,5.482939304402774,34.0,10.0
0.0,4.933216811298396,34.0,11.0
0.0,4.797097580614331,35.0,12.0
0.0,4.314197363715256,33.0,12.0
0.0,5.298161344781885,34.0,13.0
0.0,4.797097580614331,35.0,12.0
0.0,4.797097580614331,35.0,12.0
0.0,5.495071725763821,35.0,11.0
0.0,6.152967971802493,37.0,11.0
0.0,7.304537949574011,37.0,12.0
0.0,8.274000877629584,38.0,12.0
0.0,8.451242882057743,39.0,12.0
0.0,6.3503926073926085,38.0,9.0
0.0,5.421590404792146,36.0,7.0
0.0,3.2003658863299838,30.0,8.0
6.5,2.5899333333333328,23.0,9.0
0.0,3.5078471907993958,33.0,5.0
0.0,3.110474435937549,28.0,6.0
0.0,5.140897692585195,37.0,7.0
0.0,5.482939304402774,34.0,10.0
0.0,6.111302689728535,36.0,10.0
0.0,5.435956655280291,35.0,9.0
0.0,4.871263793931407,33.0,10.0
0.0,4.797097580614331,35.0,12.0
0.0,3.1224674722250585,32.0,12.0
0.0,3.4804301226551204,29.0,13.0
0.0,3.959429033365041,33.0,13.0
0.0,4.670146039375533,35.0,13.0
0.0,7.3833159746303,37.0,13.0
0.0,5.436975325499805,35.0,14.0
0.0,2.8255429473304474,31.0,13.0
0.0,4.670146039375533,35.0,13.0
0.0,2.8255429473304474,31.0,13.0
0.0,3.3116796492980707,32.0,13.0
0.0,4.797097580614331,35.0,12.0
0.0,5.055095361344786,34.0,12.0
0.0,4.018558786354195,32.0,10.0
0.0,4.018558786354195,32.0,10.0
0.0,2.8255429473304474,31.0,13.0
0.0,3.4010430118256334,29.0,10.0
0.0,5.452487078540986,34.0,9.0
0.0,6.946015291816089,37.0,10.0
0.0,7.4077041114986795,38.0,10.0
0.0,6.145437994250119,36.0,11.0
0.0,7.7998361043396445,38.0,11.0
0.0,8.60013315170811,38.0,16.0
0.0,7.7998361043396445,38.0,11.0
0.0,8.89903808252833,39.0,13.0
0.0,6.708454185123205,36.0,13.0
0.0,7.367937944801364,36.0,14.0
0.0,5.436975325499805,35.0,14.0
0.0,7.3833159746303,37.0,13.0
0.0,6.708454185123205,36.0,13.0
0.0,4.670146039375533,35.0,13.0
0.0,4.314197363715256,33.0,12.0
0.0,5.495071725763821,35.0,11.0
0.0,6.152967971802493,37.0,11.0
0.0,7.3833159746303,37.0,13.0
0.0,6.152967971802493,37.0,11.0
0.0,8.618398015873016,40.0,11.0
0.0,7.304537949574011,37.0,12.0
0.0,7.6574636469657715,37.0,16.0
0.0,7.3833159746303,37.0,13.0
0.0,7.3833159746303,37.0,13.0
0.0,4.797097580614331,35.0,12.0
0.0,4.670146039375533,35.0,13.0
0.0,5.321904447693234,35.0,10.0
0.0,4.27589186469114,32.0,11.0
0.0,4.9615926561901365,34.0,14.0
0.0,5.055095361344786,34.0,12.0
0.0,5.298161344781885,34.0,13.0
0.0,8.89903808252833,39.0,13.0
0.0,7.576795900096636,38.0,14.0
0.0,7.909863045704437,38.0,15.0
0.0,5.393500256048549,36.0,16.0
0.5,4.133806225575466,35.0,18.0
1.0,1.8264999999999996,27.0,19.0
0.0,4.15634009869439,35.0,18.0
0.0,7.4273382556871335,37.0,18.0
0.0,9.979600747601323,40.0,18.0
0.0,9.979600747601323,40.0,18.0
0.0,8.74196533980725,39.0,19.0
0.0,7.7864374831290375,40.0,21.0
0.0,6.498882209663804,37.0,21.0
0.0,6.698510645974202,37.0,22.0
0.0,8.352323100244485,38.0,18.0
0.0,7.4273382556871335,37.0,18.0
0.0,7.096639189469801,37.0,17.0
0.0,7.909863045704437,38.0,15.0
0.0,7.909863045704437,38.0,15.0
0.0,8.60013315170811,38.0,16.0
0.0,9.186104632363753,39.0,16.0
0.0,9.202687186764308,39.0,17.0
0.0,7.4273382556871335,37.0,18.0
1.0,5.9709202685536305,38.0,23.0
0.0,9.787675367036234,40.0,15.0
0.0,9.251313980463982,40.0,16.0
0.0,10.020157142857132,42.0,16.0
1.0,7.041739818059478,39.0,18.0
1.5,4.90216474312581,35.0,20.0
0.5,5.889403178647927,37.0,22.0
0.0,10.322135790516672,40.0,19.0
0.0,9.588833333333337,43.0,20.0
0.0,10.851707539682543,42.0,19.0
0.0,9.795374306249306,41.0,20.0
0.0,6.698510645974202,37.0,22.0
0.0,6.159893565838189,37.0,25.0
0.0,4.291658208050968,34.0,23.0
0.0,2.6064202380952377,30.0,24.0
0.0,5.098277522789198,35.0,22.0
0.0,9.348104287765898,39.0,21.0
0.0,9.391670368603705,40.0,22.0
0.0,9.510358333333334,41.0,22.0
0.0,9.867659007659011,41.0,23.0
0.0,8.648882389602463,39.0,24.0
0.0,9.19455886570445,39.0,25.0
0.5,5.1337404761904795,37.0,27.0
0.0,9.19455886570445,39.0,25.0
0.0,6.299592803321601,38.0,23.0
0.0,9.463141297866219,40.0,23.0
7.0,9.533066666666658,43.0,24.0
2.0,3.8990833333333352,33.0,24.0
0.0,5.844850058219545,36.0,24.0
0.0,7.275657328480174,38.0,25.0
0.0,9.479555154176266,40.0,25.0
15.0,7.835999999999998,40.0,24.0
2.5,7.842833333333334,40.0,24.0
36.0,9.873000000000014,38.0,24.0
4.0,6.7716999999999965,37.0,24.0
3.5,6.879016296296294,38.0,24.0
1.0,5.857014393293549,37.0,24.0
5.0,6.208999999999999,38.0,24.0
0.0,6.299592803321601,38.0,23.0
0.0,5.0088366584839505,35.0,24.0
0.0,4.376817307692301,34.0,26.0
1.0,5.857014393293549,37.0,24.0
0.0,8.648882389602463,39.0,24.0
0.0,9.479555154176266,40.0,25.0
0.0,9.697846121933617,40.0,26.0
0.0,9.611143676986924,40.0,24.0
15.5,7.216166666666659,36.0,24.0
1.5,3.0358226190476234,33.0,24.0
0.0,3.846233484842383,33.0,23.0
0.0,4.875732354397967,35.0,23.0
23.5,6.105499999999999,34.0,23.0
3.0,3.2367499999999993,33.0,23.0
0.0,6.213022010503032,36.0,20.0
0.0,5.694139861948023,36.0,22.0
0.0,5.953031992849211,37.0,23.0
31.0,10.417000000000007,40.0,22.0
0.0,8.29400073566416,39.0,23.0
58.0,9.329999999999997,37.0,23.0
1.0,3.461504243927651,32.0,22.0
114.0,10.912999999999997,34.0,24.0
0.0,4.853148189291241,34.0,21.0
1.5,3.0428333333333324,33.0,21.0
34.0,6.005266666666668,34.0,24.0
0.0,2.717653879453879,30.0,23.0
25.0,3.372999999999999,31.0,23.0
3.5,2.87795,32.0,23.0
0.0,4.291658208050968,34.0,23.0
9.0,3.9838952380952373,34.0,23.0
0.0,4.875732354397967,35.0,23.0
0.0,4.875732354397967,35.0,23.0
0.0,5.694139861948023,36.0,22.0
0.0,5.2083164086106395,36.0,23.0
0.0,6.299592803321601,38.0,23.0
27.0,5.497599999999993,34.0,24.0
2.0,1.2219999999999986,29.0,24.0
4.0,3.5270833333333296,33.0,24.0
0.0,4.416783322943347,34.0,24.0
0.0,5.0088366584839505,35.0,24.0
0.0,9.19455886570445,39.0,25.0
0.0,4.403228319904399,34.0,25.0
0.0,5.2083164086106395,36.0,23.0
23.0,6.298999999999993,37.0,23.0
0.0,4.416783322943347,34.0,24.0
0.0,3.5937543238048106,32.0,23.0
24.0,4.396250000000002,33.0,24.0
0.0,3.5937543238048106,32.0,23.0
32.0,6.580000000000001,34.0,23.0
0.0,3.779913761190116,33.0,24.0
28.0,5.370333333333337,32.0,24.0
0.0,3.846233484842383,33.0,23.0
55.0,6.413000000000002,34.0,23.0
0.0,3.81701079835384,33.0,22.0
0.0,3.81701079835384,33.0,22.0
0.0,5.098277522789198,35.0,22.0
0.0,4.875732354397967,35.0,23.0
3.0,4.673283333333336,35.0,22.0
0.0,4.611146783493878,34.0,22.0
0.0,5.2083164086106395,36.0,23.0
0.0,4.875732354397967,35.0,23.0
0.0,5.953031992849211,37.0,23.0
1.0,5.857014393293549,37.0,24.0
0.0,7.053357913867189,38.0,24.0
1.0,4.753972832722839,35.0,25.0
38.0,4.098999999999998,30.0,24.0
0.0,3.81701079835384,33.0,22.0
0.0,4.7661408359786055,35.0,20.0
40.0,5.5769999999999955,35.0,21.0
2.0,3.7920499999999997,34.0,22.0
0.0,4.611146783493878,34.0,22.0
0.0,4.611146783493878,34.0,22.0
0.0,4.611146783493878,34.0,22.0
0.0,5.098277522789198,35.0,22.0
0.0,6.299592803321601,38.0,23.0
0.0,6.159893565838189,37.0,25.0
34.0,6.306666666666669,36.0,25.0
4.0,2.016666666666665,30.0,22.0
0.0,4.291658208050968,34.0,23.0
0.0,5.098277522789198,35.0,22.0
0.0,5.098277522789198,35.0,22.0
0.0,3.4527580446514263,32.0,24.0
6.0,3.701999999999998,34.0,22.0
6.0,2.8127857142857158,31.0,21.0
0.0,4.176466666666669,29.0,21.0
0.0,4.3663661664845,34.0,18.0
0.0,5.739058753649565,34.0,19.0
14.0,5.921203968253962,36.0,21.0
1.0,2.374000000000001,30.0,21.0
0.0,4.611146783493878,34.0,22.0
0.0,4.611146783493878,34.0,22.0
0.0,5.2083164086106395,36.0,23.0
0.0,4.875732354397967,35.0,23.0
0.0,5.098277522789198,35.0,22.0
0.0,4.7661408359786055,35.0,20.0
0.0,4.15634009869439,35.0,18.0
0.0,5.393500256048549,36.0,16.0
0.0,5.157584842848192,35.0,17.0
0.0,6.213022010503032,36.0,20.0
0.0,7.852693675988747,38.0,21.0
0.0,9.391670368603705,40.0,22.0
0.0,9.388586281496362,39.0,22.0
0.0,9.391670368603705,40.0,22.0
0.0,9.388586281496362,39.0,22.0
0.0,7.852693675988747,38.0,21.0
0.0,7.852693675988747,38.0,21.0
0.0,6.498882209663804,37.0,21.0
0.0,6.498882209663804,37.0,21.0
0.0,4.991196975942874,35.0,19.0
0.0,7.4273382556871335,37.0,18.0
2.0,7.393029473828546,40.0,17.0
0.0,9.172776301400699,40.0,17.0
7.0,5.542202745906535,36.0,19.0
0.0,7.4273382556871335,37.0,18.0
0.0,8.352323100244485,38.0,18.0
0.0,7.182214548171125,37.0,19.0
0.0,9.080873516796588,38.0,20.0
0.0,10.483039646464652,41.0,18.0
0.0,9.442647509293563,39.0,18.0
0.0,8.620519811270752,38.0,19.0
0.0,9.442647509293563,39.0,18.0
0.0,8.620519811270752,38.0,19.0
0.0,6.7754789248220595,37.0,14.0
0.0,6.152967971802493,37.0,11.0
0.0,8.451242882057743,39.0,12.0
0.0,8.124461060262771,38.0,13.0
0.0,7.576795900096636,38.0,14.0
0.0,5.393500256048549,36.0,16.0
0.0,5.436975325499805,35.0,14.0
1.0,8.103490913861469,38.0,12.0
0.0,7.3833159746303,37.0,13.0
0.0,5.081072623811221,34.0,16.0
0.0,4.797097580614331,35.0,12.0
0.0,6.708454185123205,36.0,13.0
0.0,7.367937944801364,36.0,14.0
0.0,6.708454185123205,36.0,13.0
0.0,8.274000877629584,38.0,12.0
0.0,8.274000877629584,38.0,12.0
0.0,4.670146039375533,35.0,13.0
0.0,6.179343186329533,36.0,12.0
0.0,9.792431564513919,40.0,13.0
0.0,8.124461060262771,38.0,13.0
0.0,4.3739142135642135,32.0,15.0
0.0,4.670146039375533,35.0,13.0
0.0,6.179343186329533,36.0,12.0
0.0,5.298161344781885,34.0,13.0
0.0,5.495071725763821,35.0,11.0
0.0,6.145437994250119,36.0,11.0
0.0,5.055095361344786,34.0,12.0
0.0,3.327484581094781,30.0,7.0
0.0,3.327484581094781,30.0,7.0
0.0,3.1055287091887247,30.0,9.0
2.0,2.367483333333336,30.0,10.0
1.5,1.4583333333333324,26.0,16.0
0.0,2.0955000000000026,22.0,10.0
0.0,2.945416666666667,23.0,5.0
0.0,3.080273196248198,27.0,5.0
0.0,4.363544705982574,30.0,5.0
0.0,3.9442007243349284,32.0,5.0
0.0,3.655281716231824,33.0,6.0
0.0,4.623040031446693,35.0,6.0
0.0,5.421590404792146,36.0,7.0
0.0,5.228830415417916,36.0,6.0
0.0,5.228830415417916,36.0,6.0
0.0,5.421590404792146,36.0,7.0
0.0,4.775033547008548,38.0,8.0
0.0,5.435956655280291,35.0,9.0
0.0,4.1647732738034575,33.0,8.0
0.0,4.1647732738034575,33.0,8.0
0.0,4.1647732738034575,33.0,8.0
0.0,4.160419930601922,35.0,8.0
0.0,8.124461060262771,38.0,13.0
0.0,8.124461060262771,38.0,13.0
0.0,7.367937944801364,36.0,14.0
0.0,4.27589186469114,32.0,11.0
0.0,3.655281716231824,33.0,6.0
0.0,3.7983215758140068,31.0,7.0
0.0,3.579493289352214,31.0,9.0
0.0,3.1224674722250585,32.0,12.0
0.0,7.3833159746303,37.0,13.0
0.0,8.620519811270752,38.0,19.0
0.0,5.739058753649565,34.0,19.0
0.0,2.869614444297533,28.0,12.0
0.0,2.4482568417589574,27.0,7.0
0.0,3.327484581094781,30.0,7.0
0.0,5.292681011010129,34.0,7.0
0.0,5.435956655280291,35.0,9.0
0.0,4.559009668243971,34.0,8.0
0.0,5.292681011010129,34.0,7.0
0.0,5.421590404792146,36.0,7.0
0.0,5.2840141413520225,35.0,7.0
0.0,6.579971188452072,37.0,9.0
0.0,4.160419930601922,35.0,8.0
0.0,4.160419930601922,35.0,8.0
0.0,4.060248048205252,33.0,9.0
0.0,3.118338699042645,30.0,10.0
0.0,4.018558786354195,32.0,10.0
0.0,2.4482568417589574,27.0,7.0
0.0,2.4482568417589574,27.0,7.0
0.0,2.801713359007357,27.0,6.0
0.0,2.7202322738664857,27.0,4.0
0.0,2.6918719486395957,28.0,5.0
0.0,2.7202322738664857,27.0,4.0
0.0,3.080273196248198,27.0,5.0
0.0,3.040629466577289,30.0,6.0
0.0,7.624000000000004,39.0,6.0
0.0,3.4766245999123466,29.0,9.0
0.0,2.433583649541892,28.0,11.0
0.0,3.6099705459043383,29.0,7.0
0.0,2.853105412601824,29.0,6.0
0.0,3.040629466577289,30.0,6.0
0.0,3.2801113840306555,29.0,8.0
4.0,1.4297078828828829,29.0,9.0
0.0,4.05159278452484,32.0,9.0
0.0,4.018558786354195,32.0,10.0
0.0,4.871263793931407,33.0,10.0
0.0,5.321904447693234,35.0,10.0
0.0,5.421590404792146,36.0,7.0
0.0,5.2840141413520225,35.0,7.0
0.0,5.2840141413520225,35.0,7.0
0.0,5.300649818563791,36.0,8.0
0.0,5.300649818563791,36.0,8.0
0.0,5.321904447693234,35.0,10.0
0.0,5.321904447693234,35.0,10.0
0.0,5.495071725763821,35.0,11.0
0.0,3.4010430118256334,29.0,10.0
0.0,2.801713359007357,27.0,6.0
0.0,2.4482568417589574,27.0,7.0
0.0,2.278514699530738,26.0,8.0
0.0,3.6099705459043383,29.0,7.0
20.0,2.7521666666666675,26.0,7.0
0.0,1.774746825396827,24.0,8.0
0.0,3.2003658863299838,30.0,8.0
0.0,5.6666328207611105,37.0,8.0
0.0,5.435956655280291,35.0,9.0
0.0,3.579493289352214,31.0,9.0
0.0,3.3116796492980707,32.0,13.0
0.0,5.435956655280291,35.0,9.0
0.0,3.775915530915238,32.0,7.0
0.0,4.160419930601922,35.0,8.0
0.0,4.060248048205252,33.0,9.0
0.0,4.060248048205252,33.0,9.0
0.0,6.579971188452072,37.0,9.0
0.0,5.435956655280291,35.0,9.0
0.0,6.145437994250119,36.0,11.0
0.0,4.314197363715256,33.0,12.0
0.0,4.797097580614331,35.0,12.0
0.0,5.495071725763821,35.0,11.0
0.0,7.304537949574011,37.0,12.0
0.0,4.060248048205252,33.0,9.0
0.0,6.152967971802493,37.0,11.0
0.0,7.7998361043396445,38.0,11.0
0.0,6.579971188452072,37.0,9.0
0.0,6.111302689728535,36.0,10.0
0.0,6.152967971802493,37.0,11.0
0.0,7.304537949574011,37.0,12.0
0.0,8.274000877629584,38.0,12.0
0.0,6.708454185123205,36.0,13.0
0.0,8.124461060262771,38.0,13.0
0.0,8.89903808252833,39.0,13.0
0.0,8.89903808252833,39.0,13.0
0.0,9.792431564513919,40.0,13.0
0.0,8.124461060262771,38.0,13.0
0.0,6.7754789248220595,37.0,14.0
0.0,6.145437994250119,36.0,11.0
0.0,6.179343186329533,36.0,12.0
0.0,4.933216811298396,34.0,11.0
0.0,5.452487078540986,34.0,9.0
0.0,4.160419930601922,35.0,8.0
0.0,4.160419930601922,35.0,8.0
0.0,4.05159278452484,32.0,9.0
0.0,6.145232564002319,36.0,9.0
0.0,3.1055287091887247,30.0,9.0
0.0,3.575943312466911,30.0,11.0
0.0,4.018558786354195,32.0,10.0
0.0,4.871263793931407,33.0,10.0
0.0,7.4077041114986795,38.0,10.0
0.0,7.7998361043396445,38.0,11.0
0.0,8.676143020868022,40.0,14.0
0.0,8.89903808252833,39.0,13.0
0.0,8.124461060262771,38.0,13.0
0.0,8.274000877629584,38.0,12.0
0.0,8.274000877629584,38.0,12.0
0.0,8.451242882057743,39.0,12.0
0.0,6.946015291816089,37.0,10.0
0.0,6.145437994250119,36.0,11.0
0.0,4.797097580614331,35.0,12.0
0.0,4.775033547008548,38.0,8.0
0.0,5.6666328207611105,37.0,8.0
0.0,7.3833159746303,37.0,13.0
0.0,8.124461060262771,38.0,13.0
0.0,7.576795900096636,38.0,14.0
0.0,7.453452981787733,36.0,17.0
0.0,8.620519811270752,38.0,19.0
0.0,9.320194721582649,39.0,20.0
0.0,8.620519811270752,38.0,19.0
0.0,7.367937944801364,36.0,14.0
0.0,6.708454185123205,36.0,13.0
0.0,4.670146039375533,35.0,13.0
0.0,4.844727948961775,34.0,15.0
0.0,4.018558786354195,32.0,10.0
0.0,4.853148189291241,34.0,21.0
0.0,8.60013315170811,38.0,16.0
0.0,7.6574636469657715,37.0,16.0
0.0,5.436975325499805,35.0,14.0
0.0,7.909863045704437,38.0,15.0
0.0,9.186104632363753,39.0,16.0
0.0,7.6574636469657715,37.0,16.0
0.0,3.56449794389477,32.0,16.0
0.0,4.0986722222222225,32.0,20.0
0.0,4.022424136484432,32.0,19.0
0.0,6.708454185123205,36.0,13.0
0.0,9.792431564513919,40.0,13.0
0.0,8.124461060262771,38.0,13.0
0.0,7.576795900096636,38.0,14.0
0.0,6.7754789248220595,37.0,14.0
0.0,5.086035918625203,33.0,14.0
0.0,4.402394309087884,32.0,18.0
0.0,4.350144859063591,35.0,16.0
0.0,4.677037556971417,33.0,16.0
0.0,5.081072623811221,34.0,16.0
0.0,8.60013315170811,38.0,16.0
0.0,8.60013315170811,38.0,16.0
0.0,8.60013315170811,38.0,16.0
0.0,8.60013315170811,38.0,16.0
0.0,7.406279126429129,38.0,17.0
0.0,5.157584842848192,35.0,17.0
0.0,10.322135790516672,40.0,19.0
0.0,9.172776301400699,40.0,17.0
0.0,8.352323100244485,38.0,18.0
0.0,8.620519811270752,38.0,19.0
0.0,8.74196533980725,39.0,19.0
0.0,7.182214548171125,37.0,19.0
0.0,8.60013315170811,38.0,16.0
0.0,8.60013315170811,38.0,16.0
0.0,6.981015059945424,37.0,15.0
0.0,9.186104632363753,39.0,16.0
0.0,8.352323100244485,38.0,18.0
0.0,9.320194721582649,39.0,20.0
0.0,6.299592803321601,38.0,23.0
0.0,7.7864374831290375,40.0,21.0
0.0,9.998751998001996,40.0,20.0
0.0,6.616128484930962,37.0,20.0
0.0,5.2083164086106395,36.0,23.0
0.0,6.299592803321601,38.0,23.0
0.0,9.611143676986924,40.0,24.0
0.0,6.825145113200474,37.0,24.0
0.0,6.159893565838189,37.0,25.0
0.0,7.275657328480174,38.0,25.0
0.0,9.479555154176266,40.0,25.0
0.0,8.648882389602463,39.0,24.0
0.0,8.648882389602463,39.0,24.0
0.0,6.299592803321601,38.0,23.0
0.0,5.953031992849211,37.0,23.0
0.0,6.299592803321601,38.0,23.0
0.0,8.29400073566416,39.0,23.0
0.0,9.19455886570445,39.0,25.0
0.0,7.275657328480174,38.0,25.0
0.0,9.19455886570445,39.0,25.0
0.0,9.19455886570445,39.0,25.0
1.0,4.753972832722839,35.0,25.0
0.0,7.275657328480174,38.0,25.0
0.0,9.479555154176266,40.0,25.0
0.0,6.159893565838189,37.0,25.0
0.0,7.120714285714286,39.0,26.0
20.0,7.182000000000009,39.0,25.0
1.0,7.976848991422212,40.0,24.0
0.0,8.648882389602463,39.0,24.0
1.0,7.273341580498964,39.0,25.0
36.0,10.958000000000006,40.0,24.0
7.0,6.704000000000008,37.0,23.0
3.0,7.045666666666663,35.0,23.0
0.0,5.953031992849211,37.0,23.0
10.0,4.187000000000001,34.0,24.0
1.0,3.9021718253968265,35.0,24.0
4.5,4.952999999999992,36.0,24.0
0.0,4.973794627622233,35.0,25.0
0.0,7.053357913867189,38.0,24.0
0.0,7.053357913867189,38.0,24.0
10.5,5.513000000000004,37.0,24.0
74.0,9.33200000000001,35.0,23.0
2.0,7.1947023809523785,35.0,23.0
0.0,6.825145113200474,37.0,24.0
1.0,3.9021718253968265,35.0,24.0
0.0,5.844850058219545,36.0,24.0
0.0,4.416783322943347,34.0,24.0
15.5,4.977149999999998,36.0,23.0
27.0,5.474000000000005,36.0,23.0
49.0,7.954999999999997,35.0,24.0
1.5,2.4439666666666646,31.0,22.0
0.0,4.291658208050968,34.0,23.0
0.0,5.2083164086106395,36.0,23.0
0.0,5.953031992849211,37.0,23.0
0.0,6.825145113200474,37.0,24.0
5.0,5.916999999999993,38.0,25.0
2.0,5.085633333333338,35.0,24.0
0.0,4.875732354397967,35.0,23.0
0.0,5.0088366584839505,35.0,24.0
0.0,5.288376094028688,36.0,25.0
0.0,6.159893565838189,37.0,25.0
40.0,7.004000000000002,37.0,25.0
1.0,4.5263416666666645,35.0,23.0
0.0,5.0088366584839505,35.0,24.0
0.0,6.825145113200474,37.0,24.0
3.0,5.7955166666666695,37.0,24.0
0.0,3.4527580446514263,32.0,24.0
0.0,5.0088366584839505,35.0,24.0
1.0,3.371699999999999,34.0,24.0
0.0,4.973794627622233,35.0,25.0
0.0,5.0088366584839505,35.0,24.0
6.5,3.4459999999999997,33.0,24.0
0.0,5.0088366584839505,35.0,24.0
0.0,5.0088366584839505,35.0,24.0
0.0,5.2083164086106395,36.0,23.0
0.0,5.2083164086106395,36.0,23.0
14.0,5.4990000000000006,37.0,23.0
0.0,3.846233484842383,33.0,23.0
27.0,5.474000000000005,36.0,23.0
3.0,4.673283333333336,35.0,22.0
0.0,4.291658208050968,34.0,23.0
2.0,4.748533333333336,36.0,24.0
0.0,4.416783322943347,34.0,24.0
0.0,7.275657328480174,38.0,25.0
0.0,5.953031992849211,37.0,23.0
3.5,9.056166666666666,39.0,24.0
0.0,5.844850058219545,36.0,24.0
0.0,4.611146783493878,34.0,22.0
12.0,5.713999999999994,36.0,22.0
6.5,4.019999999999994,33.0,22.0
11.0,4.163000000000001,32.0,22.0
0.0,3.7142251710549075,32.0,22.0
13.0,3.1960345238095234,34.0,23.0
0.0,3.7142251710549075,32.0,22.0
0.0,5.098277522789198,35.0,22.0
0.0,6.825145113200474,37.0,24.0
0.0,5.0088366584839505,35.0,24.0
0.0,5.844850058219545,36.0,24.0
0.0,7.502148972548777,37.0,26.0
0.0,3.901439285714286,35.0,26.0
0.0,5.2083164086106395,36.0,23.0
0.0,4.875732354397967,35.0,23.0
0.0,4.973794627622233,35.0,25.0
29.5,6.35733333333333,35.0,25.0
0.0,4.611146783493878,34.0,22.0
0.0,4.875732354397967,35.0,23.0
0.0,5.098277522789198,35.0,22.0
61.0,9.280999999999993,36.0,23.0
0.0,4.853148189291241,34.0,21.0
0.0,4.755155011435458,35.0,21.0
0.0,3.81701079835384,33.0,22.0
0.0,3.7142251710549075,32.0,22.0
0.0,4.755155011435458,35.0,21.0
0.0,5.7811185555283915,36.0,21.0
0.0,6.498882209663804,37.0,21.0
0.0,7.852693675988747,38.0,21.0
0.0,3.9929282099359598,33.0,21.0
0.0,6.698510645974202,37.0,22.0
0.0,7.641604956154957,38.0,22.0
0.0,5.953031992849211,37.0,23.0
0.0,11.127213095238096,42.0,24.0
0.0,8.29400073566416,39.0,23.0
86.0,11.972999999999999,36.0,24.0
0.0,3.81701079835384,33.0,22.0
0.0,5.098277522789198,35.0,22.0
9.5,5.8729999999999976,36.0,22.0
0.0,3.3708750271787045,30.0,22.0
6.0,5.774999999999997,35.0,22.0
0.0,5.098277522789198,35.0,22.0
0.0,5.098277522789198,35.0,22.0
0.0,5.953031992849211,37.0,23.0
0.0,9.998751998001996,40.0,20.0
0.0,9.320194721582649,39.0,20.0
0.0,9.320194721582649,39.0,20.0
0.0,7.852693675988747,38.0,21.0
3.5,5.907363892239512,36.0,20.0
0.0,5.13271526765551,36.0,19.0
0.0,10.322135790516672,40.0,19.0
0.0,9.626043284493282,41.0,16.0
0.0,10.020157142857132,42.0,16.0
0.0,9.787675367036234,40.0,15.0
0.0,7.909863045704437,38.0,15.0
0.0,7.406279126429129,38.0,17.0
0.0,7.6574636469657715,37.0,16.0
0.0,5.418306441239183,35.0,15.0
0.0,5.157584842848192,35.0,17.0
0.0,5.418306441239183,35.0,15.0
0.0,4.844727948961775,34.0,15.0
0.0,7.6574636469657715,37.0,16.0
0.0,9.186104632363753,39.0,16.0
0.0,8.60013315170811,38.0,16.0
0.0,9.251313980463982,40.0,16.0
0.0,7.6574636469657715,37.0,16.0
0.0,7.6574636469657715,37.0,16.0
0.0,7.182214548171125,37.0,19.0
0.0,5.7380670773139695,36.0,18.0
0.0,4.350144859063591,35.0,16.0
0.0,7.6574636469657715,37.0,16.0
0.0,9.186104632363753,39.0,16.0
0.0,9.251313980463982,40.0,16.0
0.0,9.626043284493282,41.0,16.0
0.0,9.186104632363753,39.0,16.0
0.0,7.367937944801364,36.0,14.0
0.0,6.708454185123205,36.0,13.0
0.0,6.145232564002319,36.0,9.0
0.0,5.321904447693234,35.0,10.0
0.0,5.321904447693234,35.0,10.0
0.0,5.495071725763821,35.0,11.0
0.0,7.4077041114986795,38.0,10.0
0.0,5.300649818563791,36.0,8.0
0.0,5.435956655280291,35.0,9.0
0.0,8.950807142857142,40.0,9.0
0.0,5.495071725763821,35.0,11.0
0.0,6.111302689728535,36.0,10.0
0.0,5.482939304402774,34.0,10.0
0.0,5.055095361344786,34.0,12.0
0.0,5.055095361344786,34.0,12.0
0.0,4.314197363715256,33.0,12.0
0.0,4.339513694335719,32.0,14.0
0.0,5.298161344781885,34.0,13.0
0.0,5.298161344781885,34.0,13.0
0.0,4.797097580614331,35.0,12.0
1.0,4.39648883515161,34.0,12.0
0.0,2.6073215367965368,26.0,12.0
0.0,3.0851060049171455,28.0,8.0
0.0,2.901285064935063,32.0,2.0
0.0,3.469945937395937,32.0,3.0
0.0,3.579493289352214,31.0,9.0
0.0,4.060248048205252,33.0,9.0
0.0,3.118338699042645,30.0,10.0
2.5,1.5440000000000014,26.0,15.0
0.0,2.7196533964401617,27.0,12.0
0.0,2.1813234598734605,26.0,10.0
0.0,3.4766245999123466,29.0,9.0
0.0,4.05159278452484,32.0,9.0
0.0,3.4804301226551204,29.0,13.0
0.0,5.2840141413520225,35.0,7.0
8.0,1.3340000000000003,19.0,7.0
0.0,2.7568088189588194,30.0,13.0
0.0,4.797097580614331,35.0,12.0
0.0,4.797097580614331,35.0,12.0
0.0,6.708454185123205,36.0,13.0
0.0,3.959429033365041,33.0,13.0
0.0,5.298161344781885,34.0,13.0
0.0,4.933216811298396,34.0,11.0
0.0,4.314197363715256,33.0,12.0
0.0,3.3116796492980707,32.0,13.0
0.0,4.9615926561901365,34.0,14.0
0.0,5.482939304402774,34.0,10.0
0.0,4.060248048205252,33.0,9.0
0.0,4.060248048205252,33.0,9.0
0.0,4.018558786354195,32.0,10.0
0.0,4.871263793931407,33.0,10.0
0.0,5.321904447693234,35.0,10.0
0.0,4.05159278452484,32.0,9.0
0.0,5.482939304402774,34.0,10.0
0.0,5.482939304402774,34.0,10.0
0.0,4.018558786354195,32.0,10.0
0.0,4.039758847310535,32.0,8.0
0.0,3.8370434569561285,33.0,7.0
0.0,3.8370434569561285,33.0,7.0
0.0,5.292681011010129,34.0,7.0
0.0,5.292681011010129,34.0,7.0
0.0,3.5775136337896316,32.0,6.0
0.0,3.377277469091899,31.0,6.0
0.0,3.377277469091899,31.0,6.0
0.0,3.5775136337896316,32.0,6.0
0.0,3.040629466577289,30.0,6.0
0.0,3.8887187982577625,31.0,5.0
0.0,3.8887187982577625,31.0,5.0
0.0,2.901285064935063,32.0,2.0
0.0,3.0784523809523794,33.0,2.0
0.0,3.469945937395937,32.0,3.0
0.0,3.7873727439227425,33.0,4.0
0.0,3.7873727439227425,33.0,4.0
0.0,3.5689666666666686,37.0,4.0
0.0,5.470023809523801,38.0,6.0
0.0,6.145232564002319,36.0,9.0
0.0,3.118338699042645,30.0,10.0
2.0,,31.0,
0.0,5.157584842848192,35.0,17.0
0.0,2.9557189393939383,30.0,16.0
0.0,4.797097580614331,35.0,12.0
0.0,4.933216811298396,34.0,11.0
0.0,3.1224674722250585,32.0,12.0
0.0,3.3116796492980707,32.0,13.0
0.0,3.56449794389477,32.0,16.0
0.0,3.257029884004885,31.0,17.0
0.0,4.871263793931407,33.0,10.0
0.0,4.05159278452484,32.0,9.0
0.0,4.1647732738034575,33.0,8.0
0.0,3.52657730025603,31.0,8.0
0.0,6.152967971802493,37.0,11.0
0.0,8.124461060262771,38.0,13.0
0.0,6.7754789248220595,37.0,14.0
0.0,7.367937944801364,36.0,14.0
0.0,4.9615926561901365,34.0,14.0
2.0,1.350333333333333,23.0,16.0
0.0,3.945287839937841,28.0,14.0
0.0,3.2003658863299838,30.0,8.0
0.0,3.2003658863299838,30.0,8.0
0.0,4.039758847310535,32.0,8.0
0.0,3.2003658863299838,30.0,8.0
0.0,3.7983215758140068,31.0,7.0
0.0,3.7983215758140068,31.0,7.0
0.0,2.278514699530738,26.0,8.0
0.0,1.188601082251083,24.0,11.0
0.0,4.846008488288955,33.0,11.0
0.0,5.321904447693234,35.0,10.0
0.0,5.482939304402774,34.0,10.0
0.0,6.152967971802493,37.0,11.0
0.0,6.111302689728535,36.0,10.0
0.0,6.946015291816089,37.0,10.0
0.0,6.111302689728535,36.0,10.0
0.0,5.321904447693234,35.0,10.0
0.0,5.321904447693234,35.0,10.0
0.0,6.111302689728535,36.0,10.0
0.0,9.039566666666666,40.0,10.0
0.0,9.040851368076373,39.0,11.0
0.0,5.055095361344786,34.0,12.0
0.0,4.314197363715256,33.0,12.0
0.0,3.19850476698604,31.0,12.0
0.0,5.298161344781885,34.0,13.0
0.0,6.145437994250119,36.0,11.0
0.0,5.495071725763821,35.0,11.0
0.0,4.160419930601922,35.0,8.0
0.0,6.3503926073926085,38.0,9.0
0.0,5.300649818563791,36.0,8.0
0.0,6.111302689728535,36.0,10.0
0.0,8.618398015873016,40.0,11.0
0.0,7.304537949574011,37.0,12.0
0.0,8.618398015873016,40.0,11.0
0.0,7.7998361043396445,38.0,11.0
0.0,2.433583649541892,28.0,11.0
0.0,3.8370434569561285,33.0,7.0
0.0,4.978572768897767,36.0,5.0
0.0,5.76339523809524,37.0,5.0
0.0,4.775033547008548,38.0,8.0
0.0,8.274000877629584,38.0,12.0
0.0,6.145437994250119,36.0,11.0
0.0,6.145437994250119,36.0,11.0
0.0,7.304537949574011,37.0,12.0
0.0,6.152967971802493,37.0,11.0
0.0,5.495071725763821,35.0,11.0
0.0,5.495071725763821,35.0,11.0
0.0,5.482939304402774,34.0,10.0
0.0,5.482939304402774,34.0,10.0
0.0,5.495071725763821,35.0,11.0
0.0,7.576795900096636,38.0,14.0
0.0,5.157584842848192,35.0,17.0
0.0,4.797097580614331,35.0,12.0
0.0,6.179343186329533,36.0,12.0
0.0,7.304537949574011,37.0,12.0
0.0,6.179343186329533,36.0,12.0
0.0,7.7998361043396445,38.0,11.0
0.0,7.7998361043396445,38.0,11.0
0.0,7.7998361043396445,38.0,11.0
0.0,6.238801082200549,36.0,15.0
0.0,7.3833159746303,37.0,13.0
0.0,4.670146039375533,35.0,13.0
0.0,8.641771345182427,39.0,15.0
0.0,7.576795900096636,38.0,14.0
0.0,9.463857142857144,41.0,14.0
0.0,9.463857142857144,41.0,14.0
0.0,8.641771345182427,39.0,15.0
0.0,5.393500256048549,36.0,16.0
0.0,5.393500256048549,36.0,16.0
0.0,7.3833159746303,37.0,13.0
,,,
